2026-07-22 21:17:43 procs -----------memory---------- ---swap-- -----io---- -system-- ------cpu-----
2026-07-22 21:17:43  r  b   swpd   free   buff  cache   si   so    bi    bo   in   cs us sy id wa st
2026-07-22 21:17:43  1  0      0 3347196   2104 205960    0    0    43     2   62   86  0  0 99  0  0
2026-07-22 21:17:48  0  0      0 3346944   2104 205960    0    0     2     0  110  160  0  0 100  0  0
2026-07-22 21:17:53  0  0      0 3346944   2104 205960    0    0     0     0  109  156  0  0 100  0  0
2026-07-22 21:17:58  0  0      0 3346944   2104 205960    0    0     0     0  103  152  0  0 100  0  0
2026-07-22 21:18:03  0  0      0 3340496   2104 210160    0    0   837     0  172  212  0  1 97  0  2
2026-07-22 21:18:08  0  0      0 3342256   2104 210208    0    0     0    13  136  185  0  0 100  0  0
2026-07-22 21:18:13  0  0      0 3342256   2104 210208    0    0     0     0  105  151  0  0 100  0  0
2026-07-22 21:18:18  0  0      0 3342256   2104 210208    0    0     0     0  103  151  0  0 100  0  0
2026-07-22 21:18:23  0  0      0 3342368   2104 210208    0    0     0     0  124  165  0  0 100  0  0
2026-07-22 21:18:28  0  0      0 3342368   2104 210208    0    0     0     0  103  153  0  0 100  0  0
2026-07-22 21:18:33  0  0      0 3342368   2104 210208    0    0     0     0  105  153  0  0 100  0  0
2026-07-22 21:18:38  0  0      0 3342172   2104 210212    0    0     0    31  166  213  0  0 100  0  0
2026-07-22 21:18:43  0  0      0 3342172   2104 210216    0    0     0     4  127  170  0  0 100  0  0
2026-07-22 21:18:48  0  0      0 3342172   2104 210216    0    0     0     0  113  157  0  0 100  0  0
2026-07-22 21:18:53  0  0      0 3342144   2104 210216    0    0     0     2  131  171  0  0 100  0  0
2026-07-22 21:18:58  0  0      0 3342144   2104 210216    0    0     0     2  107  152  0  0 100  0  0
2026-07-22 21:19:03  0  0      0 3340292   2104 210224    0    0     0     0  158  201  0  1 97  0  2
2026-07-22 21:19:08  0  0      0 3341984   2104 210244    0    0     0    12  130  181  0  0 100  0  0
2026-07-22 21:19:13  0  0      0 3341984   2104 210244    0    0     0     0  109  156  0  0 100  0  0
2026-07-22 21:19:18  0  0      0 3342068   2104 210244    0    0     0     0  120  168  0  0 100  0  0
2026-07-22 21:19:23  0  0      0 3342068   2104 210244    0    0     0     0  105  153  0  0 100  0  0
2026-07-22 21:19:28 procs -----------memory---------- ---swap-- -----io---- -system-- ------cpu-----
2026-07-22 21:19:28  r  b   swpd   free   buff  cache   si   so    bi    bo   in   cs us sy id wa st
2026-07-22 21:19:28  0  0      0 3342068   2104 210244    0    0     0     0  108  154  0  0 100  0  0
2026-07-22 21:19:33  0  0      0 3342068   2104 210244    0    0     0     0  104  153  0  0 100  0  0
2026-07-22 21:19:38  0  0      0 3342096   2104 210244    0    0     0    22  120  165  0  0 100  0  0
2026-07-22 21:19:43  0  0      0 3342096   2104 210244    0    0     0     2  112  158  0  0 100  0  0
2026-07-22 21:19:48  0  0      0 3342096   2104 210244    0    0     0     0  102  152  0  0 100  0  0
2026-07-22 21:19:53  0  0      0 3341932   2104 210284    0    0     6     3  125  173  0  0 100  0  0
2026-07-22 21:19:58  0  0      0 3341932   2104 210284    0    0     0     1  110  157  0  0 100  0  0
2026-07-22 21:20:03  0  0      0 3339656   2104 210500    0    0     0     0  291  303  1  1 92  0  6
2026-07-22 21:20:08  0  0      0 3341560   2104 210504    0    0     0    19  145  190  0  0 99  0  0
2026-07-22 21:20:13  0  0      0 3341560   2104 210504    0    0     0     0  105  154  0  0 100  0  0
2026-07-22 21:20:18  1  0      0 3341560   2104 210504    0    0     0     0  108  153  0  0 100  0  0
2026-07-22 21:20:23  0  0      0 3341560   2104 210504    0    0     0     0  111  155  0  0 100  0  0
2026-07-22 21:20:28  0  0      0 3341560   2104 210504    0    0     0     0  107  151  0  0 100  0  0
2026-07-22 21:20:33  1  0      0 3341592   2104 210536    0    0     3     0  140  187  0  0 100  0  0
2026-07-22 21:20:38  0  0      0 3341528   2104 210536    0    0     0    60  120  166  0  0 100  0  0
2026-07-22 21:20:43  0  0      0 3341500   2104 210540    0    0     0     0  112  158  0  0 100  0  0
2026-07-22 21:20:48  0  0      0 3341500   2104 210540    0    0     0     1  110  157  0  0 100  0  0
2026-07-22 21:20:53  1  0      0 3339252   2104 210556    0    0     0    12  228  276  0  0 100  0  0
2026-07-22 21:20:58  0  0      0 3330516   2104 210608    0    0     0    26  501  571  0  0 99  0  0
2026-07-22 21:21:03  0  0      0 3328352   2104 210644    0    0     0    41  583  652  1  1 97  0  2
2026-07-22 21:21:08  0  0      0 3330004   2104 210724    0    0     0    49  530  617  0  1 99  0  0
2026-07-22 21:21:13 procs -----------memory---------- ---swap-- -----io---- -system-- ------cpu-----
2026-07-22 21:21:13  r  b   swpd   free   buff  cache   si   so    bi    bo   in   cs us sy id wa st
2026-07-22 21:21:13  0  0      0 3327956   2104 210764    0    0     0    43  516  563  0  0 99  0  0
2026-07-22 21:21:18  0  0      0 3327912   2104 210836    0    0     0    39  432  523  0  1 99  0  0
2026-07-22 21:21:23  0  0      0 3323732   2104 210892    0    0     0   125  556  634  1  0 99  0  0
2026-07-22 21:21:28  0  0      0 3323704   2104 210948    0    0     0    48  501  589  0  0 99  0  0
2026-07-22 21:21:33  0  0      0 3323648   2104 210988    0    0     0    68  506  572  0  0 99  0  0
2026-07-22 21:21:38  0  0      0 3323536   2104 211048    0    0     0    50  414  514  0  0 99  0  0
2026-07-22 21:21:43  0  0      0 3321404   2104 211104    0    0     0    56  530  610  1  0 99  0  0
2026-07-22 21:21:48  0  0      0 3321348   2104 211144    0    0     0    56  502  593  0  1 99  0  0
2026-07-22 21:21:53  0  0      0 3321236   2104 211228    0    0     0    65  529  612  0  1 99  0  0
2026-07-22 21:21:58  0  0      0 3321180   2104 211268    0    0     0    67  471  546  0  0 99  0  0
2026-07-22 21:22:03  0  0      0 3316804   2104 211332    0    0     0   126  472  563  1  1 97  0  1
2026-07-22 21:22:08  0  0      0 3316888   2104 211392    0    0     0    72  519  609  1  1 99  0  0
2026-07-22 21:22:13  0  0      0 3316832   2104 211440    0    0     0    79  520  612  1  1 99  0  0
2026-07-22 21:22:18  0  0      0 3316804   2104 211500    0    0     0    74  499  569  0  0 99  0  0
2026-07-22 21:22:23  0  0      0 3312252   2104 211564    0    0     0    48  412  521  1  0 99  0  0
2026-07-22 21:22:28  0  0      0 3312196   2104 211620    0    0     0    50  487  576  0  0 99  0  0
2026-07-22 21:22:33  0  0      0 3312084   2104 211688    0    0     0    97  539  635  1  1 99  0  0
2026-07-22 21:22:38  0  0      0 3311972   2104 211748    0    0     0   169  498  605  1  0 99  0  0
2026-07-22 21:22:43  0  0      0 3311888   2104 211792    0    0     0    97  503  577  1  1 99  0  0
2026-07-22 21:22:48  0  0      0 3311860   2104 211840    0    0     0    54  430  536  0  0 99  0  0
2026-07-22 21:22:53  0  0      0 3311720   2104 211920    0    0     0    79  511  606  1  1 99  0  0
2026-07-22 21:22:58 procs -----------memory---------- ---swap-- -----io---- -system-- ------cpu-----
2026-07-22 21:22:58  r  b   swpd   free   buff  cache   si   so    bi    bo   in   cs us sy id wa st
2026-07-22 21:22:58  0  0      0 3303464   2104 220208    0    0     0    88  509  611  0  1 99  0  0
2026-07-22 21:23:03  0  0      0 3303224   2104 220324    0    0     0    78  565  612  1  1 95  0  3
2026-07-22 21:23:08  0  0      0 3303028   2104 220604    0    0     0   125  394  498  0  0 99  0  0
2026-07-22 21:23:13  0  0      0 3302468   2104 221124    0    0     0   108  537  632  1  1 99  0  0
2026-07-22 21:23:18  0  0      0 3301964   2104 221536    0    0     0    97  520  618  1  1 99  0  0
2026-07-22 21:23:23  0  0      0 3301376   2104 222100    0    0     0    87  504  611  0  1 99  0  0
2026-07-22 21:23:28  0  0      0 3300956   2104 222508    0    0     0    90  482  560  1  0 99  0  0
2026-07-22 21:23:33  0  0      0 3300480   2104 222908    0    0     0    63  411  523  0  0 99  0  0
2026-07-22 21:23:38  0  0      0 3299864   2104 223452    0    0     0   117  521  625  1  1 99  0  0
2026-07-22 21:23:43  0  0      0 3299332   2104 223992    0    0     0   184  539  638  1  1 99  0  0
2026-07-22 21:23:48  0  0      0 3296780   2104 224532    0    0     0   116  500  578  0  1 99  0  0
2026-07-22 21:23:53  0  0      0 3254604   2104 230436    0    0   956    94  664  713  5  1 93  1  0
2026-07-22 21:23:58  0  0      0 3249948   2104 230932    0    0     0    90  520  605  1  1 99  0  0
2026-07-22 21:24:03  0  0      0 3249088   2104 231424    0    0     0    88  621  691  1  1 94  0  4
2026-07-22 21:24:08  0  0      0 3284676   2104 232124    0    0    44    99  498  601  2  1 98  0  0
2026-07-22 21:24:13  0  0      0 3284136   2104 232564    0    0     0   106  458  530  0  0 99  0  0
2026-07-22 21:24:18  0  0      0 3283716   2104 233040    0    0     0   144  419  530  0  0 99  0  0
2026-07-22 21:24:23  0  0      0 3283096   2104 233552    0    0     0   189  526  627  0  1 99  0  0
2026-07-22 21:24:28  0  0      0 3282536   2104 234136    0    0     0    96  506  609  0  1 99  0  0
2026-07-22 21:24:33  0  0      0 3281976   2104 234620    0    0     0    97  459  523  1  0 99  0  0
2026-07-22 21:24:38  0  0      0 3281556   2104 235036    0    0     0   121  417  533  1  0 99  0  0
2026-07-22 21:24:43 procs -----------memory---------- ---swap-- -----io---- -system-- ------cpu-----
2026-07-22 21:24:43  r  b   swpd   free   buff  cache   si   so    bi    bo   in   cs us sy id wa st
2026-07-22 21:24:43  0  0      0 3280856   2104 235724    0    0     0   132  532  632  1  1 99  0  0
2026-07-22 21:24:48  0  0      0 3280324   2104 236228    0    0     0   168  488  593  0  0 99  0  0
2026-07-22 21:24:53  0  0      0 3279644   2104 236880    0    0     0   133  541  637  1  1 99  0  0
2026-07-22 21:24:58  0  0      0 3272292   2104 244116    0    0     0   121  449  499  1  1 99  0  0
2026-07-22 21:25:03  0  0      0 3271828   2104 244540    0    0     0    60  450  512  1  1 94  0  4
2026-07-22 21:25:08  0  0      0 3271568   2104 245052    0    0     0   130  474  561  1  0 99  0  0
2026-07-22 21:25:13  0  0      0 3270980   2104 245592    0    0     0   114  504  596  1  1 99  0  0
2026-07-22 21:25:18  0  0      0 3270804   2104 245672    0    0     0   112  466  543  1  0 99  0  0
2026-07-22 21:25:23  0  0      0 3270608   2104 245804    0    0     0    71  391  494  1  0 99  0  0
2026-07-22 21:25:28  0  0      0 3270468   2104 245868    0    0     0   200  509  607  1  1 99  0  0
2026-07-22 21:25:33  0  0      0 3270384   2104 245940    0    0     0   132  515  615  1  1 99  0  0
2026-07-22 21:25:38  0  0      0 3270272   2104 246004    0    0     0   124  496  596  1  1 99  0  0
2026-07-22 21:25:43  0  0      0 3269796   2104 246432    0    0     0   128  471  543  1  1 99  0  0
2026-07-22 21:25:48  0  0      0 3269292   2104 247000    0    0     0    88  427  538  0  0 99  0  0
2026-07-22 21:25:53  0  0      0 3268528   2104 247764    0    0     0   138  575  675  1  1 98  0  0
2026-07-22 21:25:58  0  0      0 3267632   2104 248604    0    0     0   233  539  650  1  1 99  0  0
2026-07-22 21:26:03  0  0      0 3266708   2104 249284    0    0     0   144  525  574  1  1 95  0  3
2026-07-22 21:26:08  0  0      0 3266364   2104 249740    0    0     0    85  386  491  1  0 99  0  0
2026-07-22 21:26:13  0  0      0 3265608   2104 250460    0    0     0   143  519  628  1  0 99  0  0
2026-07-22 21:26:18  0  0      0 3264824   2104 251192    0    0     0   137  517  609  1  1 99  0  0
2026-07-22 21:26:23  0  0      0 3255764   2104 260204    0    0     0   156  505  601  1  1 99  0  0
2026-07-22 21:26:28 procs -----------memory---------- ---swap-- -----io---- -system-- ------cpu-----
2026-07-22 21:26:28  r  b   swpd   free   buff  cache   si   so    bi    bo   in   cs us sy id wa st
2026-07-22 21:26:28  0  0      0 3255148   2104 260708    0    0     0   194  459  529  0  1 99  0  0
2026-07-22 21:26:33  0  0      0 3254664   2104 261252    0    0     0    92  409  515  0  0 99  0  0
2026-07-22 21:26:38  0  0      0 3253940   2104 261956    0    0     0   182  511  615  0  0 99  0  0
2026-07-22 21:26:43  0  0      0 3253184   2104 262716    0    0     0   147  523  630  1  1 99  0  0
2026-07-22 21:26:48  0  0      0 3252392   2104 263436    0    0     0   155  493  562  0  1 99  0  0
2026-07-22 21:26:53  0  0      0 3251692   2104 264128    0    0     0   115  431  534  0  0 99  0  0
2026-07-22 21:26:58  0  0      0 3250628   2104 265184    0    0     0   218  595  698  1  1 99  0  0
2026-07-22 21:27:03  0  0      0 3249096   2104 266488    0    0     0   327  698  779  1  1 95  0  3
2026-07-22 21:27:08  0  0      0 3248088   2104 267676    0    0     0   263  625  714  1  1 98  0  0
2026-07-22 21:27:13  0  0      0 3246856   2104 268796    0    0     0   226  544  631  1  1 98  0  0
2026-07-22 21:27:18  0  0      0 3245756   2104 269832    0    0     0   192  554  673  1  1 98  0  0
2026-07-22 21:27:23  0  0      0 3244544   2104 270988    0    0     0   240  582  657  1  1 98  0  0
2026-07-22 21:27:28  0  0      0 3243200   2104 272328    0    0     0   251  613  697  1  1 98  0  0
2026-07-22 21:27:33  0  0      0 3241968   2104 273448    0    0     0   329  527  599  1  1 98  0  0
2026-07-22 21:27:38  0  0      0 3241324   2104 274068    0    0     0   242  564  679  1  1 98  0  0
2026-07-22 21:27:43  0  0      0 3240960   2104 274364    0    0     0   254  606  704  1  1 98  0  0
2026-07-22 21:27:48  0  0      0 3239720   2104 275604    0    0     0   254  618  705  1  1 98  0  0
2026-07-22 21:27:53  0  0      0 3238144   2104 277032    0    0     0   300  640  734  1  1 98  1  0
2026-07-22 21:27:58  0  0      0 3236856   2104 278364    0    0     0   235  556  640  0  0 99  0  0
2026-07-22 21:28:03  0  0      0 3234196   2104 279168    0    0     0   242  536  616  1  1 94  0  3
2026-07-22 21:28:08  0  0      0 3226704   2104 288524    0    0     0   239  601  698  1  1 98  0  0
2026-07-22 21:28:13 procs -----------memory---------- ---swap-- -----io---- -system-- ------cpu-----
2026-07-22 21:28:13  r  b   swpd   free   buff  cache   si   so    bi    bo   in   cs us sy id wa st
2026-07-22 21:28:13  0  0      0 3225416   2104 289792    0    0     0   258  580  664  1  1 98  0  0
2026-07-22 21:28:18  0  0      0 3224036   2104 291108    0    0     0   261  537  621  1  1 98  0  0
2026-07-22 21:28:23  0  0      0 3222804   2104 292300    0    0     0   231  566  678  1  1 99  0  0
2026-07-22 21:28:28  0  0      0 3221116   2104 293908    0    0     0   317  623  733  1  1 98  1  0
2026-07-22 21:28:33  0  0      0 3219604   2104 295376    0    0     0   379  629  729  1  1 98  0  0
2026-07-22 21:28:38  0  0      0 3218252   2104 296532    0    0     0   275  584  666  1  1 98  0  0
2026-07-22 21:28:43  0  0      0 3216796   2104 298008    0    0     0   265  521  586  1  1 98  0  0
2026-07-22 21:28:48  0  0      0 3215592   2104 299144    0    0     0   222  527  624  1  1 98  0  0
2026-07-22 21:28:53  0  0      0 3213904   2104 300804    0    0     0   326  613  713  1  1 98  0  0
2026-07-22 21:28:58  0  0      0 3212252   2104 302440    0    0     0   325  586  664  1  1 98  1  0
2026-07-22 21:29:03  1  0      0 3209192   2104 303616    0    0     0   231  510  550  1  1 94  0  4
2026-07-22 21:29:08  2  0      0 3210804   2104 303828    0    0     0   325  571  692  1  1 98  0  0
2026-07-22 21:29:13  0  0      0 3210720   2104 303920    0    0     0   321  592  688  1  1 98  0  0
2026-07-22 21:29:18  0  0      0 3210608   2104 304012    0    0     0   305  611  718  1  1 98  0  0
2026-07-22 21:29:23  0  0      0 3210468   2104 304096    0    0     0   306  573  661  1  1 98  0  0
2026-07-22 21:29:28  0  0      0 3210384   2104 304168    0    0     0   267  523  619  1  1 99  0  0
2026-07-22 21:29:33  0  0      0 3210216   2104 304256    0    0     0   248  536  648  1  1 98  0  0
2026-07-22 21:29:38  0  0      0 3210104   2104 304348    0    0     0   405  598  708  1  1 98  0  0
2026-07-22 21:29:43  3  0      0 3203256   2104 311132    0    0     0   319  591  692  1  1 98  0  0
2026-07-22 21:29:48  2  0      0 3203172   2104 311212    0    0     0   298  529  624  1  1 98  0  0
2026-07-22 21:29:53  0  0      0 3203004   2104 311296    0    0     0   263  533  637  1  1 98  0  0
2026-07-22 21:29:58 procs -----------memory---------- ---swap-- -----io---- -system-- ------cpu-----
2026-07-22 21:29:58  r  b   swpd   free   buff  cache   si   so    bi    bo   in   cs us sy id wa st
2026-07-22 21:29:58  0  0      0 3202892   2104 311404    0    0     0   338  618  722  1  1 98  0  0
2026-07-22 21:30:03  0  0      0 3200884   2104 311476    0    0     0   258  611  660  1  2 88  0  9
2026-07-22 21:30:08  0  0      0 3202600   2104 311580    0    0     0   370  605  689  1  1 97  0  0
2026-07-22 21:30:13  0  0      0 3202488   2104 311656    0    0     0   439  569  667  1  1 98  0  0
2026-07-22 21:30:18  0  0      0 3202376   2104 311752    0    0     0   306  538  649  1  1 98  0  0
2026-07-22 21:30:23  0  0      0 3202236   2104 311852    0    0     0   372  615  714  1  1 98  0  0
2026-07-22 21:30:28  0  0      0 3202124   2104 311936    0    0     0   357  620  728  1  1 98  0  0
2026-07-22 21:30:33  0  0      0 3202012   2104 312004    0    0     0   279  498  578  1  1 98  0  0
2026-07-22 21:30:38  0  0      0 3193736   2104 320300    0    0     0   291  516  613  1  1 98  0  0
2026-07-22 21:30:43  0  0      0 3193624   2104 320392    0    0     0   448  590  690  1  1 98  0  0
2026-07-22 21:30:48  0  0      0 3193484   2104 320488    0    0     0   380  619  723  1  1 98  1  0
2026-07-22 21:30:53  0  0      0 3193252   2104 320572    0    0     0   376  589  681  1  1 98  0  0
2026-07-22 21:30:58  0  0      0 3193204   2104 320648    0    0     0   312  523  593  1  1 98  0  0
2026-07-22 21:31:03  0  0      0 3192804   2104 320736    0    0     0   245  608  671  1  2 93  0  4
2026-07-22 21:31:08  0  0      0 3192880   2104 320848    0    0     0   379  623  739  1  1 98  0  0
2026-07-22 21:31:13  0  0      0 3192740   2104 320936    0    0     0   412  642  742  1  1 98  1  0
2026-07-22 21:31:18  0  0      0 3192656   2104 321008    0    0     0   429  537  624  1  1 98  0  0
2026-07-22 21:31:23  0  0      0 3192488   2104 321100    0    0     0   339  545  643  1  1 98  0  0
2026-07-22 21:31:28  0  0      0 3192348   2104 321192    0    0     0   370  584  693  1  1 98  0  0
2026-07-22 21:31:33  0  0      0 3192236   2104 321288    0    0     0   397  641  742  1  1 98  1  0
2026-07-22 21:31:38  0  0      0 3192152   2104 321368    0    0     0   371  582  676  1  1 98  0  0
2026-07-22 21:31:43 procs -----------memory---------- ---swap-- -----io---- -system-- ------cpu-----
2026-07-22 21:31:43  r  b   swpd   free   buff  cache   si   so    bi    bo   in   cs us sy id wa st
2026-07-22 21:31:43  0  0      0 3192008   2104 321440    0    0     0   391  540  635  1  1 98  0  0
2026-07-22 21:31:48  0  0      0 3191868   2104 321532    0    0     0   404  543  663  1  1 98  0  0
2026-07-22 21:31:53  0  0      0 3191784   2104 321624    0    0     0   373  575  667  1  1 98  0  0
2026-07-22 21:31:58  0  0      0 3191672   2104 321708    0    0     0   363  601  714  1  1 98  0  0
2026-07-22 21:32:03  0  0      0 3191516   2104 321764    0    0     0   238  575  620  1  1 93  0  4
2026-07-22 21:32:08  0  0      0 3183296   2104 330060    0    0     0   286  504  586  1  1 98  0  0
2026-07-22 21:32:13  0  0      0 3183212   2104 330144    0    0     0   349  551  640  1  1 98  0  0
2026-07-22 21:32:18  0  0      0 3183044   2104 330232    0    0     0   459  595  700  1  1 98  0  0
2026-07-22 21:32:23  0  0      0 3182928   2104 330296    0    0     0   394  595  683  1  1 98  1  0
2026-07-22 21:32:28  0  0      0 3182852   2104 330388    0    0     0   394  569  664  1  1 98  0  0
2026-07-22 21:32:33  0  0      0 3182708   2104 330476    0    0     0   310  524  637  1  0 98  0  0
2026-07-22 21:32:38  0  0      0 3182512   2104 330576    0    0     0   457  617  737  1  1 98  0  0
2026-07-22 21:32:43  0  0      0 3182344   2104 330668    0    0     0   419  638  741  1  1 98  0  0
2026-07-22 21:32:48  0  0      0 3182232   2104 330756    0    0     0   409  504  559  1  1 98  0  0
2026-07-22 21:32:53  0  0      0 3182092   2104 330828    0    0     0   331  534  619  1  1 98  0  0
2026-07-22 21:32:58  0  0      0 3181980   2104 330924    0    0     0   518  598  707  1  1 98  0  0
2026-07-22 21:33:03  0  0      0 3181656   2104 330992    0    0     0   431  687  781  1  1 93  0  4
2026-07-22 21:33:08  0  0      0 3181612   2104 331076    0    0     0   394  586  683  1  1 98  0  0
2026-07-22 21:33:13  0  0      0 3181440   2104 331164    0    0     0   370  539  627  1  1 98  0  0
2026-07-22 21:33:18  0  0      0 3181420   2104 331252    0    0     0   341  544  671  1  1 98  0  0
2026-07-22 21:33:23  0  0      0 3181252   2104 331352    0    0     0   474  634  749  1  1 98  1  0
2026-07-22 21:33:28 procs -----------memory---------- ---swap-- -----io---- -system-- ------cpu-----
2026-07-22 21:33:28  r  b   swpd   free   buff  cache   si   so    bi    bo   in   cs us sy id wa st
2026-07-22 21:33:28  0  0      0 3181112   2104 331452    0    0     0   583  652  762  1  1 98  1  0
2026-07-22 21:33:33  0  0      0 3180944   2104 331532    0    0     0   420  555  661  1  1 98  0  0
2026-07-22 21:33:38  0  0      0 3174116   2104 338304    0    0     0   382  521  618  1  0 99  0  0
2026-07-22 21:33:43  0  0      0 3173976   2104 338408    0    0     0   493  632  747  1  1 98  1  0
2026-07-22 21:33:48  0  0      0 3173928   2104 338508    0    0     0   406  597  696  1  1 98  0  0
2026-07-22 21:33:53  0  0      0 3173724   2104 338572    0    0     0   473  610  709  1  1 98  0  0
2026-07-22 21:33:58  0  0      0 3173704   2104 338660    0    0     0   487  521  611  1  1 98  0  0
2026-07-22 21:34:03  0  0      0 3173368   2104 338748    0    0     0   334  613  710  1  1 93  0  5
2026-07-22 21:34:08  0  0      0 3173396   2104 338844    0    0     0   468  596  700  1  1 98  0  0
2026-07-22 21:34:13  0  0      0 3173340   2104 338940    0    0     0   507  645  761  1  1 98  1  0
2026-07-22 21:34:18  0  0      0 3173200   2104 339004    0    0     0   431  531  609  1  1 98  0  0
2026-07-22 21:34:23  0  1      0 3173088   2104 339096    0    0     0   402  532  630  1  1 98  0  0
2026-07-22 21:34:28  0  0      0 3164812   2104 347392    0    0     0   430  566  648  1  1 98  0  0
2026-07-22 21:34:33  0  0      0 3164700   2104 347484    0    0     0   569  613  712  1  1 98  0  0
2026-07-22 21:34:38  0  0      0 3164616   2104 347560    0    0     0   418  544  616  1  1 98  0  0
2026-07-22 21:34:43  0  0      0 3164528   2104 347632    0    0     0   388  519  608  1  1 98  0  0
2026-07-22 21:34:48  0  0      0 3164392   2104 347720    0    0     0   383  528  632  1  1 98  0  0
2026-07-22 21:34:53  0  0      0 3164300   2104 347828    0    0     0   535  626  749  1  1 98  1  0
2026-07-22 21:34:58  0  0      0 3164160   2104 347912    0    0     0   443  609  724  1  1 98  0  0
2026-07-22 21:35:03  0  0      0 3163868   2104 347972    0    0     0   326  525  561  1  2 91  0  6
2026-07-22 21:35:08  0  1      0 3163880   2104 348056    0    0     0   459  530  615  1  1 98  0  0
2026-07-22 21:35:13 procs -----------memory---------- ---swap-- -----io---- -system-- ------cpu-----
2026-07-22 21:35:13  r  b   swpd   free   buff  cache   si   so    bi    bo   in   cs us sy id wa st
2026-07-22 21:35:13  0  0      0 3163796   2104 348148    0    0     0   505  625  740  1  1 98  0  0
2026-07-22 21:35:18  0  0      0 3163628   2104 348248    0    0     0   546  646  753  1  1 98  1  0
2026-07-22 21:35:23  0  0      0 3163544   2104 348336    0    0     0   544  607  680  1  1 98  0  0
2026-07-22 21:35:28  0  0      0 3163432   2104 348412    0    0     0   486  557  648  1  1 98  0  0
2026-07-22 21:35:33  0  0      0 3163292   2104 348504    0    0     0   379  526  641  1  1 98  0  0
2026-07-22 21:35:38  0  0      0 3163124   2104 348592    0    0     0   627  637  739  1  1 98  1  0
2026-07-22 21:35:43  0  0      0 3162900   2104 348684    0    0     0   520  632  740  1  1 98  0  0
2026-07-22 21:35:48  0  0      0 3162816   2104 348744    0    0     0   403  517  609  1  0 99  0  0
2026-07-22 21:35:53  0  0      0 3162704   2104 348832    0    0     0   373  529  616  1  1 98  0  0
2026-07-22 21:35:58  0  0      0 3162536   2104 348928    0    0     0   508  593  702  1  1 98  1  0
2026-07-22 21:36:03  0  0      0 3152228   2104 357228    0    0     0   416  718  717  2  2 86  0 10
2026-07-22 21:36:08  0  0      0 3154020   2104 357312    0    0     0   542  639  722  1  1 98  1  0
2026-07-22 21:36:13  0  0      0 3153992   2104 357384    0    0     0   450  536  612  1  1 98  0  0
2026-07-22 21:36:18  0  0      0 3153880   2104 357468    0    0     0   462  506  618  1  1 99  0  0
2026-07-22 21:36:23  0  0      0 3153740   2104 357556    0    0     0   494  590  690  1  1 98  0  0
2026-07-22 21:36:28  0  0      0 3153600   2104 357652    0    0     0   526  628  724  1  1 98  1  0
2026-07-22 21:36:33  0  0      0 3153516   2104 357716    0    0     0   522  558  661  1  1 98  0  0
2026-07-22 21:36:38  0  0      0 3153432   2104 357804    0    0     0   429  540  629  1  1 98  0  0
2026-07-22 21:36:43  0  0      0 3153292   2104 357900    0    0     0   564  591  692  1  1 98  1  0
2026-07-22 21:36:48  0  0      0 3153096   2104 357996    0    0     0   685  630  743  1  1 98  0  0
2026-07-22 21:36:53  0  0      0 3152928   2104 358080    0    0     0   548  589  681  1  1 98  1  0
2026-07-22 21:36:58 procs -----------memory---------- ---swap-- -----io---- -system-- ------cpu-----
2026-07-22 21:36:58  r  b   swpd   free   buff  cache   si   so    bi    bo   in   cs us sy id wa st
2026-07-22 21:36:58  0  0      0 3152788   2104 358148    0    0     0   476  529  606  1  1 98  0  0
2026-07-22 21:37:03  0  0      0 3150856   2104 358240    0    0     0   434  586  688  1  1 95  0  2
2026-07-22 21:37:08  0  0      0 3152480   2104 358336    0    0     0   537  597  703  1  1 98  0  0
2026-07-22 21:37:13  0  0      0 3152396   2104 358420    0    0     0   585  646  749  1  1 98  0  0
2026-07-22 21:37:18  0  0      0 3152312   2104 358496    0    0     0   611  548  644  1  1 98  0  0
2026-07-22 21:37:23  2  0      0 3152232   2104 358588    0    0     0   527  568  661  1  1 98  0  0
2026-07-22 21:37:28  0  0      0 3152032   2104 358680    0    0     0   514  576  666  1  1 98  0  0
2026-07-22 21:37:33  0  0      0 3145240   2104 365484    0    0     0   550  610  711  1  1 98  0  0
2026-07-22 21:37:38  0  0      0 3145100   2104 365564    0    0     0   556  581  671  1  1 98  1  0
2026-07-22 21:37:43  0  0      0 3144988   2104 365640    0    0     0   502  544  621  1  1 98  0  0
2026-07-22 21:37:48  0  0      0 3144904   2104 365728    0    0     0   456  541  651  1  1 98  0  0
2026-07-22 21:37:53  0  0      0 3144708   2104 365824    0    0     0   706  624  727  1  1 98  1  0
2026-07-22 21:37:58  1  0      0 3144596   2104 365916    0    0     0   612  647  758  1  1 98  0  0
2026-07-22 21:38:03  0  0      0 3142608   2104 365988    0    0     0   422  572  624  1  1 94  0  3
2026-07-22 21:38:08  0  0      0 3144348   2104 366068    0    0     0   501  576  668  1  1 98  0  0
2026-07-22 21:38:13  0  0      0 3144232   2104 366164    0    0     0   610  594  683  1  1 98  1  0
2026-07-22 21:38:18  0  0      0 3144124   2104 366260    0    0     0   610  628  731  1  1 98  1  0
2026-07-22 21:38:23  0  0      0 3137388   2104 374552    0    0     0   710  611  701  1  1 98  0  0
2026-07-22 21:38:28  0  0      0 3137248   2104 374628    0    0     0   594  559  649  1  1 98  1  0
2026-07-22 21:38:33  0  0      0 3137136   2104 374724    0    0     0   477  549  666  1  1 98  0  0
2026-07-22 21:38:38  0  0      0 3137024   2104 374816    0    0     0   591  618  719  1  1 98  0  0
2026-07-22 21:38:43 procs -----------memory---------- ---swap-- -----io---- -system-- ------cpu-----
2026-07-22 21:38:43  r  b   swpd   free   buff  cache   si   so    bi    bo   in   cs us sy id wa st
2026-07-22 21:38:43  0  0      0 3136912   2104 374904    0    0     0   591  617  721  1  1 98  0  0
2026-07-22 21:38:48  0  0      0 3136716   2104 374972    0    0     0   588  574  674  1  1 98  1  0
2026-07-22 21:38:53  0  1      0 3136604   2104 375060    0    0     0   578  528  613  1  1 98  0  0
2026-07-22 21:38:58  0  0      0 3136464   2104 375144    0    0     0   488  536  618  1  1 98  0  0
2026-07-22 21:39:03  0  0      0 3136180   2104 375236    0    0     0   540  617  697  1  1 95  0  3
2026-07-22 21:39:08  0  0      0 3136208   2104 375320    0    0     0   643  594  666  1  1 98  1  0
2026-07-22 21:39:13  0  0      0 3136180   2104 375396    0    0     0   605  545  629  1  1 98  1  0
2026-07-22 21:39:18  0  0      0 3135984   2104 375492    0    0     0   531  562  679  1  1 98  0  0
2026-07-22 21:39:23  0  0      0 3135844   2104 375588    0    0     0   658  612  706  1  1 98  0  0
2026-07-22 21:39:28  0  0      0 3135732   2104 375668    0    0     0   730  623  721  1  1 98  1  0
2026-07-22 21:39:33  0  0      0 3135620   2104 375760    0    0     0   539  549  642  1  1 98  0  0
2026-07-22 21:39:38  0  1      0 3135480   2104 375832    0    0     0   598  553  650  1  1 98  0  0
2026-07-22 21:39:43  0  0      0 3135424   2104 375912    0    0     0   640  597  706  1  1 98  0  0
2026-07-22 21:39:48  0  0      0 3135192   2104 376020    0    0     0   678  616  711  1  1 98  1  0
2026-07-22 21:39:53  0  0      0 3126888   2104 384316    0    0     0   592  570  643  1  1 98  0  0
2026-07-22 21:39:58  0  0      0 3126804   2104 384396    0    0     0   624  562  651  1  1 98  0  0
2026-07-22 21:40:03  0  0      0 3126460   2104 384496    0    0     0   487  545  595  1  1 94  0  4
2026-07-22 21:40:08  0  0      0 3126460   2104 384584    0    0     0   589  604  695  1  1 98  0  0
2026-07-22 21:40:13  1  0      0 3126404   2104 384676    0    0     0   661  634  727  1  1 98  0  0
2026-07-22 21:40:18  0  0      0 3126320   2104 384740    0    0     0   638  570  663  1  1 98  1  0
2026-07-22 21:40:23  0  0      0 3126240   2104 384836    0    0     0   597  569  656  1  1 98  0  0
2026-07-22 21:40:28 procs -----------memory---------- ---swap-- -----io---- -system-- ------cpu-----
2026-07-22 21:40:28  r  b   swpd   free   buff  cache   si   so    bi    bo   in   cs us sy id wa st
2026-07-22 21:40:28  0  0      0 3126096   2104 384924    0    0     0   517  557  659  1  1 98  0  0
2026-07-22 21:40:33  0  0      0 3125984   2104 385020    0    0     0   729  647  762  1  1 98  1  0
2026-07-22 21:40:38  0  0      0 3125872   2104 385104    0    0     0   727  578  670  1  1 98  0  0
2026-07-22 21:40:43  0  0      0 3125732   2104 385176    0    0     0   623  538  623  1  1 98  1  0
2026-07-22 21:40:48  0  0      0 3125676   2104 385240    0    0     0   493  533  648  1  1 98  0  0
2026-07-22 21:40:53  1  0      0 3125536   2104 385344    0    0     0   654  612  710  1  1 98  1  0
2026-07-22 21:40:58  0  0      0 3125396   2104 385448    0    0     0   625  612  707  1  1 98  1  0
2026-07-22 21:41:03  0  0      0 3125240   2104 385500    0    0     0   464  528  596  1  1 95  0  2
2026-07-22 21:41:08  0  0      0 3125272   2104 385596    0    0     0   634  562  649  1  1 98  0  0
2026-07-22 21:41:13  0  0      0 3125128   2104 385684    0    0     0   758  562  667  1  1 98  1  0
2026-07-22 21:41:18  0  0      0 3125044   2104 385776    0    0     0   648  607  704  1  1 98  0  0
2026-07-22 21:41:23  0  0      0 3118196   2104 392572    0    0     0   678  582  650  1  1 98  1  0
2026-07-22 21:41:28  0  0      0 3118000   2104 392640    0    0     0   557  517  602  1  1 98  0  0
2026-07-22 21:41:33  0  0      0 3117832   2104 392728    0    0     0   562  541  640  1  1 98  0  0
2026-07-22 21:41:38  0  0      0 3117464   2104 392792    0    0     0   735  618  717  1  1 98  1  0
2026-07-22 21:41:43  0  0      0 3117412   2104 392912    0    0     0   867  640  741  1  1 98  1  0
2026-07-22 21:41:48  2  0      0 3117300   2104 392988    0    0     0   672  543  639  1  1 98  0  0
2026-07-22 21:41:53  0  0      0 3117088   2104 393100    0    0     0   657  631  698  2  1 97  1  0
2026-07-22 21:41:58  0  0      0 3117092   2104 393188    0    0     0   621  578  684  1  1 98  0  0
2026-07-22 21:42:03  0  0      0 3116832   2104 393280    0    0     0   572  621  680  1  2 91  0  5
2026-07-22 21:42:08  0  0      0 3116736   2104 393336    0    0     0   658  591  669  1  1 98  1  0
2026-07-22 21:42:13 procs -----------memory---------- ---swap-- -----io---- -system-- ------cpu-----
2026-07-22 21:42:13  r  b   swpd   free   buff  cache   si   so    bi    bo   in   cs us sy id wa st
2026-07-22 21:42:13  0  0      0 3116840   2104 393428    0    0     0   662  532  620  1  1 98  0  0
2026-07-22 21:42:18  0  0      0 3108472   2104 401724    0    0     0   549  515  626  1  1 98  0  0
2026-07-22 21:42:23  0  0      0 3108388   2104 401820    0    0     0   762  631  725  1  1 98  1  0
2026-07-22 21:42:28  0  0      0 3108212   2104 401912    0    0     0   714  628  726  1  1 98  1  0
2026-07-22 21:42:33  0  1      0 3108164   2104 401992    0    0     0   715  546  630  1  1 98  0  0
2026-07-22 21:42:38  0  0      0 3107996   2104 402072    0    0     0   673  565  652  1  1 98  0  0
2026-07-22 21:42:43  0  0      0 3107856   2104 402172    0    0     0   729  612  720  1  1 98  1  0
2026-07-22 21:42:48  0  0      0 3107720   2104 402264    0    0     0   921  647  750  1  1 98  1  0
2026-07-22 21:42:53  0  0      0 3107668   2104 402340    0    0     0   698  594  679  1  1 98  1  0
2026-07-22 21:42:58  0  0      0 3107524   2104 402416    0    0     0   636  545  624  1  1 98  0  0
2026-07-22 21:43:03  0  0      0 3107184   2104 402496    0    0     0   462  598  692  1  1 94  0  3
2026-07-22 21:43:08  0  0      0 3107120   2104 402556    0    0     0   695  587  681  1  1 98  0  0
2026-07-22 21:43:13  0  0      0 3107072   2104 402672    0    0     0   791  642  743  1  1 98  1  0
2026-07-22 21:43:18  0  0      0 3106932   2104 402764    0    0     0   768  585  678  1  1 98  1  0
2026-07-22 21:43:23  1  0      0 3106848   2104 402836    0    0     0   802  562  647  1  1 98  1  0
2026-07-22 21:43:28  0  0      0 3106708   2104 402940    0    0     0   766  574  660  1  1 98  1  0
2026-07-22 21:43:33  0  0      0 3106568   2104 403032    0    0     0   809  628  708  1  1 98  1  0
2026-07-22 21:43:38  0  0      0 3106372   2104 403112    0    0     0   722  563  631  1  1 98  1  0
2026-07-22 21:43:43  0  0      0 3106256   2104 403184    0    0     0   718  558  634  1  1 98  0  0
2026-07-22 21:43:48  0  0      0 3097364   2104 411488    0    0     0   676  555  662  1  1 98  0  0
2026-07-22 21:43:53  0  0      0 3097336   2104 411588    0    0     0   945  627  715  1  1 98  1  0
2026-07-22 21:43:58 procs -----------memory---------- ---swap-- -----io---- -system-- ------cpu-----
2026-07-22 21:43:58  r  b   swpd   free   buff  cache   si   so    bi    bo   in   cs us sy id wa st
2026-07-22 21:43:58  0  0      0 3097140   2104 411680    0    0     0   766  626  720  1  1 98  1  0
2026-07-22 21:44:03  1  0      0 3096852   2104 411724    0    0     0   550  575  638  1  1 95  0  3
2026-07-22 21:44:08  0  0      0 3096900   2104 411816    0    0     0   686  552  632  1  1 98  0  0
2026-07-22 21:44:13  0  0      0 3096840   2104 411884    0    0     0   724  591  688  1  1 98  1  0
2026-07-22 21:44:18  0  0      0 3096672   2104 412004    0    0     0   874  652  753  1  1 98  1  0
2026-07-22 21:44:23  0  0      0 3096536   2104 412072    0    0     0   834  605  686  1  1 98  1  0
2026-07-22 21:44:28  0  0      0 3096420   2104 412164    0    0     0   845  550  644  1  1 98  1  0
2026-07-22 21:44:33  0  0      0 3096280   2104 412256    0    0     0   657  537  639  1  1 98  0  0
2026-07-22 21:44:38  0  0      0 3096196   2104 412348    0    0     0   798  588  683  1  1 98  1  0
2026-07-22 21:44:43  0  0      0 3096112   2104 412436    0    0     0   754  605  704  1  1 98  0  0
2026-07-22 21:44:48  0  1      0 3096028   2104 412500    0    0     0   823  571  661  1  1 98  1  0
2026-07-22 21:44:53  0  0      0 3095888   2104 412592    0    0     0   660  544  625  1  1 98  0  0
2026-07-22 21:44:58  0  0      0 3095764   2104 412656    0    0     0   898  606  716  1  1 98  1  0
2026-07-22 21:45:03  0  0      0 3095508   2104 412776    0    0     0   768  664  731  1  1 94  1  3
2026-07-22 21:45:08  0  0      0 3095492   2104 412864    0    0     0   844  610  704  1  1 98  1  0
2026-07-22 21:45:13  0  0      0 3095604   2104 412944    0    0     0   700  556  641  1  1 98  0  0
2026-07-22 21:45:18  0  0      0 3088816   2104 419744    0    0     0   704  548  667  1  1 98  0  0
2026-07-22 21:45:23  0  0      0 3088700   2104 419836    0    0     0   761  596  698  1  1 98  1  0
2026-07-22 21:45:28  0  0      0 3088560   2104 419932    0    0     0   866  641  745  1  1 98  1  0
2026-07-22 21:45:33  0  0      0 3088384   2104 419992    0    0     0   823  544  628  1  1 98  1  0
2026-07-22 21:45:38  0  0      0 3088396   2104 420076    0    0     0   634  510  595  1  1 98  0  0
2026-07-22 21:45:43 procs -----------memory---------- ---swap-- -----io---- -system-- ------cpu-----
2026-07-22 21:45:43  r  b   swpd   free   buff  cache   si   so    bi    bo   in   cs us sy id wa st
2026-07-22 21:45:43  1  0      0 3088280   2104 420136    0    0     0   674  553  653  1  1 98  0  0
2026-07-22 21:45:48  0  0      0 3088140   2104 420252    0    0     0   787  615  711  1  1 98  1  0
2026-07-22 21:45:53  0  0      0 3088028   2104 420336    0    0     0   884  624  712  1  1 98  1  0
2026-07-22 21:45:58  0  0      0 3087916   2104 420412    0    0     0   793  558  642  1  1 98  1  0
2026-07-22 21:46:03  0  0      0 3086040   2104 420488    0    0     0   562  512  590  1  1 95  0  3
2026-07-22 21:46:08  0  0      0 3087564   2104 420584    0    0     0   862  647  727  1  1 97  0  0
2026-07-22 21:46:13  0  0      0 3079260   2104 428868    0    0     0   795  603  691  1  1 98  1  0
2026-07-22 21:46:18  0  1      0 3079148   2104 428960    0    0     0   797  532  606  1  1 98  1  0
2026-07-22 21:46:23  1  0      0 3079032   2104 429028    0    0     0   681  532  619  1  1 98  0  0
2026-07-22 21:46:28  0  0      0 3078920   2104 429100    0    0     0   725  548  642  1  1 98  1  0
2026-07-22 21:46:33  0  0      0 3078840   2104 429208    0    0     0   882  617  713  1  1 98  1  0
2026-07-22 21:46:38  0  0      0 3078700   2104 429292    0    0     0   899  618  708  1  1 98  1  0
2026-07-22 21:46:43  0  0      0 3078584   2104 429368    0    0     0   800  570  659  1  1 98  1  0
2026-07-22 21:46:48  0  0      0 3078504   2104 429444    0    0     0   661  521  616  1  1 98  0  0
2026-07-22 21:46:53  0  0      0 3078392   2104 429544    0    0     0   802  617  712  1  1 98  1  0
2026-07-22 21:46:58  0  0      0 3078280   2104 429632    0    0     0   816  603  704  1  1 98  1  0
2026-07-22 21:47:03  4  0      0 3076260   2104 429704    0    0     0   649  621  594  2  2 92  0  5
2026-07-22 21:47:08  0  0      0 3077896   2104 429776    0    0     0   761  564  649  1  1 98  0  0
2026-07-22 21:47:13  1  0      0 3077904   2104 429876    0    0     0   821  567  676  1  1 98  1  0
2026-07-22 21:47:18  0  0      0 3077820   2104 429976    0    0     0  1007  636  746  1  1 98  1  0
2026-07-22 21:47:23  0  0      0 3077608   2104 430064    0    0     0   997  626  719  1  1 98  1  0
2026-07-22 21:47:28 procs -----------memory---------- ---swap-- -----io---- -system-- ------cpu-----
2026-07-22 21:47:28  r  b   swpd   free   buff  cache   si   so    bi    bo   in   cs us sy id wa st
2026-07-22 21:47:28  0  0      0 3077464   2104 430136    0    0     0   783  546  630  1  1 98  0  0
2026-07-22 21:47:33  0  0      0 3077416   2104 430228    0    0     0   716  541  645  1  1 98  1  0
2026-07-22 21:47:38  0  0      0 3077304   2104 430312    0    0     0   831  584  681  1  1 98  1  0
2026-07-22 21:47:43  0  0      0 3068944   2104 438612    0    0     0   831  605  693  1  1 98  0  0
2026-07-22 21:47:48  0  0      0 3068716   2104 438676    0    0     0   980  552  633  1  1 98  1  0
2026-07-22 21:47:53  0  0      0 3068572   2104 438768    0    0     0   853  585  677  1  1 98  0  0
2026-07-22 21:47:58  0  0      0 3068520   2104 438864    0    0     0   903  544  635  1  1 98  1  0
2026-07-22 21:48:03  0  0      0 3066660   2104 438952    0    0     0   793  676  743  1  2 90  0  7
2026-07-22 21:48:08  0  0      0 3068328   2104 439040    0    0     0   963  633  713  1  1 98  1  0
2026-07-22 21:48:13  0  0      0 3068176   2104 439116    0    0     0   854  548  633  1  1 98  0  0
2026-07-22 21:48:18  0  0      0 3068160   2104 439192    0    0     0   796  531  640  1  1 98  0  0
2026-07-22 21:48:23  0  0      0 3068020   2104 439300    0    0     0  1003  595  671  1  1 98  1  0
2026-07-22 21:48:28  0  0      0 3067880   2104 439396    0    0     0  1033  644  749  1  1 98  1  0
2026-07-22 21:48:33  1  0      0 3067612   2104 439460    0    0     0   863  592  678  1  1 98  1  0
2026-07-22 21:48:38  0  0      0 3067600   2104 439552    0    0     0   813  532  606  1  1 98  1  0
2026-07-22 21:48:43  0  0      0 3067488   2104 439648    0    0     0   877  584  687  1  1 98  1  0
2026-07-22 21:48:48  0  0      0 3067408   2104 439740    0    0     0  1082  641  740  1  1 98  1  0
2026-07-22 21:48:53  0  0      0 3067264   2104 439836    0    0     0  1108  658  754  1  1 98  1  0
2026-07-22 21:48:58  0  0      0 3067184   2104 439912    0    0     0   920  564  644  1  1 98  0  0
2026-07-22 21:49:03  0  0      0 3065184   2104 439984    0    0     0   590  568  646  1  1 95  0  3
2026-07-22 21:49:08  0  0      0 3066828   2104 440080    0    0     0  1069  655  738  1  1 97  1  0
2026-07-22 21:49:13 procs -----------memory---------- ---swap-- -----io---- -system-- ------cpu-----
2026-07-22 21:49:13  r  b   swpd   free   buff  cache   si   so    bi    bo   in   cs us sy id wa st
2026-07-22 21:49:13  0  0      0 3060004   2104 446896    0    0     0   955  612  708  1  1 98  1  0
2026-07-22 21:49:18  0  1      0 3059768   2104 446980    0    0     0  1022  599  696  1  1 98  1  0
2026-07-22 21:49:23  0  0      0 3059780   2104 447056    0    0     0   887  540  627  1  1 98  1  0
2026-07-22 21:49:28  0  0      0 3059612   2104 447148    0    0     0   922  561  654  1  1 98  1  0
2026-07-22 21:49:33  0  0      0 3059024   2104 447216    0    0     0  1030  607  689  1  1 98  1  0
2026-07-22 21:49:38  0  0      0 3058908   2104 447328    0    0     0  1025  615  699  1  1 98  1  0
2026-07-22 21:49:43  0  0      0 3058852   2104 447396    0    0     0   777  543  616  1  1 98  0  0
2026-07-22 21:49:48  0  0      0 3058796   2104 447488    0    0     0   789  534  631  1  1 98  1  0
2026-07-22 21:49:53  0  0      0 3058684   2104 447576    0    0     0   998  609  705  1  1 98  1  0
2026-07-22 21:49:58  0  0      0 3058516   2104 447672    0    0     0  1034  651  745  1  1 98  1  0
2026-07-22 21:50:03  0  0      0 3050264   2104 455984    0    0     0   658  624  650  1  2 89  1  7
2026-07-22 21:50:08  1  0      0 3050180   2104 456060    0    0     0   846  558  642  1  1 98  1  0
2026-07-22 21:50:13  0  0      0 3049588   2104 456156    0    0     0   922  591  694  1  1 98  1  0
2026-07-22 21:50:18  0  0      0 3049528   2104 456232    0    0     0   982  639  739  1  1 98  1  0
2026-07-22 21:50:23  0  0      0 3049384   2104 456320    0    0     0   924  600  684  1  1 98  1  0
2026-07-22 21:50:28  0  0      0 3049392   2104 456396    0    0     0   811  549  627  1  0 98  1  0
2026-07-22 21:50:33  0  0      0 3049252   2104 456480    0    0     0   858  537  652  1  1 98  0  0
2026-07-22 21:50:38  0  0      0 3049108   2104 456568    0    0     0   955  614  709  1  1 98  1  0
2026-07-22 21:50:43  0  0      0 3048968   2104 456664    0    0     0  1061  651  745  1  1 98  1  0
2026-07-22 21:50:48  3  0      0 3048768   2104 456744    0    0     0   948  584  662  1  1 98  1  0
2026-07-22 21:50:53  1  0      0 3048744   2104 456812    0    0     0   747  527  599  1  1 98  0  0
2026-07-22 21:50:58 procs -----------memory---------- ---swap-- -----io---- -system-- ------cpu-----
2026-07-22 21:50:58  r  b   swpd   free   buff  cache   si   so    bi    bo   in   cs us sy id wa st
2026-07-22 21:50:58  0  0      0 3048660   2104 456872    0    0     0   878  559  662  1  1 98  1  0
2026-07-22 21:51:03  0  0      0 3048196   2104 456996    0    0     0  1081  711  796  1  1 95  0  2
2026-07-22 21:51:08  0  0      0 3048160   2104 457084    0    0     0  1122  630  717  1  1 98  1  0
2026-07-22 21:51:13  0  0      0 3047944   2104 457160    0    0     0   961  551  618  1  1 98  1  0
2026-07-22 21:51:18  0  0      0 3047860   2104 457256    0    0     0   844  564  676  1  1 98  1  0
2026-07-22 21:51:23  0  0      0 3047776   2104 457352    0    0     0  1148  627  704  1  1 97  1  0
2026-07-22 21:51:28  0  0      0 3047664   2104 457452    0    0     0  1134  663  759  1  1 97  1  0
2026-07-22 21:51:33  3  1      0 3039384   2104 465632    0    0     0  1174  594  668  1  1 98  1  0
2026-07-22 21:51:38  0  1      0 3039124   2104 465812    0    0     0   903  526  599  1  1 98  1  0
2026-07-22 21:51:43  0  0      0 3039108   2104 465912    0    0     0   979  565  648  1  1 98  1  0
2026-07-22 21:51:48  0  0      0 3039024   2104 466008    0    0     0  1092  644  744  1  1 98  1  0
2026-07-22 21:51:53  0  0      0 3038844   2104 466068    0    0     0  1027  608  671  1  1 98  1  0
2026-07-22 21:51:58  0  0      0 3038460   2104 466160    0    0     0   824  529  606  1  1 98  1  0
2026-07-22 21:52:03  0  0      0 3038116   2104 466252    0    0     0   638  570  654  1  1 94  0  4
2026-07-22 21:52:08  0  0      0 3038116   2104 466348    0    0     0  1191  647  737  1  1 97  1  0
2026-07-22 21:52:13  0  0      0 3038004   2104 466444    0    0     0  1118  642  740  1  1 98  1  0
2026-07-22 21:52:18  0  0      0 3037596   2104 466508    0    0     0  1182  604  681  1  1 98  1  0
2026-07-22 21:52:23  0  0      0 3037540   2104 466608    0    0     0   922  559  644  1  1 98  1  0
2026-07-22 21:52:28  0  0      0 3037372   2104 466704    0    0     0   988  561  661  1  1 98  1  0
2026-07-22 21:52:33  0  0      0 3037316   2104 466788    0    0     0   983  608  704  1  1 98  1  0
2026-07-22 21:52:38  0  0      0 3037124   2104 466864    0    0     0  1088  587  663  1  1 98  1  0
2026-07-22 21:52:43 procs -----------memory---------- ---swap-- -----io---- -system-- ------cpu-----
2026-07-22 21:52:43  r  b   swpd   free   buff  cache   si   so    bi    bo   in   cs us sy id wa st
2026-07-22 21:52:43  0  0      0 3036940   2104 466936    0    0     0   932  539  601  1  1 98  1  0
2026-07-22 21:52:48  0  0      0 3036160   2104 467032    0    0     0   915  556  650  1  1 98  1  0
2026-07-22 21:52:53  0  0      0 3035944   2104 467196    0    0     0  1190  706  763  2  1 97  1  0
2026-07-22 21:52:58  0  0      0 3035860   2104 467284    0    0     0   985  617  703  1  1 98  1  0
2026-07-22 21:53:03  0  0      0 3035552   2104 467336    0    0     0   786  567  629  1  1 95  0  2
2026-07-22 21:53:08  2  0      0 3028940   2104 474136    0    0     0   946  530  603  1  1 98  1  0
2026-07-22 21:53:13  0  0      0 3028884   2104 474228    0    0     0   930  579  673  1  1 98  1  0
2026-07-22 21:53:18  0  0      0 3028744   2104 474316    0    0     0  1030  624  706  1  1 98  1  0
2026-07-22 21:53:23  0  0      0 3028660   2104 474404    0    0     0  1226  639  719  1  1 98  1  0
2026-07-22 21:53:28  0  0      0 3028576   2104 474484    0    0     0  1010  563  637  1  1 98  1  0
2026-07-22 21:53:33  0  0      0 3028464   2104 474576    0    0     0   942  559  662  1  1 98  1  0
2026-07-22 21:53:38  0  0      0 3028352   2104 474672    0    0     0  1143  613  701  1  1 98  1  0
2026-07-22 21:53:43  0  0      0 3028268   2104 474768    0    0     0  1267  650  748  1  1 98  1  0
2026-07-22 21:53:48  0  0      0 3028160   2104 474828    0    0     0  1019  587  669  1  1 98  1  0
2026-07-22 21:53:53  0  1      0 3028044   2104 474916    0    0     0  1005  557  638  1  1 98  1  0
2026-07-22 21:53:58  0  0      0 3042944   2104 460136    0    0     0   806  538  628  1  1 98  0  0
2026-07-22 21:54:03  0  0      0 3042704   2104 460224    0    0     0   880  665  719  1  2 92  1  5
2026-07-22 21:54:08  0  0      0 3042564   2104 460300    0    0     0  1094  609  686  1  1 98  1  0
2026-07-22 21:54:13  0  0      0 3042276   2104 460376    0    0     0  1032  580  657  1  1 98  1  0
2026-07-22 21:54:18  0  0      0 3042284   2104 460468    0    0     0   825  527  617  1  1 98  0  0
2026-07-22 21:54:23  0  0      0 3042112   2104 460552    0    0     0  1207  621  709  1  1 98  1  0
2026-07-22 21:54:28 procs -----------memory---------- ---swap-- -----io---- -system-- ------cpu-----
2026-07-22 21:54:28  r  b   swpd   free   buff  cache   si   so    bi    bo   in   cs us sy id wa st
2026-07-22 21:54:28  0  0      0 3042060   2104 460644    0    0     0  1113  629  724  1  1 98  1  0
2026-07-22 21:54:33  0  0      0 3041948   2104 460732    0    0     0  1041  598  671  1  1 98  1  0
2026-07-22 21:54:38  1  1      0 3041892   2104 460808    0    0     0  1118  567  650  1  1 98  1  0
2026-07-22 21:54:43  0  0      0 3041752   2104 460908    0    0     0   974  582  687  1  1 98  1  0
2026-07-22 21:54:48  0  0      0 3041696   2104 460972    0    0     0  1259  660  761  1  1 98  1  0
2026-07-22 21:54:53  0  0      0 3041556   2104 461088    0    0     0  1280  627  702  1  1 98  1  0
2026-07-22 21:54:58  0  0      0 3041444   2104 461164    0    0     0  1066  559  640  1  1 98  1  0
2026-07-22 21:55:03  0  0      0 3041040   2104 461244    0    0     0   704  604  675  1  2 94  0  4
2026-07-22 21:55:08  0  0      0 3041132   2104 461336    0    0     0  1205  638  728  1  1 97  1  0
2026-07-22 21:55:13  0  0      0 3041132   2104 461424    0    0     0  1063  617  708  1  1 98  1  0
2026-07-22 21:55:18  0  0      0 3041048   2104 461508    0    0     0  1206  618  693  1  1 98  1  0
2026-07-22 21:55:23  0  0      0 3040968   2104 461580    0    0     0   942  537  617  1  1 98  0  0
2026-07-22 21:55:28  0  0      0 3032596   2104 469884    0    0     0   968  516  605  1  1 98  1  0
2026-07-22 21:55:33  0  0      0 3032532   2104 469976    0    0     0  1151  639  724  1  1 98  1  0
2026-07-22 21:55:38  0  0      0 3032364   2104 470060    0    0     0  1287  615  694  1  1 97  1  0
2026-07-22 21:55:43  0  0      0 3032336   2104 470136    0    0     0  1066  561  637  1  1 98  1  0
2026-07-22 21:55:48  0  0      0 3032224   2104 470228    0    0     0   858  539  643  1  1 98  0  0
2026-07-22 21:55:53  0  0      0 3032028   2104 470324    0    0     0  1220  607  678  1  1 98  1  0
2026-07-22 21:55:58  0  0      0 3031916   2104 470408    0    0     0  1168  619  711  1  1 98  1  0
2026-07-22 21:56:03  0  0      0 3031772   2104 470472    0    0     0   946  615  685  1  1 95  0  2
2026-07-22 21:56:08  0  1      0 3031684   2104 470560    0    0     0  1151  572  644  1  1 98  1  0
2026-07-22 21:56:13 procs -----------memory---------- ---swap-- -----io---- -system-- ------cpu-----
2026-07-22 21:56:13  r  b   swpd   free   buff  cache   si   so    bi    bo   in   cs us sy id wa st
2026-07-22 21:56:13  0  0      0 3031720   2104 470652    0    0     0   949  555  661  1  1 98  1  0
2026-07-22 21:56:18  0  0      0 3031608   2104 470744    0    0     0  1176  627  719  1  1 98  1  0
2026-07-22 21:56:23  0  0      0 3031496   2104 470824    0    0     0  1243  630  712  1  1 98  1  0
2026-07-22 21:56:28  0  0      0 3031380   2104 470900    0    0     0  1188  535  590  1  1 98  1  0
2026-07-22 21:56:33  0  0      0 3031244   2104 471000    0    0     0  1037  554  665  1  1 98  1  0
2026-07-22 21:56:38  0  0      0 3031132   2104 471100    0    0     0  1322  645  742  1  1 97  1  0
2026-07-22 21:56:43  0  0      0 3031020   2104 471192    0    0     0  1249  653  739  1  1 98  1  0
2026-07-22 21:56:48  0  0      0 3030968   2104 471252    0    0     0  1031  569  630  1  1 98  1  0
2026-07-22 21:56:53  0  0      0 3030852   2104 471336    0    0     0   745  425  477  1  0 98  0  0
2026-07-22 21:56:58  0  0      0 3030768   2104 471412    0    0     0   814  483  553  1  1 98  0  0
2026-07-22 21:57:03  0  0      0 3023820   2104 478204    0    0     0   916  555  616  1  1 95  0  3
2026-07-22 21:57:08  0  0      0 3023848   2104 478272    0    0     0   911  514  587  1  1 98  0  0
2026-07-22 21:57:13  0  0      0 3023848   2104 478336    0    0     0   752  463  538  1  1 98  0  0
2026-07-22 21:57:18  0  0      0 3023792   2104 478416    0    0     0   753  472  562  1  1 98  0  0
2026-07-22 21:57:23  0  0      0 3023680   2104 478492    0    0     0   899  536  626  1  1 98  1  0
2026-07-22 21:57:28  0  0      0 3023568   2104 478568    0    0     0   891  549  630  1  1 98  0  0
2026-07-22 21:57:33  0  0      0 3023400   2104 478640    0    0     0   818  508  583  1  1 98  0  0
2026-07-22 21:57:38  0  0      0 3023316   2104 478700    0    0     0   675  399  482  1  1 98  0  0
2026-07-22 21:57:43  0  0      0 3023204   2104 478780    0    0     0   910  538  626  1  1 98  1  0
2026-07-22 21:57:48  0  0      0 3023092   2104 478852    0    0     0   827  537  615  1  1 98  0  0
2026-07-22 21:57:53  0  0      0 3022948   2104 478940    0    0     0   916  610  675  1  1 97  1  0
2026-07-22 21:57:58 procs -----------memory---------- ---swap-- -----io---- -system-- ------cpu-----
2026-07-22 21:57:58  r  b   swpd   free   buff  cache   si   so    bi    bo   in   cs us sy id wa st
2026-07-22 21:57:58  0  0      0 3022592   2104 479000    0    0     0   827  691  705  5  1 93  0  0
2026-07-22 21:58:03  0  0      0 3037396   2104 464196    0    0     0   600  515  580  1  1 94  0  3
2026-07-22 21:58:08  0  0      0 3037524   2104 464244    0    0     0   981  517  603  1  1 98  0  0
2026-07-22 21:58:13  1  0      0 3037496   2104 464352    0    0     0   902  522  596  1  1 98  0  0
2026-07-22 21:58:18  0  0      0 3037380   2104 464420    0    0     0   923  494  553  1  1 98  1  0
2026-07-22 21:58:23  0  0      0 3037296   2104 464484    0    0     0   654  419  504  1  1 99  0  0
2026-07-22 21:58:28  0  0      0 3037240   2104 464560    0    0     0   916  523  603  1  0 98  1  0
2026-07-22 21:58:33  0  0      0 3037156   2104 464640    0    0     0   917  540  632  1  1 98  0  0
2026-07-22 21:58:38  0  0      0 3037036   2104 464688    0    0     0   912  522  604  1  0 98  1  0
2026-07-22 21:58:43  0  0      0 3037016   2104 464768    0    0     0   851  468  553  1  1 98  0  0
2026-07-22 21:58:48  0  0      0 3036960   2104 464848    0    0     0   849  488  580  1  1 98  0  0
2026-07-22 21:58:53  0  0      0 3036836   2104 464928    0    0     0   938  545  646  1  1 98  0  0
2026-07-22 21:58:58  0  0      0 3036752   2104 464992    0    0     0   844  520  612  1  1 98  0  0
2026-07-22 21:59:03  0  0      0 3034812   2104 465056    0    0     0   683  527  572  1  1 94  0  3
2026-07-22 21:59:08  0  0      0 3036536   2104 465124    0    0     0   614  426  507  1  1 98  0  0
2026-07-22 21:59:13  0  0      0 3036480   2104 465200    0    0     0  1002  549  637  1  1 98  0  0
2026-07-22 21:59:18  0  0      0 3036452   2104 465280    0    0     0   922  512  577  1  1 98  0  0
2026-07-22 21:59:23  0  0      0 3036340   2104 465348    0    0     0   950  523  598  1  1 98  0  0
2026-07-22 21:59:28  0  0      0 3036256   2104 465412    0    0     0   854  460  528  1  0 98  0  0
2026-07-22 21:59:33  0  0      0 3036172   2104 465488    0    0     0   775  468  563  1  1 98  0  0
2026-07-22 21:59:38  0  0      0 3036088   2104 465564    0    0     0   946  545  633  1  1 98  1  0
2026-07-22 21:59:43 procs -----------memory---------- ---swap-- -----io---- -system-- ------cpu-----
2026-07-22 21:59:43  r  b   swpd   free   buff  cache   si   so    bi    bo   in   cs us sy id wa st
2026-07-22 21:59:43  0  0      0 3035948   2104 465644    0    0     0   938  535  623  1  1 98  0  0
2026-07-22 21:59:48  0  0      0 3027624   2104 473908    0    0     0  1041  535  614  1  1 98  1  0
2026-07-22 21:59:53  0  0      0 3027660   2104 473968    0    0     0   645  413  494  1  1 98  0  0
2026-07-22 21:59:58  0  0      0 3027436   2104 474048    0    0     0   934  518  602  1  1 98  0  0
2026-07-22 22:00:03  0  0      0 3025476   2104 474108    0    0     0   627  517  547  1  2 91  0  6
2026-07-22 22:00:08  0  0      0 3027268   2104 474156    0    0     0   548  472  517  1  1 95  0  3
2026-07-22 22:00:13  0  0      0 3027088   2104 474228    0    0     0   782  474  545  1  1 98  0  0
2026-07-22 22:00:18  0  0      0 3027156   2104 474304    0    0     0   706  442  526  1  1 98  0  0
2026-07-22 22:00:23  0  0      0 3027072   2104 474384    0    0     0  1039  533  621  1  1 98  0  0
2026-07-22 22:00:28  0  0      0 3027016   2104 474456    0    0     0   862  530  615  1  1 98  0  0
2026-07-22 22:00:33  0  0      0 3026816   2104 474512    0    0     0   944  505  572  1  1 98  1  0
2026-07-22 22:00:38  0  0      0 3026792   2104 474592    0    0     0   633  396  480  1  0 99  0  0
2026-07-22 22:00:43  0  0      0 3026708   2104 474664    0    0     0   871  511  594  1  1 98  0  0
2026-07-22 22:00:48  0  0      0 3026652   2104 474736    0    0     0   793  479  562  1  1 98  0  0
2026-07-22 22:00:53  0  0      0 3026596   2104 474788    0    0     0  1049  536  614  1  1 98  1  0
2026-07-22 22:00:58  0  0      0 3026512   2104 474868    0    0     0   806  465  545  1  0 98  0  0
2026-07-22 22:01:03  0  0      0 3026368   2104 474944    0    0     0   726  561  622  1  2 92  0  4
2026-07-22 22:01:08  0  0      0 3026340   2104 475020    0    0     0   947  518  598  1  1 98  1  0
2026-07-22 22:01:13  0  0      0 3026312   2104 475100    0    0     0   951  538  620  1  1 98  0  0
2026-07-22 22:01:18  0  0      0 3026284   2104 475156    0    0     0   798  471  523  1  1 98  0  0
2026-07-22 22:01:23  0  0      0 3026144   2104 475220    0    0     0   574  389  468  1  0 99  0  0
2026-07-22 22:01:28 procs -----------memory---------- ---swap-- -----io---- -system-- ------cpu-----
2026-07-22 22:01:28  r  b   swpd   free   buff  cache   si   so    bi    bo   in   cs us sy id wa st
2026-07-22 22:01:28  0  0      0 3025948   2104 475296    0    0     0  1036  540  627  1  1 98  0  0
2026-07-22 22:01:33  0  0      0 3025836   2104 475376    0    0     0   971  525  618  1  1 98  1  0
2026-07-22 22:01:38  0  0      0 3019004   2104 482144    0    0     0  1046  521  604  1  1 98  1  0
2026-07-22 22:01:43  0  0      0 3018948   2104 482204    0    0     0   799  477  557  1  1 98  0  0
2026-07-22 22:01:48  0  0      0 3018864   2104 482280    0    0     0   803  461  546  1  1 98  0  0
2026-07-22 22:01:53  0  0      0 3018780   2104 482360    0    0     0   985  537  633  1  1 98  0  0
2026-07-22 22:01:58  0  0      0 3018696   2104 482436    0    0     0   890  521  602  1  1 98  1  0
2026-07-22 22:02:03  0  0      0 3018504   2104 482500    0    0     0   820  534  596  1  1 93  0  4
2026-07-22 22:02:08  0  0      0 3018476   2104 482560    0    0     0   658  407  496  1  1 98  0  0
2026-07-22 22:02:13  0  0      0 3018412   2104 482616    0    0     0  1136  562  651  1  1 98  1  0
2026-07-22 22:02:18  0  0      0 3018420   2104 482696    0    0     0   968  529  610  1  1 98  1  0
2026-07-22 22:02:23  0  0      0 3018312   2104 482776    0    0     0   969  525  598  1  1 98  0  0
2026-07-22 22:02:28  0  0      0 3018128   2104 482852    0    0     0   817  433  491  1  0 98  0  0
2026-07-22 22:02:33  0  0      0 3018140   2104 482932    0    0     0   895  491  590  1  0 98  0  0
2026-07-22 22:02:38  0  0      0 3018028   2104 483008    0    0     0   996  526  605  1  1 98  0  0
2026-07-22 22:02:43  0  0      0 3018000   2104 483076    0    0     0   979  541  631  1  1 98  1  0
2026-07-22 22:02:48  0  0      0 3032868   2104 468264    0    0     0   897  503  573  1  1 98  0  0
2026-07-22 22:02:53  0  0      0 3032812   2104 468328    0    0     0   663  417  507  1  1 98  0  0
2026-07-22 22:02:58  0  0      0 3032804   2104 468404    0    0     0   982  543  620  1  1 98  1  0
2026-07-22 22:03:03  0  0      0 3032516   2104 468480    0    0     0   986  639  701  2  1 95  0  2
2026-07-22 22:03:08  0  0      0 3032488   2104 468544    0    0     0   906  487  553  1  0 98  0  0
2026-07-22 22:03:13 procs -----------memory---------- ---swap-- -----io---- -system-- ------cpu-----
2026-07-22 22:03:13  r  b   swpd   free   buff  cache   si   so    bi    bo   in   cs us sy id wa st
2026-07-22 22:03:13  0  0      0 3032460   2104 468604    0    0     0   835  449  523  1  1 98  0  0
2026-07-22 22:03:18  0  0      0 3032348   2104 468680    0    0     0   743  451  540  1  1 98  0  0
2026-07-22 22:03:23  0  0      0 3032292   2104 468756    0    0     0   907  495  570  1  1 98  0  0
2026-07-22 22:03:28  0  0      0 3032208   2104 468836    0    0     0   902  513  602  1  1 98  0  0
2026-07-22 22:03:33  0  0      0 3032152   2104 468896    0    0     0   911  520  591  1  1 98  0  0
2026-07-22 22:03:38  0  0      0 3032040   2104 468960    0    0     0   668  399  485  1  0 99  0  0
2026-07-22 22:03:43  0  0      0 3031984   2104 469036    0    0     0  1008  540  635  1  1 98  0  0
2026-07-22 22:03:48  0  0      0 3031872   2104 469116    0    0     0   996  536  621  1  1 98  0  0
2026-07-22 22:03:53  0  0      0 3031816   2104 469176    0    0     0   962  520  602  1  1 98  1  0
2026-07-22 22:03:58  0  0      0 3031672   2104 469240    0    0     0   832  458  525  1  1 98  0  0
2026-07-22 22:04:03  0  0      0 3031492   2104 469308    0    0     0   666  536  620  1  1 94  0  3
2026-07-22 22:04:08  0  0      0 3031520   2104 469384    0    0     0   994  514  604  1  1 98  0  0
2026-07-22 22:04:13  0  0      0 3031492   2104 469464    0    0     0  1014  545  647  1  1 98  0  0
2026-07-22 22:04:18  0  0      0 3031268   2104 469540    0    0     0  1174  558  642  1  1 98  1  0
2026-07-22 22:04:23  0  0      0 3031184   2104 469600    0    0     0   677  411  498  1  1 99  0  0
2026-07-22 22:04:28  0  0      0 3031100   2104 469676    0    0     0   922  516  598  1  1 98  0  0
2026-07-22 22:04:33  0  0      0 3022840   2104 477948    0    0     0  1087  534  612  1  1 98  0  0
2026-07-22 22:04:38  0  0      0 3022728   2104 478016    0    0     0  1002  519  595  1  1 98  0  0
2026-07-22 22:04:43  0  0      0 3022576   2104 478076    0    0     0   833  462  533  1  1 98  0  0
2026-07-22 22:04:48  0  0      0 3022560   2104 478156    0    0     0   937  477  568  1  1 98  0  0
2026-07-22 22:04:53  0  0      0 3022476   2104 478236    0    0     0  1037  524  603  1  1 98  1  0
2026-07-22 22:04:58 procs -----------memory---------- ---swap-- -----io---- -system-- ------cpu-----
2026-07-22 22:04:58  r  b   swpd   free   buff  cache   si   so    bi    bo   in   cs us sy id wa st
2026-07-22 22:04:58  0  0      0 3022364   2104 478316    0    0     0  1017  527  610  1  1 98  0  0
2026-07-22 22:05:03  1  0      0 3022256   2104 478376    0    0     0   756  519  552  1  1 93  0  4
2026-07-22 22:05:08  0  0      0 3022284   2104 478436    0    0     0   673  401  490  1  0 98  0  0
2026-07-22 22:05:13  0  0      0 3022200   2104 478516    0    0     0  1016  538  630  1  1 98  1  0
2026-07-22 22:05:18  0  0      0 3022144   2104 478588    0    0     0  1010  494  576  1  1 98  0  0
2026-07-22 22:05:23  0  0      0 3021996   2104 478660    0    0     0  1037  516  594  1  1 98  0  0
2026-07-22 22:05:28  0  0      0 3021976   2104 478724    0    0     0   860  463  539  1  1 98  0  0
2026-07-22 22:05:33  0  0      0 3021864   2104 478800    0    0     0   853  473  563  1  0 98  0  0
2026-07-22 22:05:38  0  0      0 3021780   2104 478880    0    0     0  1032  538  629  1  1 98  1  0
2026-07-22 22:05:43  0  0      0 3021696   2104 478944    0    0     0   942  523  603  1  1 98  0  0
2026-07-22 22:05:48  0  0      0 3021576   2104 479004    0    0     0  1022  488  547  1  1 98  0  0
2026-07-22 22:05:53  0  0      0 3021556   2104 479080    0    0     0   691  424  515  1  1 98  0  0
2026-07-22 22:05:58  1  0      0 3021444   2104 479160    0    0     0  1060  552  649  1  1 98  0  0
2026-07-22 22:06:03  0  0      0 3021212   2104 479232    0    0     0   950  547  582  1  2 91  0  5
2026-07-22 22:06:08  0  0      0 3021292   2104 479296    0    0     0   950  516  589  1  1 98  0  0
2026-07-22 22:06:13  0  0      0 3021264   2104 479360    0    0     0   865  440  506  1  1 98  0  0
2026-07-22 22:06:18  0  0      0 3021236   2104 479428    0    0     0   691  421  489  1  0 99  0  0
2026-07-22 22:06:23  0  0      0 3014436   2104 486180    0    0     0  1128  542  631  1  1 98  0  0
2026-07-22 22:06:28  0  0      0 3014284   2104 486292    0    0     0  1048  528  611  1  1 98  1  0
2026-07-22 22:06:33  0  0      0 3014168   2104 486360    0    0     0  1043  517  576  1  1 98  0  0
2026-07-22 22:06:38  0  0      0 3014116   2104 486428    0    0     0   788  423  501  1  0 98  0  0
2026-07-22 22:06:43 procs -----------memory---------- ---swap-- -----io---- -system-- ------cpu-----
2026-07-22 22:06:43  r  b   swpd   free   buff  cache   si   so    bi    bo   in   cs us sy id wa st
2026-07-22 22:06:43  0  0      0 3014032   2104 486508    0    0     0  1042  541  633  1  1 98  0  0
2026-07-22 22:06:48  0  0      0 3013948   2104 486584    0    0     0  1037  538  628  1  1 98  1  0
2026-07-22 22:06:53  0  0      0 3013892   2104 486652    0    0     0   870  490  571  1  1 98  0  0
2026-07-22 22:06:58  0  0      0 3013780   2104 486708    0    0     0   967  462  528  1  1 98  0  0
2026-07-22 22:07:03  0  0      0 3013480   2104 486784    0    0     0   797  514  600  1  1 96  0  2
2026-07-22 22:07:08  0  0      0 3013580   2104 486860    0    0     0  1141  553  647  1  1 98  0  0
2026-07-22 22:07:13  0  0      0 3013524   2104 486928    0    0     0  1057  541  621  1  0 98  0  0
2026-07-22 22:07:18  0  0      0 3013440   2104 487008    0    0     0  1056  527  611  1  1 98  0  0
2026-07-22 22:07:23  0  0      0 3013328   2104 487064    0    0     0   616  370  438  1  0 99  0  0
2026-07-22 22:07:28  0  0      0 3013244   2104 487144    0    0     0  1134  536  629  1  1 98  0  0
2026-07-22 22:07:33  0  0      0 3028208   2104 472348    0    0     0  1067  515  589  1  1 98  0  0
2026-07-22 22:07:38  0  0      0 3027872   2104 472416    0    0     0   970  504  587  1  1 98  0  0
2026-07-22 22:07:43  0  0      0 3027816   2104 472480    0    0     0   888  464  541  1  1 98  0  0
2026-07-22 22:07:48  0  0      0 3027508   2104 472556    0    0     0   887  463  547  1  1 98  0  0
2026-07-22 22:07:53  0  0      0 3027424   2104 472620    0    0     0   982  511  583  1  1 98  0  0
2026-07-22 22:07:58  0  0      0 3027340   2104 472708    0    0     0  1152  543  639  1  1 98  0  0
2026-07-22 22:08:03  0  0      0 3027028   2104 472764    0    0     0   711  594  606  1  1 93  0  4
2026-07-22 22:08:08  0  0      0 3026992   2104 472828    0    0     0   722  397  470  1  1 99  0  0
2026-07-22 22:08:13  0  0      0 3026992   2104 472904    0    0     0  1066  539  635  1  1 98  0  0
2026-07-22 22:08:18  0  0      0 3026908   2104 472980    0    0     0   981  524  627  1  0 98  0  0
2026-07-22 22:08:23  0  0      0 3026852   2104 473048    0    0     0  1075  505  565  1  1 98  0  0
2026-07-22 22:08:28 procs -----------memory---------- ---swap-- -----io---- -system-- ------cpu-----
2026-07-22 22:08:28  r  b   swpd   free   buff  cache   si   so    bi    bo   in   cs us sy id wa st
2026-07-22 22:08:28  0  0      0 3026752   2104 473112    0    0     0   899  461  533  1  1 98  0  0
2026-07-22 22:08:33  0  0      0 3026668   2104 473184    0    0     0   805  465  565  1  0 98  0  0
2026-07-22 22:08:38  1  0      0 3026516   2104 473240    0    0     0  1170  547  639  1  1 98  1  0
2026-07-22 22:08:43  0  0      0 3026500   2104 473320    0    0     0  1087  548  643  1  1 98  0  0
2026-07-22 22:08:48  0  0      0 3026352   2104 473404    0    0     0   896  477  544  1  0 98  0  0
2026-07-22 22:08:53  0  0      0 3026388   2104 473464    0    0     0   725  414  501  1  0 99  0  0
2026-07-22 22:08:58  0  0      0 3026304   2104 473544    0    0     0  1130  542  631  1  1 98  0  0
2026-07-22 22:09:03  1  0      0 3024832   2104 473596    0    0     0   903  558  626  1  1 95  0  2
2026-07-22 22:09:08  0  0      0 3026192   2104 473684    0    0     0  1165  533  616  1  1 98  0  0
2026-07-22 22:09:13  0  0      0 3026136   2104 473744    0    0     0   914  467  542  1  1 98  0  0
2026-07-22 22:09:18  0  0      0 3017904   2104 482020    0    0     0   905  468  554  1  1 98  0  0
2026-07-22 22:09:23  0  0      0 3017848   2104 482096    0    0     0  1085  540  631  1  1 98  1  0
2026-07-22 22:09:28  0  0      0 3017764   2104 482176    0    0     0  1093  539  631  1  1 98  0  0
2026-07-22 22:09:33  0  0      0 3017540   2104 482244    0    0     0  1093  515  586  1  1 98  0  0
2026-07-22 22:09:38  0  0      0 3017456   2104 482308    0    0     0   734  421  507  1  0 98  0  0
2026-07-22 22:09:43  0  0      0 3017316   2104 482384    0    0     0  1186  532  620  1  1 98  0  0
2026-07-22 22:09:48  0  0      0 3017260   2104 482468    0    0     0  1204  547  626  1  1 98  1  0
2026-07-22 22:09:53  0  0      0 3017176   2104 482536    0    0     0  1094  516  585  1  1 98  0  0
2026-07-22 22:09:58  0  0      0 3017120   2104 482600    0    0     0   917  460  528  1  0 98  0  0
2026-07-22 22:10:03  0  0      0 3015032   2104 482684    0    0     0   732  480  537  1  1 93  0  4
2026-07-22 22:10:08  0  0      0 3016796   2104 482764    0    0     0  1104  594  674  1  1 98  0  0
2026-07-22 22:10:13 procs -----------memory---------- ---swap-- -----io---- -system-- ------cpu-----
2026-07-22 22:10:13  r  b   swpd   free   buff  cache   si   so    bi    bo   in   cs us sy id wa st
2026-07-22 22:10:13  0  0      0 3016740   2104 482844    0    0     0  1182  554  639  1  1 98  1  0
2026-07-22 22:10:18  0  0      0 3016656   2104 482912    0    0     0  1115  526  604  1  1 98  0  0
2026-07-22 22:10:23  0  0      0 3016572   2104 482976    0    0     0   734  409  482  1  1 99  0  0
2026-07-22 22:10:28  0  0      0 3016488   2104 483048    0    0     0  1012  526  598  1  1 98  0  0
2026-07-22 22:10:33  0  0      0 3016432   2104 483124    0    0     0  1109  533  617  1  1 98  0  0
2026-07-22 22:10:38  0  0      0 3016380   2104 483180    0    0     0  1112  538  618  1  1 98  1  0
2026-07-22 22:10:43  0  0      0 3016264   2104 483260    0    0     0  1009  464  529  1  1 98  0  0
2026-07-22 22:10:48  0  0      0 3016208   2104 483336    0    0     0   929  467  546  1  0 98  0  0
2026-07-22 22:10:53  0  0      0 3016096   2104 483416    0    0     0  1218  556  644  1  1 98  0  0
2026-07-22 22:10:58  0  0      0 3016040   2104 483496    0    0     0  1130  544  638  1  1 98  1  0
2026-07-22 22:11:03  0  0      0 3007372   2104 490260    0    0     0   835  490  515  1  1 94  0  4
2026-07-22 22:11:08  0  0      0 3009096   2104 490312    0    0     0   742  430  510  1  1 98  0  0
2026-07-22 22:11:13  0  0      0 3009040   2104 490392    0    0     0  1117  528  598  1  1 98  0  0
2026-07-22 22:11:18  0  0      0 3009012   2104 490468    0    0     0  1214  528  607  1  1 98  1  0
2026-07-22 22:11:23  0  0      0 3008900   2104 490540    0    0     0  1226  542  615  1  1 98  0  0
2026-07-22 22:11:28  0  0      0 3008816   2104 490604    0    0     0   950  466  540  1  0 98  0  0
2026-07-22 22:11:33  0  0      0 3008704   2104 490680    0    0     0   939  473  548  1  1 98  0  0
2026-07-22 22:11:38  0  0      0 3008648   2104 490760    0    0     0  1122  530  607  1  1 98  0  0
2026-07-22 22:11:43  0  0      0 3008592   2104 490840    0    0     0  1218  569  660  1  1 98  1  0
2026-07-22 22:11:48  0  0      0 3008476   2104 490896    0    0     0  1133  528  604  1  1 98  0  0
2026-07-22 22:11:53  0  0      0 3008452   2104 490968    0    0     0   737  409  496  1  1 99  0  0
2026-07-22 22:11:58 procs -----------memory---------- ---swap-- -----io---- -system-- ------cpu-----
2026-07-22 22:11:58  r  b   swpd   free   buff  cache   si   so    bi    bo   in   cs us sy id wa st
2026-07-22 22:11:58  0  0      0 3008340   2104 491044    0    0     0  1140  547  638  1  1 98  0  0
2026-07-22 22:12:03  0  0      0 3006316   2104 491120    0    0     0   943  539  596  1  1 93  0  4
2026-07-22 22:12:08  0  0      0 3008140   2104 491192    0    0     0  1133  543  617  1  1 98  0  0
2026-07-22 22:12:13  0  0      0 3023036   2104 476364    0    0     0   945  456  523  1  1 98  0  0
2026-07-22 22:12:18  0  0      0 3022952   2104 476440    0    0     0   754  442  530  1  1 98  0  0
2026-07-22 22:12:23  0  0      0 3022800   2104 476488    0    0     0  1123  532  614  1  1 98  0  0
2026-07-22 22:12:28  0  0      0 3022784   2104 476592    0    0     0  1163  540  624  1  1 98  0  0
2026-07-22 22:12:33  0  0      0 3022700   2104 476644    0    0     0  1153  509  571  1  1 98  1  0
2026-07-22 22:12:38  0  0      0 3022700   2104 476720    0    0     0   764  400  482  1  0 98  0  0
2026-07-22 22:12:43  0  0      0 3022700   2104 476804    0    0     0  1134  545  641  1  1 98  0  0
2026-07-22 22:12:48  0  0      0 3022616   2104 476880    0    0     0  1144  534  625  1  1 98  1  0
2026-07-22 22:12:53  0  0      0 3022364   2104 476952    0    0     0  1238  539  607  1  1 98  0  0
2026-07-22 22:12:58  0  0      0 3022280   2104 477016    0    0     0  1067  474  563  1  1 98  0  0
2026-07-22 22:13:03  0  0      0 3021800   2104 477068    0    0     0   779  498  567  1  1 95  0  2
2026-07-22 22:13:08  0  0      0 3021872   2104 477160    0    0     0  1056  520  612  1  1 98  0  0
2026-07-22 22:13:13  0  0      0 3021816   2104 477228    0    0     0  1152  540  623  1  1 98  1  0
2026-07-22 22:13:18  0  0      0 3021732   2104 477304    0    0     0  1152  520  594  1  1 98  0  0
2026-07-22 22:13:23  0  0      0 3021676   2104 477356    0    0     0   768  392  459  1  0 98  0  0
2026-07-22 22:13:28  0  0      0 3021592   2104 477444    0    0     0  1161  550  622  1  1 98  0  0
2026-07-22 22:13:33  0  0      0 3021368   2104 477528    0    0     0  1250  555  648  1  1 98  0  0
2026-07-22 22:13:38  1  0      0 3021284   2104 477576    0    0     0  1174  517  587  1  1 98  0  0
2026-07-22 22:13:43 procs -----------memory---------- ---swap-- -----io---- -system-- ------cpu-----
2026-07-22 22:13:43  r  b   swpd   free   buff  cache   si   so    bi    bo   in   cs us sy id wa st
2026-07-22 22:13:43  0  0      0 3021200   2104 477652    0    0     0   871  468  548  1  0 98  0  0
2026-07-22 22:13:48  0  0      0 3021144   2104 477732    0    0     0   972  489  589  1  1 98  0  0
2026-07-22 22:13:53  0  0      0 3021080   2104 477768    0    0     0   968  541  561  1  1 97  0  0
2026-07-22 22:13:58  0  0      0 3012848   2104 486036    0    0     0  1171  541  627  1  1 98  0  0
2026-07-22 22:14:03  0  0      0 3012576   2104 486104    0    0     0  1145  576  627  1  1 95  0  3
2026-07-22 22:14:08  0  0      0 3012576   2104 486168    0    0     0   786  418  513  1  1 99  0  0
2026-07-22 22:14:13  0  0      0 3012512   2104 486244    0    0     0  1167  519  585  1  1 98  1  0
2026-07-22 22:14:18  0  0      0 3012456   2104 486324    0    0     0  1172  522  594  1  1 98  0  0
2026-07-22 22:14:23  0  0      0 3012260   2104 486396    0    0     0  1269  520  577  1  1 98  1  0
2026-07-22 22:14:28  0  0      0 3012176   2104 486460    0    0     0  1110  471  540  1  0 98  0  0
2026-07-22 22:14:33  0  0      0 3012124   2104 486536    0    0     0   978  479  578  1  1 98  0  0
2026-07-22 22:14:38  0  0      0 3012012   2104 486616    0    0     0  1268  544  648  1  1 98  1  0
2026-07-22 22:14:43  0  0      0 3011956   2104 486692    0    0     0  1197  531  603  1  1 98  0  0
2026-07-22 22:14:48  0  0      0 3011844   2104 486756    0    0     0  1083  488  557  1  1 98  0  0
2026-07-22 22:14:53  0  0      0 3011788   2104 486824    0    0     0   787  407  490  1  1 98  0  0
2026-07-22 22:14:58  0  0      0 3011704   2104 486900    0    0     0  1192  533  621  1  1 98  0  0
2026-07-22 22:15:03  0  0      0 3011512   2104 486948    0    0     0   885  533  560  1  2 92  0  5
2026-07-22 22:15:08  0  0      0 3011708   2104 487020    0    0     0  1259  534  613  1  1 98  0  0
2026-07-22 22:15:13  0  0      0 3011556   2104 487084    0    0     0   984  461  531  1  0 98  0  0
2026-07-22 22:15:18  0  0      0 3011624   2104 487160    0    0     0   998  487  580  1  1 98  0  0
2026-07-22 22:15:23  0  0      0 3011512   2104 487240    0    0     0  1180  531  612  1  1 98  0  0
2026-07-22 22:15:28 procs -----------memory---------- ---swap-- -----io---- -system-- ------cpu-----
2026-07-22 22:15:28  r  b   swpd   free   buff  cache   si   so    bi    bo   in   cs us sy id wa st
2026-07-22 22:15:28  0  0      0 3011428   2104 487316    0    0     0  1197  522  602  1  1 98  1  0
2026-07-22 22:15:33  0  0      0 3011344   2104 487380    0    0     0  1092  494  561  1  1 98  0  0
2026-07-22 22:15:38  0  0      0 3011260   2104 487444    0    0     0   799  399  478  1  0 99  0  0
2026-07-22 22:15:43  0  0      0 3011204   2104 487528    0    0     0  1378  562  655  1  1 98  0  0
2026-07-22 22:15:48  0  0      0 3004400   2104 494304    0    0     0  1202  535  618  1  1 98  0  0
2026-07-22 22:15:53  0  0      0 3004260   2104 494372    0    0     0  1198  527  605  1  1 98  0  0
2026-07-22 22:15:58  0  0      0 3004108   2104 494432    0    0     0  1016  459  532  1  0 98  0  0
2026-07-22 22:16:03  0  0      0 3003952   2104 494508    0    0     0   900  530  619  1  1 96  0  2
2026-07-22 22:16:08  0  0      0 3003924   2104 494584    0    0     0  1200  520  597  1  1 98  0  0
2026-07-22 22:16:13  0  0      0 3003896   2104 494664    0    0     0  1198  521  587  1  1 98  0  0
2026-07-22 22:16:18  1  0      0 3003868   2104 494716    0    0     0  1292  523  598  1  1 98  0  0
2026-07-22 22:16:23  0  0      0 3003784   2104 494796    0    0     0   812  414  492  1  0 99  0  0
2026-07-22 22:16:28  0  0      0 3003672   2104 494872    0    0     0  1209  532  621  1  1 98  0  0
2026-07-22 22:16:33  0  0      0 3003588   2104 494952    0    0     0  1211  544  641  1  1 98  0  0
2026-07-22 22:16:38  0  0      0 3003504   2104 495020    0    0     0  1215  535  621  1  1 98  1  0
2026-07-22 22:16:43  0  0      0 3003420   2104 495080    0    0     0  1012  462  534  1  1 98  0  0
2026-07-22 22:16:48  0  0      0 3003336   2104 495156    0    0     0  1090  477  562  1  1 98  0  0
2026-07-22 22:16:53  0  0      0 3018252   2104 480356    0    0     0  1222  521  574  1  1 98  0  0
2026-07-22 22:16:58  0  0      0 3018188   2104 480408    0    0     0  1110  532  622  1  1 98  0  0
2026-07-22 22:17:03  0  0      0 3018000   2104 480492    0    0     0   924  545  610  1  1 95  0  2
2026-07-22 22:17:08  0  0      0 3017972   2104 480556    0    0     0   814  410  492  1  0 99  0  0
2026-07-22 22:17:13 procs -----------memory---------- ---swap-- -----io---- -system-- ------cpu-----
2026-07-22 22:17:13  r  b   swpd   free   buff  cache   si   so    bi    bo   in   cs us sy id wa st
2026-07-22 22:17:13  0  0      0 3017916   2104 480636    0    0     0  1221  523  612  1  1 98  0  0
2026-07-22 22:17:18  0  0      0 3017796   2104 480708    0    0     0  1096  496  564  1  1 98  0  0
2026-07-22 22:17:23  0  0      0 3017768   2104 480764    0    0     0  1219  515  592  1  1 98  0  0
2026-07-22 22:17:28  0  0      0 3017748   2104 480836    0    0     0  1029  473  549  1  1 98  0  0
2026-07-22 22:17:33  0  0      0 3017524   2104 480916    0    0     0  1020  484  588  1  0 98  0  0
2026-07-22 22:17:38  0  0      0 3017440   2104 480992    0    0     0  1226  547  625  1  1 98  1  0
2026-07-22 22:17:43  0  0      0 3017296   2104 481044    0    0     0  1235  539  631  1  1 98  0  0
2026-07-22 22:17:48  0  0      0 3017244   2104 481136    0    0     0  1236  505  573  1  1 98  0  0
2026-07-22 22:17:53  0  1      0 3017160   2104 481200    0    0     0  1012  432  503  1  1 98  0  0
2026-07-22 22:17:58  0  0      0 3017048   2104 481284    0    0     0  1239  538  634  1  1 98  0  0
2026-07-22 22:18:03  0  0      0 3016884   2104 481356    0    0     0  1134  564  617  1  1 93  0  3
2026-07-22 22:18:08  0  0      0 3016912   2104 481408    0    0     0  1024  465  519  1  1 98  0  0
2026-07-22 22:18:13  0  0      0 3016824   2104 481484    0    0     0   927  440  498  1  1 98  0  0
2026-07-22 22:18:18  0  0      0 3016828   2104 481552    0    0     0  1032  479  569  1  0 98  0  0
2026-07-22 22:18:23  0  0      0 3016716   2104 481632    0    0     0  1319  533  619  1  1 98  0  0
2026-07-22 22:18:28  0  0      0 3016604   2104 481708    0    0     0  1237  531  610  1  1 98  1  0
2026-07-22 22:18:33  0  0      0 3016548   2104 481776    0    0     0  1156  514  595  1  1 98  0  0
2026-07-22 22:18:38  1  0      0 3016464   2104 481840    0    0     0   826  430  514  1  0 99  0  0
2026-07-22 22:18:43  0  0      0 3008176   2104 490112    0    0     0  1244  516  603  1  1 98  0  0
2026-07-22 22:18:48  0  0      0 3008036   2104 490192    0    0     0  1349  558  648  1  1 98  1  0
2026-07-22 22:18:53  0  0      0 3008000   2104 490236    0    0     0  1143  591  653  2  1 97  0  0
2026-07-22 22:18:58 procs -----------memory---------- ---swap-- -----io---- -system-- ------cpu-----
2026-07-22 22:18:58  r  b   swpd   free   buff  cache   si   so    bi    bo   in   cs us sy id wa st
2026-07-22 22:18:58  0  0      0 3007876   2104 490296    0    0     0  1040  460  527  1  1 98  0  0
2026-07-22 22:19:03  0  0      0 3007728   2104 490372    0    0     0  1036  530  624  1  1 96  0  2
2026-07-22 22:19:08  0  0      0 3007700   2104 490452    0    0     0  1258  532  606  1  1 98  0  0
2026-07-22 22:19:13  0  0      0 3007640   2104 490524    0    0     0  1142  525  609  1  1 98  0  0
2026-07-22 22:19:18  0  0      0 3007492   2104 490576    0    0     0  1248  524  605  1  1 98  0  0
2026-07-22 22:19:23  0  0      0 3007444   2104 490656    0    0     0   943  450  535  1  1 98  0  0
2026-07-22 22:19:28  0  0      0 3007360   2104 490732    0    0     0  1154  499  593  1  1 98  0  0
2026-07-22 22:19:33  0  0      0 3007276   2104 490812    0    0     0  1295  532  606  1  1 98  0  0
2026-07-22 22:19:38  0  0      0 3007192   2104 490880    0    0     0  1475  548  626  1  1 98  1  0
2026-07-22 22:19:43  0  0      0 3007040   2104 490940    0    0     0   943  439  509  1  1 98  0  0
2026-07-22 22:19:48  0  0      0 3007024   2104 491016    0    0     0  1048  477  572  1  1 98  0  0
2026-07-22 22:19:53  0  0      0 3006940   2104 491096    0    0     0  1258  543  626  1  0 98  1  0
2026-07-22 22:19:58  0  0      0 3006892   2104 491148    0    0     0  1266  526  603  1  1 98  0  0
2026-07-22 22:20:03  0  0      0 3006616   2104 491264    0    0     0   858  524  567  1  2 91  0  5
2026-07-22 22:20:08  1  0      0 3006448   2104 491324    0    0     0  1134  446  518  1  0 98  0  0
2026-07-22 22:20:13  0  0      0 3006364   2104 491412    0    0     0  1386  538  606  1  1 98  0  0
2026-07-22 22:20:18  0  0      0 3006280   2104 491496    0    0     0  1478  543  592  1  1 98  0  0
2026-07-22 22:20:23  0  0      0 3006140   2104 491572    0    0     0  1582  597  661  1  1 98  1  0
2026-07-22 22:20:28  0  0      0 2999320   2104 498356    0    0     0  1263  501  576  1  1 98  0  0
2026-07-22 22:20:33  0  0      0 2999096   2104 498444    0    0     0  1392  545  649  1  1 98  1  0
2026-07-22 22:20:38  0  0      0 2998984   2104 498532    0    0     0  1693  603  686  1  1 97  1  0
2026-07-22 22:20:43 procs -----------memory---------- ---swap-- -----io---- -system-- ------cpu-----
2026-07-22 22:20:43  r  b   swpd   free   buff  cache   si   so    bi    bo   in   cs us sy id wa st
2026-07-22 22:20:43  0  0      0 2998872   2104 498620    0    0     0  1496  571  639  1  1 98  1  0
2026-07-22 22:20:48  0  0      0 2998756   2104 498676    0    0     0  1487  538  602  1  1 98  1  0
2026-07-22 22:20:53  2  0      0 2998704   2104 498764    0    0     0  1277  525  601  1  1 98  0  0
2026-07-22 22:20:58  0  0      0 2998620   2104 498852    0    0     0  1504  561  646  1  1 98  1  0
2026-07-22 22:21:03  0  0      0 2998388   2104 498932    0    0     0  1178  609  675  1  1 96  0  1
2026-07-22 22:21:08  0  0      0 2998388   2104 499008    0    0     0  1606  582  640  1  1 97  1  0
2026-07-22 22:21:13  0  0      0 2998388   2104 499080    0    0     0  1398  517  602  1  1 98  0  0
2026-07-22 22:21:18  0  0      0 2998332   2104 499168    0    0     0  1394  543  635  1  1 98  1  0
2026-07-22 22:21:23  0  0      0 2998220   2104 499248    0    0     0  1508  562  630  1  1 98  1  0
2026-07-22 22:21:28  0  0      0 3013056   2104 484452    0    0     0  1618  619  692  1  1 97  1  0
2026-07-22 22:21:33  0  0      0 3013000   2104 484520    0    0     0  1314  527  585  1  1 98  0  0
2026-07-22 22:21:38  2  0      0 3012848   2104 484592    0    0     0  1298  523  603  1  1 98  1  0
2026-07-22 22:21:43  0  0      0 3012664   2104 484680    0    0     0  1590  568  663  1  1 98  0  0
2026-07-22 22:21:48  0  0      0 3012580   2104 484768    0    0     0  1634  605  689  1  1 98  1  0
2026-07-22 22:21:53  0  0      0 3012440   2104 484844    0    0     0  1626  581  649  1  1 98  1  0
2026-07-22 22:21:58  0  0      0 3012092   2104 484920    0    0     0  1307  511  595  1  1 98  1  0
2026-07-22 22:22:03  0  0      0 3011828   2104 484996    0    0     0  1091  581  672  1  1 94  0  3
2026-07-22 22:22:08  0  0      0 3011908   2104 485084    0    0     0  1528  592  672  1  1 98  1  0
2026-07-22 22:22:13  0  0      0 3011816   2104 485172    0    0     0  1712  624  703  1  1 97  1  0
2026-07-22 22:22:18  0  0      0 3011796   2104 485248    0    0     0  1518  571  648  1  1 98  1  0
2026-07-22 22:22:23  0  0      0 3011584   2104 485316    0    0     0  1327  529  617  1  1 98  0  0
2026-07-22 22:22:28 procs -----------memory---------- ---swap-- -----io---- -system-- ------cpu-----
2026-07-22 22:22:28  r  b   swpd   free   buff  cache   si   so    bi    bo   in   cs us sy id wa st
2026-07-22 22:22:28  0  0      0 3011508   2104 485392    0    0     0  1423  573  670  1  1 98  0  0
2026-07-22 22:22:33  0  0      0 3011484   2104 485496    0    0     0  1652  620  717  1  1 98  1  0
2026-07-22 22:22:38  0  0      0 3011312   2104 485556    0    0     0  1647  590  674  1  1 97  1  0
2026-07-22 22:22:43  0  0      0 3011196   2104 485640    0    0     0  1206  522  616  1  1 98  0  0
2026-07-22 22:22:48  0  0      0 3011232   2104 485720    0    0     0  1316  548  642  1  1 98  0  0
2026-07-22 22:22:53  0  0      0 3011120   2104 485808    0    0     0  1646  603  700  1  1 98  1  0
2026-07-22 22:22:58  0  0      0 3011000   2104 485880    0    0     0  1668  612  707  1  1 97  1  0
2026-07-22 22:23:03  0  0      0 3002568   2104 494180    0    0     0  1325  565  604  1  1 95  0  2
2026-07-22 22:23:08  0  0      0 3002500   2104 494256    0    0     0  1315  540  631  1  1 98  0  0
2026-07-22 22:23:13  0  0      0 3002596   2104 494344    0    0     0  1432  570  662  1  1 98  1  0
2026-07-22 22:23:18  0  0      0 3002484   2104 494424    0    0     0  1436  568  659  1  1 98  0  0
2026-07-22 22:23:23  0  0      0 3002336   2104 494480    0    0     0  1751  577  644  1  1 98  1  0
2026-07-22 22:23:28  0  0      0 3002320   2104 494568    0    0     0  1347  527  616  1  1 98  0  0
2026-07-22 22:23:33  0  0      0 3002204   2104 494660    0    0     0  1447  571  663  1  1 98  0  0
2026-07-22 22:23:38  0  0      0 3002120   2104 494748    0    0     0  1665  598  678  1  1 98  1  0
2026-07-22 22:23:43  0  0      0 3001972   2104 494820    0    0     0  1661  621  714  1  1 98  1  0
2026-07-22 22:23:48  0  0      0 3001948   2104 494896    0    0     0  1561  567  652  1  1 98  1  0
2026-07-22 22:23:53  0  0      0 3001868   2104 494984    0    0     0  1457  542  605  1  1 98  1  0
2026-07-22 22:23:58  0  0      0 3001784   2104 495072    0    0     0  1682  600  685  1  1 98  1  0
2026-07-22 22:24:03  0  0      0 3001504   2104 495152    0    0     0  1459  780  776  2  2 90  0  6
2026-07-22 22:24:08  0  0      0 3001476   2104 495228    0    0     0  1568  590  643  1  1 98  1  0
2026-07-22 22:24:13 procs -----------memory---------- ---swap-- -----io---- -system-- ------cpu-----
2026-07-22 22:24:13  r  b   swpd   free   buff  cache   si   so    bi    bo   in   cs us sy id wa st
2026-07-22 22:24:13  0  0      0 3001380   2104 495304    0    0     0  1456  586  667  1  1 98  0  0
2026-07-22 22:24:18  0  0      0 3001392   2104 495388    0    0     0  1466  562  616  1  1 98  1  0
2026-07-22 22:24:23  0  0      0 3001252   2104 495476    0    0     0  1580  627  678  1  1 97  1  0
2026-07-22 22:24:28  0  0      0 3001104   2104 495548    0    0     0  1794  610  671  1  1 98  1  0
2026-07-22 22:24:33  0  0      0 3001028   2104 495632    0    0     0  1485  589  659  1  1 98  1  0
2026-07-22 22:24:38  0  0      0 2994236   2104 502428    0    0     0  1696  595  668  1  1 98  1  0
2026-07-22 22:24:43  0  0      0 2994152   2104 502512    0    0     0  1473  595  666  1  1 98  0  0
2026-07-22 22:24:48  0  0      0 2994040   2104 502596    0    0     0  1702  610  672  1  1 97  1  0
2026-07-22 22:24:53  0  0      0 2993892   2104 502680    0    0     0  1591  586  634  1  1 98  1  0
2026-07-22 22:24:58  0  0      0 2993936   2104 502756    0    0     0  1696  612  701  1  1 98  1  0
2026-07-22 22:25:03  2  0      0 2992660   2104 502836    0    0     0  1277  595  649  1  1 94  0  3
2026-07-22 22:25:08  0  0      0 2993736   2104 502932    0    0     0  1934  688  735  1  1 97  1  0
2026-07-22 22:25:13  0  0      0 2993624   2104 503016    0    0     0  1715  611  661  1  1 98  1  0
2026-07-22 22:25:18  0  1      0 2993604   2104 503088    0    0     0  1721  607  664  1  1 98  1  0
2026-07-22 22:25:23  0  0      0 2993360   2104 503172    0    0     0  1258  535  587  1  1 98  1  0
2026-07-22 22:25:28  0  0      0 2993372   2104 503252    0    0     0  1461  551  607  1  1 98  0  0
2026-07-22 22:25:33  2  0      0 2993288   2104 503332    0    0     0  1630  627  672  1  1 97  1  0
2026-07-22 22:25:38  0  0      0 3008248   2104 488540    0    0     0  1497  568  616  1  1 98  1  0
2026-07-22 22:25:43  0  0      0 3008132   2104 488620    0    0     0  1497  569  641  1  1 98  1  0
2026-07-22 22:25:48  0  0      0 3008048   2104 488708    0    0     0  1610  580  648  1  1 98  1  0
2026-07-22 22:25:53  0  0      0 3007936   2104 488800    0    0     0  1729  632  685  1  1 98  1  0
2026-07-22 22:25:58 procs -----------memory---------- ---swap-- -----io---- -system-- ------cpu-----
2026-07-22 22:25:58  r  b   swpd   free   buff  cache   si   so    bi    bo   in   cs us sy id wa st
2026-07-22 22:25:58  0  0      0 3007796   2104 488880    0    0     0  1734  619  667  1  1 97  1  0
2026-07-22 22:26:03  0  1      0 3005724   2104 488944    0    0     0  1483  622  677  1  1 93  0  4
2026-07-22 22:26:08  0  0      0 3007364   2104 489028    0    0     0  1522  593  646  1  1 97  1  0
2026-07-22 22:26:13  0  0      0 3007364   2104 489116    0    0     0  1509  574  644  1  1 98  1  0
2026-07-22 22:26:18  0  0      0 3007308   2104 489192    0    0     0  1624  609  669  1  1 97  1  0
2026-07-22 22:26:23  0  0      0 3007224   2104 489268    0    0     0  1506  571  628  1  1 98  1  0
2026-07-22 22:26:28  0  0      0 3007136   2104 489344    0    0     0  1508  577  645  1  1 98  1  0
2026-07-22 22:26:33  0  0      0 3007056   2104 489424    0    0     0  1493  546  597  1  1 98  0  0
2026-07-22 22:26:38  0  0      0 3006972   2104 489512    0    0     0  1886  653  706  1  1 97  1  0
2026-07-22 22:26:43  0  0      0 3006860   2104 489608    0    0     0  1987  660  709  2  1 97  1  0
2026-07-22 22:26:48  0  1      0 3006776   2104 489684    0    0     0  1634  592  652  1  1 98  1  0
2026-07-22 22:26:53  0  0      0 3006692   2104 489760    0    0     0  1524  556  604  1  1 98  1  0
2026-07-22 22:26:58  0  0      0 3006608   2104 489848    0    0     0  1518  587  659  1  1 98  0  0
2026-07-22 22:27:03  0  0      0 3004660   2104 489928    0    0     0  1652  664  708  1  1 93  1  4
2026-07-22 22:27:08  0  0      0 3006284   2104 490012    0    0     0  1868  636  685  1  1 97  1  0
2026-07-22 22:27:13  0  0      0 2998108   2104 498300    0    0     0  1778  618  691  1  1 97  1  0
2026-07-22 22:27:18  0  0      0 2997928   2104 498364    0    0     0  1647  569  611  1  1 98  1  0
2026-07-22 22:27:23  0  0      0 2997912   2104 498460    0    0     0  1764  637  693  1  1 97  1  0
2026-07-22 22:27:28  0  0      0 2997772   2104 498544    0    0     0  1657  582  640  1  1 97  1  0
2026-07-22 22:27:33  1  0      0 2997716   2104 498632    0    0     0  1784  613  674  1  1 97  1  0
2026-07-22 22:27:38  0  0      0 2997544   2104 498704    0    0     0  1760  580  632  1  1 97  1  0
2026-07-22 22:27:43 procs -----------memory---------- ---swap-- -----io---- -system-- ------cpu-----
2026-07-22 22:27:43  r  b   swpd   free   buff  cache   si   so    bi    bo   in   cs us sy id wa st
2026-07-22 22:27:43  0  0      0 2997520   2104 498788    0    0     0  1432  571  633  1  1 98  0  0
2026-07-22 22:27:48  0  0      0 2997380   2104 498872    0    0     0  1775  622  678  1  1 97  1  0
2026-07-22 22:27:53  0  0      0 2997296   2104 498956    0    0     0  1782  608  662  1  1 97  1  0
2026-07-22 22:27:58  0  0      0 2997184   2104 499052    0    0     0  1669  616  693  1  1 97  1  0
2026-07-22 22:28:03  0  0      0 2995240   2104 499124    0    0     0  1433  611  643  1  1 92  0  5
2026-07-22 22:28:08  0  0      0 2996864   2104 499208    0    0     0  1878  663  726  1  1 97  1  0
2026-07-22 22:28:13  0  0      0 2996776   2104 499284    0    0     0  1558  599  645  1  1 98  1  0
2026-07-22 22:28:18  0  0      0 2996752   2104 499368    0    0     0  1682  609  668  1  1 98  1  0
2026-07-22 22:28:23  0  0      0 2996668   2104 499444    0    0     0  1686  574  627  1  1 98  1  0
2026-07-22 22:28:28  0  0      0 2996556   2104 499528    0    0     0  1561  576  649  1  1 98  1  0
2026-07-22 22:28:33  0  0      0 2996412   2104 499612    0    0     0  1931  629  674  1  1 97  1  0
2026-07-22 22:28:38  0  0      0 2996388   2104 499696    0    0     0  1813  608  654  1  1 97  1  0
2026-07-22 22:28:43  0  0      0 2989580   2104 506468    0    0     0  1554  566  631  1  1 98  0  0
2026-07-22 22:28:48  0  0      0 2989472   2104 506552    0    0     0  1588  563  616  1  1 98  1  0
2026-07-22 22:28:53  0  0      0 2989388   2104 506632    0    0     0  1702  613  677  1  1 97  1  0
2026-07-22 22:28:58  0  0      0 2989304   2104 506724    0    0     0  1938  629  677  1  1 97  1  0
2026-07-22 22:29:03  0  1      0 2987252   2104 506760    0    0     0  1449  727  721  2  2 92  0  4
2026-07-22 22:29:08  0  0      0 2989024   2104 506832    0    0     0  1464  582  640  1  1 97  1  0
2026-07-22 22:29:13  0  0      0 2988996   2104 506912    0    0     0  1660  584  643  1  1 98  1  0
2026-07-22 22:29:18  0  0      0 2988852   2104 507000    0    0     0  1944  662  713  1  1 97  1  0
2026-07-22 22:29:23  0  0      0 2988828   2104 507076    0    0     0  1722  602  647  1  1 97  1  0
2026-07-22 22:29:28 procs -----------memory---------- ---swap-- -----io---- -system-- ------cpu-----
2026-07-22 22:29:28  r  b   swpd   free   buff  cache   si   so    bi    bo   in   cs us sy id wa st
2026-07-22 22:29:28  0  0      0 2988744   2104 507164    0    0     0  1580  583  647  1  1 98  1  0
2026-07-22 22:29:33  0  0      0 2988660   2104 507240    0    0     0  1582  565  610  1  1 98  1  0
2026-07-22 22:29:38  0  0      0 2988548   2104 507324    0    0     0  1876  628  672  1  1 97  1  0
2026-07-22 22:29:43  0  0      0 3003516   2104 492484    0    0     0  1720  607  652  1  1 97  1  0
2026-07-22 22:29:48  0  0      0 3003264   2104 492564    0    0     0  1714  601  656  1  1 97  1  0
2026-07-22 22:29:53  0  0      0 3003208   2104 492660    0    0     0  1702  556  600  1  1 98  1  0
2026-07-22 22:29:58  0  0      0 3003096   2104 492748    0    0     0  1725  596  670  1  1 97  1  0
2026-07-22 22:30:03  0  0      0 3002828   2104 492832    0    0     0  1590  720  769  2  2 90  0  6
2026-07-22 22:30:08  0  0      0 3002828   2104 492904    0    0     0  1596  566  595  1  1 98  1  0
2026-07-22 22:30:13  1  0      0 3002540   2104 492984    0    0     0  1722  595  648  1  1 98  1  0
2026-07-22 22:30:18  0  0      0 3002384   2104 493072    0    0     0  1726  584  643  1  1 97  0  0
2026-07-22 22:30:23  0  0      0 3002272   2104 493160    0    0     0  1848  647  712  1  1 97  1  0
2026-07-22 22:30:28  0  0      0 3002160   2104 493240    0    0     0  1842  610  659  1  1 98  1  0
2026-07-22 22:30:33  1  0      0 3002076   2104 493304    0    0     0  1725  600  657  1  1 98  1  0
2026-07-22 22:30:38  0  0      0 3001868   2104 493396    0    0     0  1760  581  627  1  1 97  1  0
2026-07-22 22:30:43  0  0      0 3001880   2104 493484    0    0     0  1618  586  655  1  1 98  1  0
2026-07-22 22:30:48  0  0      0 3001796   2104 493564    0    0     0  2106  654  711  2  1 97  1  0
2026-07-22 22:30:53  0  0      0 3001656   2104 493648    0    0     0  1612  592  641  1  1 98  1  0
2026-07-22 22:30:58  0  0      0 3001572   2104 493736    0    0     0  1707  578  656  1  1 98  1  0
2026-07-22 22:31:03  0  0      0 3000456   2104 493808    0    0     0  1501  611  658  1  1 96  0  1
2026-07-22 22:31:08  0  0      0 2999616   2104 493896    0    0     0  1877  641  697  1  1 97  1  0
2026-07-22 22:31:13 procs -----------memory---------- ---swap-- -----io---- -system-- ------cpu-----
2026-07-22 22:31:13  r  b   swpd   free   buff  cache   si   so    bi    bo   in   cs us sy id wa st
2026-07-22 22:31:13  0  0      0 2999140   2104 493972    0    0     0  1885  639  699  2  1 97  1  0
2026-07-22 22:31:18  0  0      0 2990792   2104 502244    0    0     0  1874  625  667  1  1 97  1  0
2026-07-22 22:31:23  0  0      0 2990708   2104 502332    0    0     0  1630  575  631  1  1 98  1  0
2026-07-22 22:31:28  0  0      0 2990656   2104 502424    0    0     0  1856  606  662  1  1 98  1  0
2026-07-22 22:31:33  0  0      0 2990512   2104 502480    0    0     0  1775  603  648  1  1 98  1  0
2026-07-22 22:31:38  0  0      0 2990460   2104 502576    0    0     0  1543  569  620  1  1 98  1  0
2026-07-22 22:31:43  0  0      0 2990532   2104 502648    0    0     0  1644  598  663  1  1 98  1  0
2026-07-22 22:31:48  0  0      0 2990488   2104 502744    0    0     0  1892  594  634  1  1 97  1  0
2026-07-22 22:31:53  0  0      0 2990432   2104 502828    0    0     0  1757  631  678  1  1 97  0  0
2026-07-22 22:31:58  0  0      0 2990292   2104 502912    0    0     0  2014  630  658  2  1 97  1  0
2026-07-22 22:32:03  0  0      0 2990096   2104 502976    0    0     0  1494  630  663  1  1 93  0  4
2026-07-22 22:32:08  0  0      0 2990040   2104 503056    0    0     0  1661  555  606  1  1 98  1  0
2026-07-22 22:32:13  0  0      0 2989760   2104 503152    0    0     0  1775  612  689  1  1 98  1  0
2026-07-22 22:32:18  0  0      0 2989732   2104 503236    0    0     0  1897  632  675  1  1 97  1  0
2026-07-22 22:32:23  0  0      0 2989616   2104 503312    0    0     0  1769  607  659  1  1 98  1  0
2026-07-22 22:32:28  0  0      0 2989504   2104 503396    0    0     0  1522  574  634  1  1 98  1  0
2026-07-22 22:32:33  0  0      0 2989392   2104 503468    0    0     0  1746  570  624  1  1 98  1  0
2026-07-22 22:32:38  0  0      0 2989280   2104 503564    0    0     0  2182  686  742  2  1 97  1  0
2026-07-22 22:32:43  0  0      0 2989224   2104 503652    0    0     0  1909  612  660  1  1 97  1  0
2026-07-22 22:32:48  0  0      0 2989108   2104 503712    0    0     0  1526  573  623  1  1 98  0  0
2026-07-22 22:32:53  0  0      0 2982428   2104 510496    0    0     0  1653  572  633  1  1 98  1  0
2026-07-22 22:32:58 procs -----------memory---------- ---swap-- -----io---- -system-- ------cpu-----
2026-07-22 22:32:58  r  b   swpd   free   buff  cache   si   so    bi    bo   in   cs us sy id wa st
2026-07-22 22:32:58  0  0      0 2982280   2104 510580    0    0     0  1798  610  657  1  1 98  1  0
2026-07-22 22:33:03  0  0      0 2981972   2104 510664    0    0     0  1792  682  709  2  1 94  1  3
2026-07-22 22:33:08  0  0      0 2981968   2104 510720    0    0     0  1752  575  626  1  1 98  0  0
2026-07-22 22:33:13  0  0      0 2981848   2104 510804    0    0     0  1536  560  632  1  1 98  1  0
2026-07-22 22:33:18  0  0      0 2981832   2104 510896    0    0     0  1679  577  620  1  1 98  1  0
2026-07-22 22:33:23  0  0      0 2981776   2104 510984    0    0     0  2053  656  702  1  1 97  1  0
2026-07-22 22:33:28  0  0      0 2981636   2104 511064    0    0     0  1802  605  662  1  1 97  1  0
2026-07-22 22:33:33  0  0      0 2981216   2104 511140    0    0     0  1675  588  634  1  1 98  1  0
2026-07-22 22:33:38  0  0      0 2981076   2104 511220    0    0     0  1812  575  622  1  1 98  1  0
2026-07-22 22:33:43  0  0      0 2980992   2104 511304    0    0     0  1649  576  628  1  1 98  1  0
2026-07-22 22:33:48  0  0      0 2995916   2104 496496    0    0     0  1958  623  668  1  1 97  1  0
2026-07-22 22:33:53  0  0      0 2995720   2104 496572    0    0     0  1684  612  663  1  1 98  1  0
2026-07-22 22:33:58  0  0      0 2995608   2104 496648    0    0     0  1552  565  631  1  1 97  0  0
2026-07-22 22:34:03  0  0      0 2995312   2104 496732    0    0     0  1686  635  674  1  1 95  0  2
2026-07-22 22:34:08  0  0      0 2995340   2104 496824    0    0     0  1817  637  695  1  1 97  1  0
2026-07-22 22:34:13  0  0      0 2994852   2104 496900    0    0     0  2162  661  718  1  1 97  1  0
2026-07-22 22:34:18  0  0      0 2994912   2104 496984    0    0     0  1577  592  651  1  1 98  1  0
2026-07-22 22:34:23  0  0      0 2994632   2104 497060    0    0     0  1575  553  626  1  1 98  0  0
2026-07-22 22:34:28  0  0      0 2994576   2104 497140    0    0     0  1706  603  676  1  1 98  1  0
2026-07-22 22:34:33  0  0      0 2994436   2104 497224    0    0     0  1961  624  685  1  1 97  1  0
2026-07-22 22:34:38  0  0      0 2994324   2104 497300    0    0     0  1721  600  665  1  1 98  1  0
2026-07-22 22:34:43 procs -----------memory---------- ---swap-- -----io---- -system-- ------cpu-----
2026-07-22 22:34:43  r  b   swpd   free   buff  cache   si   so    bi    bo   in   cs us sy id wa st
2026-07-22 22:34:43  0  0      0 2994240   2104 497380    0    0     0  1565  579  650  1  1 98  1  0
2026-07-22 22:34:48  0  0      0 2994156   2104 497460    0    0     0  1802  579  647  1  1 98  1  0
2026-07-22 22:34:53  0  0      0 2993964   2104 497556    0    0     0  2248  755  794  2  1 96  1  0
2026-07-22 22:34:58  0  0      0 2993968   2104 497636    0    0     0  1968  636  701  1  1 97  1  0
2026-07-22 22:35:03  0  0      0 2993648   2104 497708    0    0     0  1702  666  703  2  2 91  1  5
2026-07-22 22:35:08  0  0      0 2993624   2104 497784    0    0     0  1623  549  609  1  1 98  0  0
2026-07-22 22:35:13  0  0      0 2993588   2104 497864    0    0     0  1574  578  642  1  1 98  1  0
2026-07-22 22:35:18  0  0      0 2993540   2104 497948    0    0     0  1936  608  661  1  1 97  1  0
2026-07-22 22:35:23  0  0      0 2985252   2104 506216    0    0     0  1868  611  669  1  1 97  1  0
2026-07-22 22:35:28  0  0      0 2985140   2104 506304    0    0     0  1715  592  658  1  1 98  1  0
2026-07-22 22:35:33  0  0      0 2985084   2104 506376    0    0     0  1714  558  606  1  1 98  1  0
2026-07-22 22:35:38  0  0      0 2984972   2104 506468    0    0     0  1988  644  716  2  1 97  1  0
2026-07-22 22:35:43  0  0      0 2984888   2104 506544    0    0     0  1854  603  655  1  1 97  1  0
2026-07-22 22:35:48  0  0      0 2984804   2104 506620    0    0     0  1817  605  663  1  1 97  1  0
2026-07-22 22:35:53  0  0      0 2984720   2104 506692    0    0     0  1594  561  632  1  1 98  0  0
2026-07-22 22:35:58  0  0      0 2984608   2104 506788    0    0     0  2014  634  718  1  1 97  1  0
2026-07-22 22:36:03  0  0      0 2984340   2104 506864    0    0     0  1858  696  735  2  2 91  0  5
2026-07-22 22:36:08  0  0      0 2984340   2104 506944    0    0     0  1870  604  667  1  1 97  1  0
2026-07-22 22:36:13  0  0      0 2984340   2104 507012    0    0     0  1469  563  635  1  1 98  0  0
2026-07-22 22:36:18  0  0      0 2984284   2104 507108    0    0     0  2003  613  663  1  1 97  0  0
2026-07-22 22:36:23  0  0      0 2984172   2104 507188    0    0     0  1974  631  694  1  1 97  1  0
2026-07-22 22:36:28 procs -----------memory---------- ---swap-- -----io---- -system-- ------cpu-----
2026-07-22 22:36:28  r  b   swpd   free   buff  cache   si   so    bi    bo   in   cs us sy id wa st
2026-07-22 22:36:28  0  0      0 2984004   2104 507272    0    0     0  1884  623  677  1  1 97  1  0
2026-07-22 22:36:33  0  0      0 2983920   2104 507348    0    0     0  1740  587  645  1  1 98  1  0
2026-07-22 22:36:38  0  0      0 2983864   2104 507420    0    0     0  1745  564  638  1  1 98  1  0
2026-07-22 22:36:43  0  0      0 2983752   2104 507508    0    0     0  1753  596  671  1  1 98  1  0
2026-07-22 22:36:48  0  0      0 2983664   2104 507592    0    0     0  2022  636  702  1  1 97  1  0
2026-07-22 22:36:53  0  0      0 2983552   2104 507668    0    0     0  1887  623  687  1  1 97  1  0
2026-07-22 22:36:58  0  0      0 2976804   2104 514452    0    0     0  1758  609  686  1  1 97  1  0
2026-07-22 22:37:03  0  0      0 2976524   2104 514524    0    0     0  1854  636  670  1  1 95  0  2
2026-07-22 22:37:08  0  0      0 2976596   2104 514620    0    0     0  2175  676  738  2  1 97  1  0
2026-07-22 22:37:13  0  0      0 2976596   2104 514708    0    0     0  1893  607  673  1  1 98  1  0
2026-07-22 22:37:18  0  0      0 2976484   2104 514784    0    0     0  1758  596  655  1  1 98  1  0
2026-07-22 22:37:23  0  0      0 2976304   2104 514856    0    0     0  1622  552  613  1  1 98  0  0
2026-07-22 22:37:28  0  0      0 2976260   2104 514944    0    0     0  2030  641  699  2  1 97  1  0
2026-07-22 22:37:33  0  0      0 2976204   2104 515032    0    0     0  2256  642  698  1  1 97  1  0
2026-07-22 22:37:38  0  0      0 2976092   2104 515100    0    0     0  1928  595  660  1  1 98  1  0
2026-07-22 22:37:43  0  0      0 2976008   2104 515196    0    0     0  1774  591  679  1  1 97  1  0
2026-07-22 22:37:48  0  0      0 2975896   2104 515276    0    0     0  1768  580  651  1  1 98  1  0
2026-07-22 22:37:53  0  0      0 2990920   2104 500456    0    0     0  1904  631  682  1  1 97  1  0
2026-07-22 22:37:58  0  0      0 2990800   2104 500512    0    0     0  1904  616  663  1  1 97  1  0
2026-07-22 22:38:03  0  0      0 2990568   2104 500592    0    0     0  1726  659  695  1  2 92  0  5
2026-07-22 22:38:08  0  0      0 2990472   2104 500680    0    0     0  1784  553  608  1  1 98  1  0
2026-07-22 22:38:13 procs -----------memory---------- ---swap-- -----io---- -system-- ------cpu-----
2026-07-22 22:38:13  r  b   swpd   free   buff  cache   si   so    bi    bo   in   cs us sy id wa st
2026-07-22 22:38:13  0  0      0 2990512   2104 500768    0    0     0  1792  609  674  1  1 98  1  0
2026-07-22 22:38:18  0  0      0 2990396   2104 500828    0    0     0  1914  610  661  1  1 97  1  0
2026-07-22 22:38:23  0  0      0 2990372   2104 500924    0    0     0  1915  602  660  1  1 97  1  0
2026-07-22 22:38:28  0  0      0 2990232   2104 501012    0    0     0  1779  580  648  1  1 98  1  0
2026-07-22 22:38:33  0  0      0 2990148   2104 501084    0    0     0  1655  564  628  1  1 98  1  0
2026-07-22 22:38:38  0  0      0 2990064   2104 501172    0    0     0  2306  666  715  2  1 97  1  0
2026-07-22 22:38:43  0  0      0 2989980   2104 501260    0    0     0  2068  613  648  2  1 97  1  0
2026-07-22 22:38:48  0  0      0 2989924   2104 501332    0    0     0  1789  586  639  1  1 98  1  0
2026-07-22 22:38:53  0  0      0 2989644   2104 501412    0    0     0  1926  576  632  1  1 97  1  0
2026-07-22 22:38:58  0  0      0 2989532   2104 501504    0    0     0  2073  634  704  1  1 97  1  0
2026-07-22 22:39:03  0  0      0 2989196   2104 501576    0    0     0  1936  737  757  2  1 92  0  4
2026-07-22 22:39:08  0  0      0 2989252   2104 501664    0    0     0  1894  563  595  1  1 97  0  0
2026-07-22 22:39:13  0  0      0 2989224   2104 501732    0    0     0  1674  564  641  1  1 98  1  0
2026-07-22 22:39:18  0  0      0 2989168   2104 501828    0    0     0  1943  597  648  1  1 97  1  0
2026-07-22 22:39:23  0  0      0 2989056   2104 501916    0    0     0  2077  650  703  1  1 97  1  0
2026-07-22 22:39:28  0  0      0 2980512   2104 510184    0    0     0  2088  617  654  1  1 97  1  0
2026-07-22 22:39:33  0  0      0 2980460   2104 510260    0    0     0  1809  587  634  1  1 98  1  0
2026-07-22 22:39:38  0  0      0 2980376   2104 510340    0    0     0  1820  557  617  1  1 98  1  0
2026-07-22 22:39:43  0  0      0 2980264   2104 510424    0    0     0  1911  580  643  1  1 97  1  0
2026-07-22 22:39:48  0  0      0 2980180   2104 510520    0    0     0  2382  664  720  2  1 97  1  0
2026-07-22 22:39:53  0  0      0 2980036   2104 510608    0    0     0  1957  662  683  2  1 97  1  0
2026-07-22 22:39:58 procs -----------memory---------- ---swap-- -----io---- -system-- ------cpu-----
2026-07-22 22:39:58  r  b   swpd   free   buff  cache   si   so    bi    bo   in   cs us sy id wa st
2026-07-22 22:39:58  0  0      0 2980040   2104 510684    0    0     0  1680  561  632  1  1 98  0  0
2026-07-22 22:40:03  0  0      0 2977736   2104 510800    0    0     0  1544  587  612  1  1 89  0  7
2026-07-22 22:40:08  0  0      0 2979472   2104 510892    0    0     0  2246  701  754  2  1 97  1  0
2026-07-22 22:40:13  0  0      0 2979444   2104 510976    0    0     0  1960  601  634  1  1 97  1  0
2026-07-22 22:40:18  0  0      0 2979332   2104 511044    0    0     0  1770  589  622  1  1 98  1  0
2026-07-22 22:40:23  0  0      0 2978856   2104 511112    0    0     0  1561  516  569  1  1 98  0  0
2026-07-22 22:40:28  0  0      0 2978716   2104 511200    0    0     0  1832  587  643  1  1 98  1  0
2026-07-22 22:40:33  0  0      0 2978176   2104 511288    0    0     0  2112  631  674  2  1 97  1  0
2026-07-22 22:40:38  0  0      0 2978156   2104 511360    0    0     0  1879  564  618  1  1 97  1  0
2026-07-22 22:40:43  0  0      0 2978040   2104 511444    0    0     0  1830  590  651  1  1 98  1  0
2026-07-22 22:40:48  0  0      0 2977988   2104 511520    0    0     0  1777  552  595  1  1 98  0  0
2026-07-22 22:40:53  0  0      0 2977876   2104 511608    0    0     0  2270  665  727  2  1 97  1  0
2026-07-22 22:40:58  0  0      0 2977636   2104 511668    0    0     0  2284  631  680  2  1 97  1  0
2026-07-22 22:41:03  0  0      0 2975832   2104 511764    0    0     0  1699  609  631  1  1 94  0  3
2026-07-22 22:41:08  0  0      0 2970904   2104 518544    0    0     0  1997  596  652  1  1 97  1  0
2026-07-22 22:41:13  0  0      0 2970848   2104 518628    0    0     0  1699  568  623  1  1 98  0  0
2026-07-22 22:41:18  0  0      0 2970764   2104 518704    0    0     0  1990  620  671  1  1 97  1  0
2026-07-22 22:41:23  0  0      0 2970680   2104 518776    0    0     0  1956  580  619  1  1 98  1  0
2026-07-22 22:41:28  0  0      0 2970568   2104 518860    0    0     0  1721  560  630  1  1 98  0  0
2026-07-22 22:41:33  0  0      0 2970428   2104 518944    0    0     0  1994  603  666  1  1 97  1  0
2026-07-22 22:41:38  0  0      0 2970344   2104 519028    0    0     0  2002  610  655  1  1 97  1  0
2026-07-22 22:41:43 procs -----------memory---------- ---swap-- -----io---- -system-- ------cpu-----
2026-07-22 22:41:43  r  b   swpd   free   buff  cache   si   so    bi    bo   in   cs us sy id wa st
2026-07-22 22:41:43  0  0      0 2970036   2104 519096    0    0     0  1996  604  643  1  1 97  1  0
2026-07-22 22:41:48  0  0      0 2969888   2104 519172    0    0     0  1862  585  629  1  1 98  0  0
2026-07-22 22:41:53  0  0      0 2969868   2104 519264    0    0     0  2092  598  666  1  1 97  1  0
2026-07-22 22:41:58  0  0      0 2969756   2104 519348    0    0     0  2004  595  655  2  1 97  1  0
2026-07-22 22:42:03  0  0      0 2982748   2104 504544    0    0     0  2020  643  646  2  2 91  1  6
2026-07-22 22:42:08  0  0      0 2984468   2104 504612    0    0     0  1718  574  617  1  1 97  1  0
2026-07-22 22:42:13  0  0      0 2984500   2104 504700    0    0     0  2008  597  665  1  1 97  1  0
2026-07-22 22:42:18  0  0      0 2984536   2104 504768    0    0     0  2016  593  649  1  1 97  1  0
2026-07-22 22:42:23  0  0      0 2984392   2104 504868    0    0     0  1964  623  680  1  1 97  1  0
2026-07-22 22:42:28  0  0      0 2984308   2104 504948    0    0     0  2164  625  682  1  1 97  1  0
2026-07-22 22:42:33  0  0      0 2984196   2104 505020    0    0     0  1886  594  642  1  1 98  0  0
2026-07-22 22:42:38  0  0      0 2984048   2104 505096    0    0     0  1726  548  614  1  1 98  1  0
2026-07-22 22:42:43  0  0      0 2983972   2104 505184    0    0     0  1884  595  648  1  1 97  1  0
2026-07-22 22:42:48  0  0      0 2983824   2104 505264    0    0     0  1882  594  641  1  1 97  1  0
2026-07-22 22:42:53  0  0      0 2983768   2104 505340    0    0     0  2318  628  667  2  1 97  1  0
2026-07-22 22:42:58  0  0      0 2983740   2104 505420    0    0     0  1839  567  629  1  1 98  1  0
2026-07-22 22:43:03  0  0      0 2983400   2104 505508    0    0     0  2041  653  681  2  1 95  0  2
2026-07-22 22:43:08  0  0      0 2983400   2104 505596    0    0     0  2169  642  701  1  1 97  1  0
2026-07-22 22:43:13  0  0      0 2983228   2104 505684    0    0     0  2499  663  704  2  1 97  1  0
2026-07-22 22:43:18  0  0      0 2983136   2104 505748    0    0     0  1748  577  626  1  1 98  0  0
2026-07-22 22:43:23  0  0      0 2983120   2104 505840    0    0     0  2038  581  637  1  1 97  1  0
2026-07-22 22:43:28 procs -----------memory---------- ---swap-- -----io---- -system-- ------cpu-----
2026-07-22 22:43:28  r  b   swpd   free   buff  cache   si   so    bi    bo   in   cs us sy id wa st
2026-07-22 22:43:28  0  0      0 2982976   2104 505928    0    0     0  1981  589  645  1  1 98  1  0
2026-07-22 22:43:33  0  0      0 2982856   2104 505980    0    0     0  1897  609  658  1  1 98  1  0
2026-07-22 22:43:38  0  0      0 2974700   2104 514284    0    0     0  1769  555  600  1  1 98  1  0
2026-07-22 22:43:43  0  0      0 2974560   2104 514360    0    0     0  2058  593  658  1  1 97  1  0
2026-07-22 22:43:48  0  0      0 2974504   2104 514440    0    0     0  1610  546  602  1  1 98  1  0
2026-07-22 22:43:53  0  0      0 2974392   2104 514528    0    0     0  2342  669  723  2  1 97  1  0
2026-07-22 22:43:58  0  0      0 2974276   2104 514608    0    0     0  2348  630  679  2  1 97  1  0
2026-07-22 22:44:03  0  0      0 2974084   2104 514696    0    0     0  2134  683  703  2  1 94  0  3
2026-07-22 22:44:08  0  0      0 2974056   2104 514776    0    0     0  1766  537  578  1  1 98  0  0
2026-07-22 22:44:13  1  0      0 2974000   2104 514864    0    0     0  2084  615  687  1  1 97  1  0
2026-07-22 22:44:18  0  0      0 2973888   2104 514944    0    0     0  2061  610  666  1  1 97  1  0
2026-07-22 22:44:23  0  0      0 2973804   2104 515016    0    0     0  2060  592  639  1  1 97  1  0
2026-07-22 22:44:28  0  0      0 2973720   2104 515104    0    0     0  1766  543  604  1  0 98  1  0
2026-07-22 22:44:33  0  0      0 2973636   2104 515176    0    0     0  1853  574  617  1  1 98  0  0
2026-07-22 22:44:38  0  0      0 2973552   2104 515264    0    0     0  2213  641  694  2  1 97  1  0
2026-07-22 22:44:43  0  0      0 2973384   2104 515352    0    0     0  2363  642  673  2  1 97  1  0
2026-07-22 22:44:48  0  0      0 2973264   2104 515416    0    0     0  2226  622  662  1  1 97  1  0
2026-07-22 22:44:53  1  0      0 2973188   2104 515508    0    0     0  1912  560  615  1  1 98  1  0
2026-07-22 22:44:58  0  0      0 2972936   2104 515592    0    0     0  1767  588  642  1  1 98  1  0
2026-07-22 22:45:03  0  0      0 2972864   2104 515652    0    0     0  2161  766  769  2  2 91  1  4
2026-07-22 22:45:08  0  0      0 2972892   2104 515748    0    0     0  2072  569  595  1  1 98  1  0
2026-07-22 22:45:13 procs -----------memory---------- ---swap-- -----io---- -system-- ------cpu-----
2026-07-22 22:45:13  r  b   swpd   free   buff  cache   si   so    bi    bo   in   cs us sy id wa st
2026-07-22 22:45:13  0  0      0 2966032   2104 522540    0    0     0  1928  591  665  2  1 97  1  0
2026-07-22 22:45:18  0  0      0 2966044   2104 522624    0    0     0  1788  566  613  1  1 98  1  0
2026-07-22 22:45:23  0  0      0 2965932   2104 522716    0    0     0  2368  666  725  2  1 97  1  0
2026-07-22 22:45:28  0  0      0 2965756   2104 522792    0    0     0  2078  616  645  2  1 97  1  0
2026-07-22 22:45:33  0  0      0 2965736   2104 522864    0    0     0  2031  590  644  1  1 97  1  0
2026-07-22 22:45:38  0  0      0 2965456   2104 522944    0    0     0  1937  560  609  1  1 97  1  0
2026-07-22 22:45:43  0  0      0 2965372   2104 523036    0    0     0  2276  648  702  2  1 97  1  0
2026-07-22 22:45:48  0  0      0 2965232   2104 523120    0    0     0  2231  627  673  2  1 97  1  0
2026-07-22 22:45:53  0  0      0 2964952   2104 523196    0    0     0  1955  577  625  1  1 97  1  0
2026-07-22 22:45:58  0  0      0 2964836   2104 523272    0    0     0  1953  572  644  1  1 97  1  0
2026-07-22 22:46:03  0  0      0 2964632   2104 523356    0    0     0  1885  632  660  2  1 92  0  4
2026-07-22 22:46:08  0  0      0 2964732   2104 523448    0    0     0  2394  668  730  2  1 97  1  0
2026-07-22 22:46:13  0  0      0 2979656   2104 508656    0    0     0  1958  589  627  1  1 97  1  0
2026-07-22 22:46:18  0  0      0 2979540   2104 508720    0    0     0  1801  571  616  1  1 98  1  0
2026-07-22 22:46:23  0  0      0 2979452   2104 508800    0    0     0  1660  532  589  1  1 98  0  0
2026-07-22 22:46:28  0  0      0 2979404   2104 508884    0    0     0  1955  576  623  1  1 98  1  0
2026-07-22 22:46:33  0  0      0 2979348   2104 508960    0    0     0  2043  617  667  1  1 97  1  0
2026-07-22 22:46:38  0  0      0 2978780   2104 509036    0    0     0  2108  594  633  1  1 97  1  0
2026-07-22 22:46:43  0  0      0 2978564   2104 509108    0    0     0  1813  566  626  1  1 98  1  0
2026-07-22 22:46:48  0  0      0 2978452   2104 509200    0    0     0  1963  585  629  1  1 98  1  0
2026-07-22 22:46:53  0  0      0 2978424   2104 509288    0    0     0  2438  681  734  2  1 97  1  0
2026-07-22 22:46:58 procs -----------memory---------- ---swap-- -----io---- -system-- ------cpu-----
2026-07-22 22:46:58  r  b   swpd   free   buff  cache   si   so    bi    bo   in   cs us sy id wa st
2026-07-22 22:46:58  1  0      0 2978284   2104 509372    0    0     0  2128  601  637  1  1 97  1  0
2026-07-22 22:47:03  0  0      0 2977972   2104 509440    0    0     0  1914  617  645  1  1 95  0  2
2026-07-22 22:47:08  0  0      0 2977940   2104 509512    0    0     0  1830  568  623  1  1 98  1  0
2026-07-22 22:47:13  0  0      0 2977888   2104 509600    0    0     0  1973  603  653  1  1 97  1  0
2026-07-22 22:47:18  0  0      0 2977804   2104 509680    0    0     0  2126  608  654  2  1 97  1  0
2026-07-22 22:47:23  0  0      0 2977720   2104 509756    0    0     0  2132  593  635  1  1 97  1  0
2026-07-22 22:47:28  0  0      0 2977608   2104 509848    0    0     0  2138  599  653  1  1 97  1  0
2026-07-22 22:47:33  0  0      0 2977524   2104 509924    0    0     0  1990  573  619  1  1 97  1  0
2026-07-22 22:47:38  0  0      0 2977440   2104 510012    0    0     0  2526  669  726  2  1 97  1  0
2026-07-22 22:47:43  0  0      0 2977292   2104 510088    0    0     0  2292  610  647  2  1 97  1  0
2026-07-22 22:47:48  0  0      0 2968984   2104 518368    0    0     0  2138  604  649  2  1 97  1  0
2026-07-22 22:47:53  0  0      0 2968960   2104 518436    0    0     0  1843  547  594  1  1 98  0  0
2026-07-22 22:47:58  0  0      0 2968844   2104 518524    0    0     0  1849  592  658  1  1 98  0  0
2026-07-22 22:48:03  0  0      0 2968724   2104 518604    0    0     0  2318  712  764  2  2 91  1  5
2026-07-22 22:48:08  0  0      0 2968600   2104 518680    0    0     0  2229  624  668  1  1 97  1  0
2026-07-22 22:48:13  1  0      0 2968640   2104 518768    0    0     0  1993  598  671  2  1 97  1  0
2026-07-22 22:48:18  0  0      0 2968556   2104 518848    0    0     0  2157  588  643  1  1 97  1  0
2026-07-22 22:48:23  0  0      0 2968444   2104 518940    0    0     0  2318  646  702  2  1 97  1  0
2026-07-22 22:48:28  0  0      0 2968052   2104 519032    0    0     0  2625  665  695  2  1 97  1  0
2026-07-22 22:48:33  0  0      0 2967816   2104 519100    0    0     0  2309  619  669  1  1 97  1  0
2026-07-22 22:48:38  0  0      0 2968156   2104 519184    0    0     0  2118  549  593  1  1 97  1  0
2026-07-22 22:48:43 procs -----------memory---------- ---swap-- -----io---- -system-- ------cpu-----
2026-07-22 22:48:43  r  b   swpd   free   buff  cache   si   so    bi    bo   in   cs us sy id wa st
2026-07-22 22:48:43  0  0      0 2968136   2104 519268    0    0     0  1868  580  642  1  1 98  0  0
2026-07-22 22:48:48  0  0      0 2968020   2104 519348    0    0     0  2173  616  660  1  1 97  1  0
2026-07-22 22:48:53  0  0      0 2967992   2104 519424    0    0     0  2328  617  653  1  1 97  1  0
2026-07-22 22:48:58  1  0      0 2967936   2104 519512    0    0     0  2017  602  669  2  1 97  1  0
2026-07-22 22:49:03  0  0      0 2967564   2104 519608    0    0     0  2016  622  668  2  1 96  0  1
2026-07-22 22:49:08  0  0      0 2967560   2104 519700    0    0     0  2580  654  714  2  1 97  1  0
2026-07-22 22:49:13  0  0      0 2967420   2104 519784    0    0     0  2341  626  666  2  1 97  1  0
2026-07-22 22:49:18  0  0      0 2967308   2104 519848    0    0     0  2328  614  667  2  1 97  1  0
2026-07-22 22:49:23  0  0      0 2960592   2104 526636    0    0     0  1862  541  612  1  1 98  1  0
2026-07-22 22:49:28  0  0      0 2960504   2104 526728    0    0     0  2177  613  673  2  1 97  1  0
2026-07-22 22:49:33  0  0      0 2960420   2104 526804    0    0     0  2173  618  667  2  1 97  1  0
2026-07-22 22:49:38  0  0      0 2960328   2104 526884    0    0     0  2274  589  636  2  1 97  1  0
2026-07-22 22:49:43  2  0      0 2960276   2104 526964    0    0     0  1896  585  654  1  1 98  1  0
2026-07-22 22:49:48  0  0      0 2960132   2104 527056    0    0     0  2184  587  637  2  1 97  1  0
2026-07-22 22:49:53  0  0      0 2960076   2104 527144    0    0     0  2654  672  711  2  1 97  1  0
2026-07-22 22:49:58  0  0      0 2959868   2104 527204    0    0     0  2339  619  657  2  1 97  1  0
2026-07-22 22:50:03  0  0      0 2959680   2104 527284    0    0     0  1875  696  669  2  3 78  0 16
2026-07-22 22:50:08  0  0      0 2959652   2104 527364    0    0     0  2127  578  647  1  1 97  1  0
2026-07-22 22:50:13  0  0      0 2959680   2104 527448    0    0     0  1752  588  672  1  1 98  1  0
2026-07-22 22:50:18  0  0      0 2974464   2104 512644    0    0     0  2351  663  731  1  1 97  1  0
2026-07-22 22:50:23  0  0      0 2974436   2104 512716    0    0     0  2195  637  701  1  1 98  1  0
2026-07-22 22:50:28 procs -----------memory---------- ---swap-- -----io---- -system-- ------cpu-----
2026-07-22 22:50:28  r  b   swpd   free   buff  cache   si   so    bi    bo   in   cs us sy id wa st
2026-07-22 22:50:28  0  0      0 2974284   2104 512788    0    0     0  1725  593  675  1  1 98  0  0
2026-07-22 22:50:33  0  0      0 2974296   2104 512872    0    0     0  1892  573  646  1  1 98  0  0
2026-07-22 22:50:38  0  0      0 2974184   2104 512956    0    0     0  2294  654  721  1  1 97  1  0
2026-07-22 22:50:43  0  0      0 2974100   2104 513028    0    0     0  2260  659  731  1  1 97  1  0
2026-07-22 22:50:48  0  0      0 2973828   2104 513100    0    0     0  1890  599  659  1  1 98  0  0
2026-07-22 22:50:53  0  0      0 2973744   2104 513180    0    0     0  2049  586  656  1  1 97  1  0
2026-07-22 22:50:58  0  0      0 2973632   2104 513268    0    0     0  2368  650  732  2  1 97  1  0
2026-07-22 22:51:03  0  0      0 2973140   2104 513340    0    0     0  2221  714  757  2  1 93  1  3
2026-07-22 22:51:08  0  0      0 2973212   2104 513424    0    0     0  1901  584  651  1  1 98  1  0
2026-07-22 22:51:13  1  0      0 2973088   2104 513500    0    0     0  2072  623  713  1  1 97  0  0
2026-07-22 22:51:18  0  0      0 2973156   2104 513584    0    0     0  2001  557  626  1  1 98  1  0
2026-07-22 22:51:23  0  0      0 2973016   2104 513672    0    0     0  2392  669  735  2  1 97  1  0
2026-07-22 22:51:28  1  0      0 2973184   2104 513752    0    0     0  2379  632  691  2  1 97  1  0
2026-07-22 22:51:33  0  0      0 2973016   2104 513828    0    0     0  2229  634  695  1  1 97  1  0
2026-07-22 22:51:38  0  0      0 2972736   2104 513904    0    0     0  1915  557  626  1  1 98  1  0
2026-07-22 22:51:43  0  0      0 2971560   2104 513996    0    0     0  2233  635  716  1  1 97  1  0
2026-07-22 22:51:48  3  0      0 2971504   2104 514080    0    0     0  2638  643  702  2  1 97  1  0
2026-07-22 22:51:53  2  0      0 2963272   2104 522336    0    0     0  2072  598  663  1  1 97  1  0
2026-07-22 22:51:58  0  0      0 2963104   2104 522424    0    0     0  2066  590  651  1  1 97  1  0
2026-07-22 22:52:03  0  0      0 2962880   2104 522500    0    0     0  1592  596  657  1  1 94  0  3
2026-07-22 22:52:08  0  0      0 2962880   2104 522580    0    0     0  2229  646  711  2  1 97  1  0
2026-07-22 22:52:13 procs -----------memory---------- ---swap-- -----io---- -system-- ------cpu-----
2026-07-22 22:52:13  r  b   swpd   free   buff  cache   si   so    bi    bo   in   cs us sy id wa st
2026-07-22 22:52:13  0  0      0 2964028   2104 522664    0    0     0  2241  633  691  1  1 97  1  0
2026-07-22 22:52:18  0  0      0 2963972   2104 522736    0    0     0  2163  617  677  1  1 97  1  0
2026-07-22 22:52:23  0  0      0 2963848   2104 522816    0    0     0  2070  585  658  1  1 97  1  0
2026-07-22 22:52:28  0  0      0 2963832   2104 522908    0    0     0  2251  632  730  2  1 97  1  0
2026-07-22 22:52:33  0  0      0 2963808   2104 522972    0    0     0  2560  673  733  2  1 97  1  0
2026-07-22 22:52:38  3  0      0 2963912   2104 523068    0    0     0  2410  634  699  2  1 97  1  0
2026-07-22 22:52:43  0  0      0 2963724   2104 523156    0    0     0  2088  584  655  1  1 97  1  0
2026-07-22 22:52:48  0  0      0 2963692   2104 523232    0    0     0  1930  576  657  1  1 98  0  0
2026-07-22 22:52:53  0  0      0 2963496   2104 523324    0    0     0  2522  654  736  2  1 97  1  0
2026-07-22 22:52:58  0  0      0 2963468   2104 523416    0    0     0  2923  700  756  2  1 97  1  0
2026-07-22 22:53:03  0  0      0 2963328   2104 523492    0    0     0  2262  712  748  2  1 93  0  3
2026-07-22 22:53:08  0  0      0 2963328   2104 523568    0    0     0  1937  566  646  1  1 97  1  0
2026-07-22 22:53:13  0  0      0 2963128   2104 523656    0    0     0  2264  629  704  2  1 97  1  0
2026-07-22 22:53:18  0  0      0 2963072   2104 523736    0    0     0  2263  626  681  1  1 97  1  0
2026-07-22 22:53:23  0  0      0 2962988   2104 523808    0    0     0  2370  613  666  2  1 97  1  0
2026-07-22 22:53:28  0  0      0 2956236   2104 530580    0    0     0  2109  569  629  1  1 97  1  0
2026-07-22 22:53:33  0  0      0 2956156   2104 530672    0    0     0  1963  570  633  1  1 97  1  0
2026-07-22 22:53:38  0  0      0 2956044   2104 530756    0    0     0  2433  652  725  2  1 97  1  0
2026-07-22 22:53:43  0  0      0 2955932   2104 530844    0    0     0  2598  649  702  2  1 97  1  0
2026-07-22 22:53:48  0  0      0 2955932   2104 530916    0    0     0  2129  617  683  1  1 97  1  0
2026-07-22 22:53:53  0  0      0 2955848   2104 530992    0    0     0  1958  585  651  1  1 98  1  0
2026-07-22 22:53:58 procs -----------memory---------- ---swap-- -----io---- -system-- ------cpu-----
2026-07-22 22:53:58  r  b   swpd   free   buff  cache   si   so    bi    bo   in   cs us sy id wa st
2026-07-22 22:53:58  0  0      0 2955708   2104 531076    0    0     0  2216  613  694  1  1 97  1  0
2026-07-22 22:54:03  0  0      0 2955504   2104 531160    0    0     0  2457  743  802  2  2 92  1  4
2026-07-22 22:54:08  2  0      0 2955444   2104 531236    0    0     0  2127  615  685  1  1 97  1  0
2026-07-22 22:54:13  1  0      0 2955428   2104 531316    0    0     0  2116  594  655  1  1 97  1  0
2026-07-22 22:54:18  0  0      0 2955400   2104 531400    0    0     0  2123  584  645  1  1 97  1  0
2026-07-22 22:54:23  0  0      0 2955204   2104 531480    0    0     0  2122  643  708  2  1 97  1  0
2026-07-22 22:54:28  0  0      0 2970152   2104 516652    0    0     0  2122  609  671  1  1 97  1  0
2026-07-22 22:54:33  0  0      0 2970092   2104 516744    0    0     0  2209  613  670  1  1 97  1  0
2026-07-22 22:54:38  0  0      0 2969916   2104 516820    0    0     0  1976  565  620  1  1 98  1  0
2026-07-22 22:54:43  0  0      0 2969904   2104 516908    0    0     0  2286  634  721  1  1 97  1  0
2026-07-22 22:54:48  0  0      0 2969792   2104 516996    0    0     0  2301  646  714  1  1 97  1  0
2026-07-22 22:54:53  0  0      0 2969708   2104 517068    0    0     0  2460  660  726  2  1 97  1  0
2026-07-22 22:54:58  0  0      0 2969680   2104 517140    0    0     0  1973  572  634  1  1 98  1  0
2026-07-22 22:55:03  0  0      0 2969520   2104 517208    0    0     0  1894  735  734  2  2 89  0  6
2026-07-22 22:55:08  0  0      0 2969460   2104 517288    0    0     0  2296  643  704  2  1 97  1  0
2026-07-22 22:55:13  0  0      0 2969388   2104 517364    0    0     0  2644  681  753  2  1 97  1  0
2026-07-22 22:55:18  0  0      0 2969336   2104 517456    0    0     0  2467  657  720  1  1 97  1  0
2026-07-22 22:55:23  0  0      0 2969224   2104 517536    0    0     0  2298  604  674  2  1 97  1  0
2026-07-22 22:55:28  0  0      0 2969224   2104 517636    0    0     0  2637  690  766  2  1 97  1  0
2026-07-22 22:55:33  0  0      0 2969000   2104 517700    0    0     0  2307  653  722  2  1 97  1  0
2026-07-22 22:55:38  0  0      0 2968804   2104 517796    0    0     0  1926  584  646  1  1 98  1  0
2026-07-22 22:55:43 procs -----------memory---------- ---swap-- -----io---- -system-- ------cpu-----
2026-07-22 22:55:43  r  b   swpd   free   buff  cache   si   so    bi    bo   in   cs us sy id wa st
2026-07-22 22:55:43  0  0      0 2968724   2104 517872    0    0     0  2334  594  640  1  1 97  1  0
2026-07-22 22:55:48  0  0      0 2968552   2104 517948    0    0     0  2184  595  653  1  1 98  1  0
2026-07-22 22:55:53  1  0      0 2968468   2104 518040    0    0     0  2483  674  715  1  1 97  1  0
2026-07-22 22:55:58  0  0      0 2968384   2104 518120    0    0     0  2324  638  661  2  1 97  1  0
2026-07-22 22:56:03  0  0      0 2958228   2104 526380    0    0     0  2485  701  706  2  1 92  0  5
2026-07-22 22:56:08  0  0      0 2959928   2104 526468    0    0     0  2162  606  674  1  1 97  1  0
2026-07-22 22:56:13  0  0      0 2959828   2104 526556    0    0     0  2266  620  680  1  1 97  1  0
2026-07-22 22:56:18  0  0      0 2959724   2104 526624    0    0     0  2523  672  742  2  1 97  1  0
2026-07-22 22:56:23  1  0      0 2959996   2104 526720    0    0     0  2497  646  693  2  1 97  1  0
2026-07-22 22:56:28  0  0      0 2959884   2104 526812    0    0     0  2502  617  680  2  1 97  1  0
2026-07-22 22:56:33  0  0      0 2959828   2104 526888    0    0     0  2168  591  666  2  1 97  1  0
2026-07-22 22:56:38  0  0      0 2959660   2104 526972    0    0     0  2510  678  748  1  1 97  1  0
2026-07-22 22:56:43  0  0      0 2959580   2104 527064    0    0     0  2766  663  712  2  1 97  1  0
2026-07-22 22:56:48  0  0      0 2959492   2104 527140    0    0     0  2362  653  721  2  1 97  1  0
2026-07-22 22:56:53  0  0      0 2960028   2104 527220    0    0     0  2175  584  646  1  1 97  1  0
2026-07-22 22:56:58  0  0      0 2959968   2104 527304    0    0     0  2174  622  703  1  1 97  1  0
2026-07-22 22:57:03  0  0      0 2958056   2104 527368    0    0     0  2178  702  733  2  1 93  0  4
2026-07-22 22:57:08  0  0      0 2959844   2104 527476    0    0     0  2520  673  741  2  1 97  1  0
2026-07-22 22:57:13  0  0      0 2959708   2104 527548    0    0     0  2278  603  666  1  1 97  1  0
2026-07-22 22:57:18  0  0      0 2958528   2104 527628    0    0     0  2200  600  662  1  1 97  1  0
2026-07-22 22:57:23  0  0      0 2958472   2104 527708    0    0     0  2184  637  702  1  1 97  1  0
2026-07-22 22:57:28 procs -----------memory---------- ---swap-- -----io---- -system-- ------cpu-----
2026-07-22 22:57:28  r  b   swpd   free   buff  cache   si   so    bi    bo   in   cs us sy id wa st
2026-07-22 22:57:28  0  0      0 2958360   2104 527792    0    0     0  2355  629  688  2  1 97  1  0
2026-07-22 22:57:33  0  0      0 2954712   2104 527864    0    0     0  2197  601  659  1  1 97  1  0
2026-07-22 22:57:38  0  0      0 2947932   2104 534656    0    0     0  2366  598  679  2  1 97  1  0
2026-07-22 22:57:43  0  0      0 2949412   2104 534740    0    0     0  2195  603  682  1  1 97  1  0
2026-07-22 22:57:48  0  0      0 2951224   2104 534824    0    0     0  2639  680  745  2  1 97  1  0
2026-07-22 22:57:53  0  0      0 2951288   2104 534884    0    0     0  2202  613  677  1  1 97  1  0
2026-07-22 22:57:58  0  0      0 2951020   2104 534972    0    0     0  2369  842  827  6  2 92  1  0
2026-07-22 22:58:03  0  0      0 2951428   2104 535056    0    0     0  1702  595  647  2  1 95  0  2
2026-07-22 22:58:08  0  0      0 2949496   2104 535140    0    0     0  2544  664  735  2  1 97  1  0
2026-07-22 22:58:13  0  0      0 2949356   2104 535228    0    0     0  2714  675  740  2  1 97  1  0
2026-07-22 22:58:18  0  0      0 2947368   2104 535308    0    0     0  2377  633  698  2  1 97  1  0
2026-07-22 22:58:23  0  0      0 2947312   2104 535376    0    0     0  2126  573  637  1  1 97  1  0
2026-07-22 22:58:28  0  0      0 2947256   2104 535464    0    0     0  2059  588  659  1  1 97  1  0
2026-07-22 22:58:33  0  0      0 2963984   2104 520688    0    0     0  2558  674  759  2  1 97  1  0
2026-07-22 22:58:38  0  1      0 2961872   2104 520752    0    0     0  2389  616  679  2  1 97  1  0
2026-07-22 22:58:43  0  0      0 2961960   2104 520836    0    0     0  2216  601  666  1  1 97  0  0
2026-07-22 22:58:48  0  0      0 2960476   2104 520924    0    0     0  2056  559  621  1  1 98  1  0
2026-07-22 22:58:53  0  0      0 2960056   2104 521008    0    0     0  2390  659  728  2  1 97  1  0
2026-07-22 22:58:58  0  0      0 2959580   2104 521092    0    0     0  2498  631  687  2  1 97  1  0
2026-07-22 22:59:03  0  0      0 2959440   2104 521168    0    0     0  2241  666  706  2  1 94  1  2
2026-07-22 22:59:08  0  0      0 2959468   2104 521244    0    0     0  2226  589  657  1  1 97  1  0
2026-07-22 22:59:13 procs -----------memory---------- ---swap-- -----io---- -system-- ------cpu-----
2026-07-22 22:59:13  r  b   swpd   free   buff  cache   si   so    bi    bo   in   cs us sy id wa st
2026-07-22 22:59:13  0  0      0 2959272   2104 521328    0    0     0  2055  609  686  1  1 97  1  0
2026-07-22 22:59:18  0  0      0 2959188   2104 521416    0    0     0  2577  659  737  2  1 97  1  0
2026-07-22 22:59:23  1  0      0 2959004   2104 521476    0    0     0  2234  619  679  2  1 97  1  0
2026-07-22 22:59:28  0  0      0 2960840   2104 521560    0    0     0  2495  629  704  2  1 97  1  0
2026-07-22 22:59:33  0  0      0 2960840   2104 521648    0    0     0  2078  574  646  1  1 98  0  0
2026-07-22 22:59:38  0  0      0 2960728   2104 521732    0    0     0  2589  673  737  2  1 97  1  0
2026-07-22 22:59:43  0  0      0 2960560   2104 521820    0    0     0  2755  661  723  2  1 97  1  0
2026-07-22 22:59:48  0  0      0 2960472   2104 521884    0    0     0  2429  628  703  2  1 97  1  0
2026-07-22 22:59:53  0  0      0 2960356   2104 521980    0    0     0  2257  597  677  2  1 97  1  0
2026-07-22 22:59:58  0  0      0 2962268   2104 522060    0    0     0  2339  624  691  2  1 97  1  0
2026-07-22 23:00:03  0  0      0 2961968   2104 522160    0    0     0  2075  751  776  2  2 88  0  7
2026-07-22 23:00:08  0  0      0 2953700   2104 530416    0    0     0  2088  600  632  2  1 95  0  2
2026-07-22 23:00:13  0  0      0 2955140   2104 530492    0    0     0  2078  557  617  1  1 97  0  0
2026-07-22 23:00:18  0  0      0 2954884   2104 530572    0    0     0  1739  525  582  1  1 98  0  0
2026-07-22 23:00:23  0  0      0 2954936   2104 530640    0    0     0  2616  716  736  2  1 96  1  0
2026-07-22 23:00:28  0  0      0 2954908   2104 530732    0    0     0  2970  674  717  2  1 96  1  0
2026-07-22 23:00:33  0  0      0 2955332   2104 530800    0    0     0  2188  599  651  2  1 97  0  0
2026-07-22 23:00:38  0  0      0 2955808   2104 530876    0    0     0  2100  561  621  1  1 97  1  0
2026-07-22 23:00:43  0  0      0 2957080   2104 530972    0    0     0  2616  641  710  2  1 97  1  0
2026-07-22 23:00:48  0  0      0 2956928   2104 531056    0    0     0  2461  630  684  2  1 97  1  0
2026-07-22 23:00:53  0  0      0 2956928   2104 531144    0    0     0  2802  647  691  2  1 97  1  0
2026-07-22 23:00:58 procs -----------memory---------- ---swap-- -----io---- -system-- ------cpu-----
2026-07-22 23:00:58  r  b   swpd   free   buff  cache   si   so    bi    bo   in   cs us sy id wa st
2026-07-22 23:00:58  0  0      0 2956916   2104 531200    0    0     0  1924  545  590  1  1 98  1  0
2026-07-22 23:01:03  0  0      0 2956604   2104 531292    0    0     0  2184  636  628  2  2 89  0  6
2026-07-22 23:01:08  1  0      0 2956660   2104 531368    0    0     0  2278  646  725  1  1 97  1  0
2026-07-22 23:01:13  0  0      0 2956464   2104 531452    0    0     0  2474  622  661  2  1 97  1  0
2026-07-22 23:01:18  0  0      0 2956320   2104 531520    0    0     0  2507  592  624  2  1 97  1  0
2026-07-22 23:01:23  0  0      0 2956200   2104 531608    0    0     0  2454  581  620  2  1 97  1  0
2026-07-22 23:01:28  0  0      0 2956236   2104 531696    0    0     0  2281  617  673  2  1 97  1  0
2026-07-22 23:01:33  0  0      0 2956068   2104 531784    0    0     0  2640  666  720  2  1 97  1  0
2026-07-22 23:01:38  0  0      0 2955904   2104 531864    0    0     0  2383  601  633  2  1 97  1  0
2026-07-22 23:01:43  0  0      0 2949312   2104 538624    0    0     0  2115  573  632  2  1 97  1  0
2026-07-22 23:01:48  1  0      0 2949152   2104 538692    0    0     0  1957  550  606  1  1 98  0  0
2026-07-22 23:01:53  0  0      0 2949040   2104 538788    0    0     0  2652  670  733  2  1 97  1  0
2026-07-22 23:01:58  0  0      0 2948984   2104 538880    0    0     0  2834  677  750  2  1 97  1  0
2026-07-22 23:02:03  0  0      0 2948928   2104 538956    0    0     0  2298  730  757  2  2 91  0  5
2026-07-22 23:02:08  0  0      0 2948764   2104 539032    0    0     0  2299  586  646  2  1 97  1  0
2026-07-22 23:02:13  0  0      0 2948728   2104 539112    0    0     0  2586  660  733  2  1 97  1  0
2026-07-22 23:02:18  0  0      0 2948648   2104 539212    0    0     0  2681  678  768  2  1 97  1  0
2026-07-22 23:02:23  0  0      0 2948532   2104 539292    0    0     0  2488  652  723  2  1 97  1  0
2026-07-22 23:02:28  0  0      0 2948448   2104 539356    0    0     0  2131  576  654  1  1 97  0  0
2026-07-22 23:02:33  0  0      0 2948368   2104 539448    0    0     0  2486  624  690  2  1 97  1  0
2026-07-22 23:02:38  0  0      0 2948452   2104 539528    0    0     0  2495  664  735  2  1 97  1  0
2026-07-22 23:02:43 procs -----------memory---------- ---swap-- -----io---- -system-- ------cpu-----
2026-07-22 23:02:43  r  b   swpd   free   buff  cache   si   so    bi    bo   in   cs us sy id wa st
2026-07-22 23:02:43  0  0      0 2963272   2104 524716    0    0     0  2588  621  668  2  1 97  1  0
2026-07-22 23:02:48  0  0      0 2963080   2104 524784    0    0     0  2335  634  707  1  1 97  1  0
2026-07-22 23:02:53  0  0      0 2963104   2104 524868    0    0     0  2513  624  697  2  1 97  1  0
2026-07-22 23:02:58  0  0      0 2963020   2104 524972    0    0     0  3029  727  791  2  1 96  1  0
2026-07-22 23:03:03  0  0      0 2962868   2104 525060    0    0     0  2857  764  781  2  1 94  1  2
2026-07-22 23:03:08  0  0      0 2962756   2104 525160    0    0     0  3406  746  798  2  1 96  1  0
2026-07-22 23:03:13  0  0      0 2962636   2104 525236    0    0     0  2963  680  736  2  1 97  1  0
2026-07-22 23:03:18  0  0      0 2962616   2104 525332    0    0     0  2866  671  726  2  1 97  1  0
2026-07-22 23:03:23  0  0      0 2962476   2104 525424    0    0     0  3062  728  782  2  1 97  1  0
2026-07-22 23:03:28  0  0      0 2962392   2104 525520    0    0     0  3242  728  791  2  1 96  1  0
2026-07-22 23:03:33  0  0      0 2962280   2104 525604    0    0     0  2882  672  694  2  1 97  1  0
2026-07-22 23:03:38  0  0      0 2962308   2104 525692    0    0     0  2702  627  666  2  1 97  1  0
2026-07-22 23:03:43  0  0      0 2962192   2104 525780    0    0     0  2978  695  758  2  1 97  1  0
2026-07-22 23:03:48  0  0      0 2962084   2104 525880    0    0     0  3071  711  770  2  1 96  1  0
2026-07-22 23:03:53  0  0      0 2962420   2104 525972    0    0     0  3088  703  759  2  1 96  1  0
2026-07-22 23:03:58  0  0      0 2962360   2104 526044    0    0     0  2711  653  710  2  1 97  1  0
2026-07-22 23:04:03  0  0      0 2962260   2104 526140    0    0     0  2350  711  737  2  2 94  0  2
2026-07-22 23:04:08  0  0      0 2952228   2104 534324    0    0     0  2898  692  738  2  1 96  1  0
2026-07-22 23:04:13  0  0      0 2953852   2104 534512    0    0     0  2991  688  741  2  1 97  1  0
2026-07-22 23:04:18  0  0      0 2953652   2104 534588    0    0     0  2909  682  731  2  1 96  1  0
2026-07-22 23:04:23  0  0      0 2953552   2104 534676    0    0     0  2738  657  711  2  1 97  1  0
2026-07-22 23:04:28 procs -----------memory---------- ---swap-- -----io---- -system-- ------cpu-----
2026-07-22 23:04:28  r  b   swpd   free   buff  cache   si   so    bi    bo   in   cs us sy id wa st
2026-07-22 23:04:28  0  0      0 2953516   2104 534776    0    0     0  2907  698  761  2  1 97  1  0
2026-07-22 23:04:33  0  0      0 2953348   2104 534864    0    0     0  2908  691  755  2  1 96  1  0
2026-07-22 23:04:38  0  0      0 2953376   2104 534968    0    0     0  3457  767  810  2  1 96  1  0
2026-07-22 23:04:43  0  0      0 2953120   2104 535040    0    0     0  3014  655  697  2  1 97  1  0
2026-07-22 23:04:48  0  0      0 2953124   2104 535136    0    0     0  2746  631  689  2  1 97  1  0
2026-07-22 23:04:53  0  0      0 2952912   2104 535228    0    0     0  3298  719  752  2  1 96  1  0
2026-07-22 23:04:58  0  0      0 2952856   2104 535328    0    0     0  3101  705  754  2  1 96  1  0
2026-07-22 23:05:03  0  0      0 2952860   2104 535404    0    0     0  2746  780  788  2  2 90  1  6
2026-07-22 23:05:08  0  0      0 2952748   2104 535492    0    0     0  2933  657  711  2  1 96  1  0
2026-07-22 23:05:13  0  0      0 2952612   2104 535588    0    0     0  3114  733  801  2  1 96  1  0
2026-07-22 23:05:18  1  0      0 2952244   2104 535688    0    0     0  3209  732  790  2  1 96  1  0
2026-07-22 23:05:23  0  0      0 2950404   2104 535784    0    0     0  3294  723  775  2  1 96  1  0
2026-07-22 23:05:28  0  0      0 2950348   2104 535860    0    0     0  3313  715  769  2  1 96  1  0
2026-07-22 23:05:33  0  0      0 2950004   2104 535964    0    0     0  3128  696  760  2  1 96  1  0
2026-07-22 23:05:38  0  0      0 2943192   2104 542760    0    0     0  3314  718  761  2  1 96  1  0
2026-07-22 23:05:43  0  0      0 2945216   2104 542852    0    0     0  3130  706  757  2  1 96  1  0
2026-07-22 23:05:48  0  0      0 2943224   2104 542932    0    0     0  3427  714  764  2  1 96  1  0
2026-07-22 23:05:53  0  0      0 2942904   2104 543068    0    0     0  3151  753  803  2  1 96  1  0
2026-07-22 23:05:58  0  0      0 2942580   2104 543180    0    0     0  3902  788  862  2  1 96  1  0
2026-07-22 23:06:03  1  0      0 2942528   2104 543276    0    0     0  3331  845  865  2  2 89  1  6
2026-07-22 23:06:08  1  0      0 2940140   2104 543356    0    0     0  3526  749  808  2  1 96  1  0
2026-07-22 23:06:13 procs -----------memory---------- ---swap-- -----io---- -system-- ------cpu-----
2026-07-22 23:06:13  r  b   swpd   free   buff  cache   si   so    bi    bo   in   cs us sy id wa st
2026-07-22 23:06:13  0  0      0 2942296   2104 543472    0    0     0  3342  713  773  2  1 96  1  0
2026-07-22 23:06:18  0  0      0 2942220   2104 543564    0    0     0  3449  702  761  2  1 96  1  0
2026-07-22 23:06:23  0  0      0 2957252   2104 528760    0    0     0  3719  778  827  2  1 96  1  0
2026-07-22 23:06:28  0  0      0 2957028   2104 528856    0    0     0  3557  759  833  2  1 96  1  0
2026-07-22 23:06:33  0  0      0 2956944   2104 528944    0    0     0  3175  726  779  2  1 97  1  0
2026-07-22 23:06:38  0  0      0 2956860   2104 529044    0    0     0  3545  721  788  2  1 96  1  0
2026-07-22 23:06:43  0  0      0 2956684   2104 529144    0    0     0  3538  763  830  2  1 96  1  0
2026-07-22 23:06:48  2  0      0 2956440   2104 529252    0    0     0  3655  765  831  2  1 96  1  0
2026-07-22 23:06:53  0  0      0 2956204   2104 529384    0    0     0  3600  877  834  7  2 91  1  0
2026-07-22 23:06:58  0  0      0 2956220   2104 529480    0    0     0  3198  687  742  2  1 96  1  0
2026-07-22 23:07:03  0  0      0 2954352   2104 529568    0    0     0  2799  696  704  2  2 93  1  3
2026-07-22 23:07:08  0  0      0 2956076   2104 529668    0    0     0  3362  753  809  2  1 96  1  0
2026-07-22 23:07:13  0  0      0 2956076   2104 529760    0    0     0  3187  700  752  2  1 97  1  0
2026-07-22 23:07:18  0  0      0 2955856   2104 529856    0    0     0  3843  765  821  2  1 96  1  0
2026-07-22 23:07:23  0  0      0 2955672   2104 529956    0    0     0  3607  722  789  2  1 96  1  0
2026-07-22 23:07:28  0  0      0 2955592   2104 530052    0    0     0  3218  718  779  2  1 96  1  0
2026-07-22 23:07:33  0  0      0 2955572   2104 530144    0    0     0  3400  728  791  2  1 96  1  0
2026-07-22 23:07:38  0  0      0 2955300   2104 530252    0    0     0  3774  766  823  2  1 96  1  0
2026-07-22 23:07:43  0  0      0 2948404   2104 538540    0    0     0  3210  703  757  2  1 96  1  0
2026-07-22 23:07:48  0  0      0 2948404   2104 538640    0    0     0  3701  744  805  2  1 96  1  0
2026-07-22 23:07:53  0  0      0 2948208   2104 538740    0    0     0  4185  826  888  3  1 95  1  0
2026-07-22 23:07:58 procs -----------memory---------- ---swap-- -----io---- -system-- ------cpu-----
2026-07-22 23:07:58  r  b   swpd   free   buff  cache   si   so    bi    bo   in   cs us sy id wa st
2026-07-22 23:07:58  0  0      0 2948068   2104 538844    0    0     0  3619  752  793  2  1 96  1  0
2026-07-22 23:08:03  0  0      0 2945996   2104 538936    0    0     0  3224  759  774  2  2 90  1  5
2026-07-22 23:08:08  0  0      0 2947720   2104 539032    0    0     0  3415  717  760  2  1 96  1  0
2026-07-22 23:08:13  0  0      0 2947664   2104 539128    0    0     0  3413  719  763  2  1 96  1  0
2026-07-22 23:08:18  1  0      0 2947620   2104 539232    0    0     0  3910  750  783  2  1 96  1  0
2026-07-22 23:08:23  0  0      0 2947384   2104 539308    0    0     0  3635  739  766  2  1 96  1  0
2026-07-22 23:08:28  0  0      0 2947372   2104 539416    0    0     0  3054  670  710  2  1 96  1  0
2026-07-22 23:08:33  0  0      0 2947284   2104 539512    0    0     0  3239  688  734  2  1 96  1  0
2026-07-22 23:08:38  0  0      0 2947192   2104 539612    0    0     0  3630  748  784  2  1 96  1  0
2026-07-22 23:08:43  0  0      0 2947088   2104 539708    0    0     0  3821  750  783  2  1 96  1  0
2026-07-22 23:08:48  0  0      0 2947012   2104 539800    0    0     0  3237  696  731  2  1 96  1  0
2026-07-22 23:08:53  0  0      0 2946900   2104 539892    0    0     0  3557  697  722  2  1 96  1  0
2026-07-22 23:08:58  1  0      0 2947368   2104 539996    0    0     0  3441  717  757  2  1 96  1  0
2026-07-22 23:09:03  0  1      0 2938240   2104 546792    0    0     0  3458  779  787  2  2 91  1  4
2026-07-22 23:09:08  0  0      0 2940368   2104 546892    0    0     0  3649  748  788  2  1 96  1  0
2026-07-22 23:09:13  0  0      0 2940312   2104 546972    0    0     0  3275  699  758  2  1 96  1  0
2026-07-22 23:09:18  0  0      0 2940200   2104 547076    0    0     0  3277  708  764  2  1 96  1  0
2026-07-22 23:09:23  0  0      0 2940068   2104 547172    0    0     0  4152  796  849  2  1 96  1  0
2026-07-22 23:09:28  0  0      0 2939976   2104 547280    0    0     0  3861  754  801  2  1 96  1  0
2026-07-22 23:09:33  0  0      0 2939892   2104 547376    0    0     0  3690  748  809  2  1 96  1  0
2026-07-22 23:09:38  0  0      0 2939824   2104 547468    0    0     0  3489  713  772  2  1 96  1  0
2026-07-22 23:09:43 procs -----------memory---------- ---swap-- -----io---- -system-- ------cpu-----
2026-07-22 23:09:43  r  b   swpd   free   buff  cache   si   so    bi    bo   in   cs us sy id wa st
2026-07-22 23:09:43  0  0      0 2939668   2104 547580    0    0     0  3680  762  835  2  1 96  1  0
2026-07-22 23:09:48  1  1      0 2952208   2104 532796    0    0     0  4255  793  851  2  1 96  1  0
2026-07-22 23:09:53  0  0      0 2954452   2104 532892    0    0     0  3604  739  796  2  1 96  1  0
2026-07-22 23:09:58  0  0      0 2954312   2104 532984    0    0     0  3499  718  771  2  1 96  1  0
2026-07-22 23:10:03  0  0      0 2954252   2104 533088    0    0     0  3132  760  764  2  2 90  1  6
2026-07-22 23:10:08  0  0      0 2954084   2104 533184    0    0     0  3876  781  837  2  1 96  1  0
2026-07-22 23:10:13  0  0      0 2954084   2104 533292    0    0     0  3891  747  819  2  1 96  1  0
2026-07-22 23:10:18  0  0      0 2953920   2104 533376    0    0     0  3516  729  779  2  1 96  1  0
2026-07-22 23:10:23  0  0      0 2953888   2104 533480    0    0     0  3624  722  794  2  1 96  1  0
2026-07-22 23:10:28  0  0      0 2955216   2104 533576    0    0     0  3514  723  779  2  1 96  1  0
2026-07-22 23:10:33  0  0      0 2955148   2104 533676    0    0     0  3542  741  809  2  1 96  1  0
2026-07-22 23:10:38  0  0      0 2955092   2104 533756    0    0     0  2747  654  699  2  1 97  1  0
2026-07-22 23:10:43  0  0      0 2954940   2104 533836    0    0     0  3322  685  743  2  1 96  1  0
2026-07-22 23:10:48  0  0      0 2954896   2104 533936    0    0     0  2741  643  693  2  1 97  1  0
2026-07-22 23:10:53  0  0      0 2954784   2104 534028    0    0     0  4024  791  838  2  1 96  1  0
2026-07-22 23:10:58  0  0      0 2954672   2104 534132    0    0     0  3534  736  783  2  1 96  1  0
2026-07-22 23:11:03  0  0      0 2954532   2104 534216    0    0     0  2967  818  805  3  2 89  1  6
2026-07-22 23:11:08  0  0      0 2946188   2104 542500    0    0     0  3346  678  710  2  1 96  1  0
2026-07-22 23:11:13  0  0      0 2946132   2104 542600    0    0     0  3544  746  810  2  1 96  1  0
2026-07-22 23:11:18  0  0      0 2939044   2104 542700    0    0     0  3752  764  820  2  1 96  1  0
2026-07-22 23:11:23  0  0      0 2936416   2104 542800    0    0     0  3878  767  827  2  1 96  1  0
2026-07-22 23:11:28 procs -----------memory---------- ---swap-- -----io---- -system-- ------cpu-----
2026-07-22 23:11:28  r  b   swpd   free   buff  cache   si   so    bi    bo   in   cs us sy id wa st
2026-07-22 23:11:28  0  0      0 2936324   2104 542876    0    0     0  3366  690  756  2  1 97  1  0
2026-07-22 23:11:33  0  0      0 2936248   2104 542992    0    0     0  3974  747  799  2  1 96  1  0
2026-07-22 23:11:38  0  0      0 2936192   2104 543084    0    0     0  3763  771  820  2  1 96  1  0
2026-07-22 23:11:43  0  0      0 2936052   2104 543188    0    0     0  3770  731  792  2  1 96  1  0
2026-07-22 23:11:48  0  0      0 2935996   2104 543284    0    0     0  3762  743  802  2  1 96  1  0
2026-07-22 23:11:53  0  0      0 2935824   2104 543376    0    0     0  3732  730  785  2  1 96  1  0
2026-07-22 23:11:58  0  0      0 2935684   2104 543488    0    0     0  3974  760  824  2  1 96  1  0
2026-07-22 23:12:03  0  0      0 2935560   2104 543588    0    0     0  3795  840  835  2  3 88  1  6
2026-07-22 23:12:08  0  0      0 2935440   2104 543672    0    0     0  3784  722  748  2  1 96  1  0
2026-07-22 23:12:13  0  0      0 2935320   2104 543772    0    0     0  3785  700  723  2  1 96  1  0
2026-07-22 23:12:18  0  0      0 2935364   2104 543868    0    0     0  3189  665  705  2  1 96  1  0
2026-07-22 23:12:23  0  0      0 2935252   2104 543972    0    0     0  3800  748  777  2  1 96  1  0
2026-07-22 23:12:28  0  0      0 2928412   2104 550772    0    0     0  3692  698  722  2  1 96  1  0
2026-07-22 23:12:33  0  0      0 2928328   2104 550852    0    0     0  3200  677  700  2  1 97  1  0
2026-07-22 23:12:38  0  0      0 2928120   2104 550952    0    0     0  3607  684  725  2  1 96  1  0
2026-07-22 23:12:43  0  0      0 2928012   2104 551052    0    0     0  4000  751  796  2  1 96  1  0
2026-07-22 23:12:48  0  0      0 2927960   2104 551152    0    0     0  4000  744  782  2  1 96  1  0
2026-07-22 23:12:53  0  0      0 2927824   2104 551256    0    0     0  3607  719  766  2  1 96  1  0
2026-07-22 23:12:58  0  0      0 2927772   2104 551348    0    0     0  3518  656  692  2  1 96  1  0
2026-07-22 23:13:03  0  0      0 2927364   2104 551432    0    0     0  3027  742  757  2  2 93  1  3
2026-07-22 23:13:08  0  0      0 2927448   2104 551536    0    0     0  4036  765  801  2  1 96  1  0
2026-07-22 23:13:13 procs -----------memory---------- ---swap-- -----io---- -system-- ------cpu-----
2026-07-22 23:13:13  r  b   swpd   free   buff  cache   si   so    bi    bo   in   cs us sy id wa st
2026-07-22 23:13:13  0  0      0 2943028   2104 536748    0    0     0  3827  751  776  2  1 96  1  0
2026-07-22 23:13:18  0  0      0 2942796   2104 536856    0    0     0  3831  743  765  2  1 96  1  0
2026-07-22 23:13:23  0  0      0 2943332   2104 536948    0    0     0  3655  693  739  2  1 96  1  0
2026-07-22 23:13:28  0  0      0 2943248   2104 537048    0    0     0  3747  746  786  2  1 96  1  0
2026-07-22 23:13:33  0  0      0 2943104   2104 537144    0    0     0  4054  765  800  2  1 96  1  0
2026-07-22 23:13:38  0  0      0 2942968   2104 537252    0    0     0  4071  773  826  2  1 96  1  0
2026-07-22 23:13:43  0  0      0 2942860   2104 537352    0    0     0  3661  715  774  2  1 96  1  0
2026-07-22 23:13:48  0  0      0 2944232   2104 537448    0    0     0  3470  717  784  2  1 96  1  0
2026-07-22 23:13:53  0  0      0 2943280   2104 537552    0    0     0  4272  802  852  3  1 96  1  0
2026-07-22 23:13:58  0  0      0 2942888   2104 537644    0    0     0  3762  733  789  2  1 96  1  0
2026-07-22 23:14:03  0  0      0 2944000   2104 537724    0    0     0  3069  768  782  2  2 89  1  6
2026-07-22 23:14:08  0  0      0 2945016   2104 537828    0    0     0  3688  702  764  2  1 96  1  0
2026-07-22 23:14:13  0  0      0 2942940   2104 537928    0    0     0  3882  774  846  2  1 96  1  0
2026-07-22 23:14:18  0  0      0 2944876   2104 538036    0    0     0  4064  784  851  2  1 95  1  0
2026-07-22 23:14:23  0  0      0 2942436   2104 538124    0    0     0  3890  742  786  2  1 96  1  0
2026-07-22 23:14:28  0  0      0 2944680   2104 538224    0    0     0  3590  701  770  2  1 96  1  0
2026-07-22 23:14:33  0  0      0 2935328   2104 546508    0    0     0  3483  706  768  2  1 96  1  0
2026-07-22 23:14:38  0  0      0 2935216   2104 546612    0    0     0  4301  794  851  3  1 95  1  0
2026-07-22 23:14:43  0  0      0 2935076   2104 546720    0    0     0  4288  790  849  2  1 96  1  0
2026-07-22 23:14:48  0  0      0 2934012   2104 546816    0    0     0  4293  774  819  2  1 96  1  0
2026-07-22 23:14:53  0  0      0 2933864   2104 546916    0    0     0  3680  727  797  2  1 96  1  0
2026-07-22 23:14:58 procs -----------memory---------- ---swap-- -----io---- -system-- ------cpu-----
2026-07-22 23:14:58  r  b   swpd   free   buff  cache   si   so    bi    bo   in   cs us sy id wa st
2026-07-22 23:14:58  0  0      0 2933676   2104 547016    0    0     0  3775  739  801  2  1 96  1  0
2026-07-22 23:15:03  0  0      0 2933196   2104 547096    0    0     0  3679  817  848  3  2 89  1  6
2026-07-22 23:15:08  0  0      0 2932948   2104 547204    0    0     0  3702  737  792  2  1 96  1  0
2026-07-22 23:15:13  0  0      0 2933368   2104 547296    0    0     0  3272  673  727  2  1 96  1  0
2026-07-22 23:15:18  0  0      0 2933480   2104 547392    0    0     0  3691  732  807  2  1 96  1  0
2026-07-22 23:15:23  0  0      0 2933340   2104 547492    0    0     0  4103  781  829  3  1 96  1  0
2026-07-22 23:15:28  0  0      0 2933228   2104 547596    0    0     0  4416  782  835  3  1 96  1  0
2026-07-22 23:15:33  0  0      0 2933116   2104 547688    0    0     0  3705  736  791  2  1 96  1  0
2026-07-22 23:15:38  0  0      0 2932836   2104 547784    0    0     0  3718  718  768  2  1 96  1  0
2026-07-22 23:15:43  0  0      0 2932868   2104 547888    0    0     0  4319  800  873  3  1 95  1  0
2026-07-22 23:15:48  0  0      0 2931100   2104 547996    0    0     0  3922  745  806  3  1 96  1  0
2026-07-22 23:15:53  0  0      0 2924296   2104 554788    0    0     0  3936  742  793  2  1 96  1  0
2026-07-22 23:15:58  0  0      0 2924184   2104 554880    0    0     0  3513  680  727  2  1 96  1  0
2026-07-22 23:16:03  0  0      0 2923832   2104 554964    0    0     0  3621  857  865  3  2 90  1  5
2026-07-22 23:16:08  0  0      0 2924020   2104 555044    0    0     0  3314  731  793  2  1 96  1  0
2026-07-22 23:16:13  0  0      0 2923964   2104 555140    0    0     0  3332  679  718  2  1 96  1  0
2026-07-22 23:16:18  0  0      0 2923816   2104 555216    0    0     0  3520  691  747  2  1 96  1  0
2026-07-22 23:16:23  0  0      0 2923740   2104 555324    0    0     0  3944  732  790  2  1 96  1  0
2026-07-22 23:16:28  0  0      0 2923572   2104 555440    0    0     0  4577  827  868  3  1 95  1  0
2026-07-22 23:16:33  0  0      0 2923428   2104 555540    0    0     0  4883  815  836  3  1 95  1  0
2026-07-22 23:16:38  0  0      0 2939028   2104 540736    0    0     0  4166  759  781  2  1 96  1  0
2026-07-22 23:16:43 procs -----------memory---------- ---swap-- -----io---- -system-- ------cpu-----
2026-07-22 23:16:43  r  b   swpd   free   buff  cache   si   so    bi    bo   in   cs us sy id wa st
2026-07-22 23:16:43  0  0      0 2938192   2104 540844    0    0     0  3762  720  753  2  1 96  1  0
2026-07-22 23:16:48  0  0      0 2939232   2104 540952    0    0     0  4176  782  839  2  1 96  1  0
2026-07-22 23:16:53  0  0      0 2939036   2104 541068    0    0     0  4619  829  886  3  1 95  1  0
2026-07-22 23:16:58  0  0      0 2938952   2104 541168    0    0     0  4580  807  857  3  1 95  1  0
2026-07-22 23:17:03  0  0      0 2938700   2104 541272    0    0     0  3868  820  859  3  1 93  1  3
2026-07-22 23:17:08  0  0      0 2938636   2104 541372    0    0     0  4192  772  822  2  1 96  1  0
2026-07-22 23:17:13  0  0      0 2938532   2104 541484    0    0     0  4627  835  887  3  1 95  1  0
2026-07-22 23:17:18  0  0      0 2938420   2104 541584    0    0     0  4821  850  893  3  1 95  1  0
2026-07-22 23:17:23  0  0      0 2938308   2104 541684    0    0     0  4211  758  827  2  1 96  1  0
2026-07-22 23:17:28  0  0      0 2938780   2104 541788    0    0     0  3997  745  800  2  1 96  1  0
2026-07-22 23:17:33  1  0      0 2938112   2104 541888    0    0     0  3683  727  783  2  1 96  1  0
2026-07-22 23:17:38  0  0      0 2939144   2104 541992    0    0     0  4827  843  910  3  1 95  1  0
2026-07-22 23:17:43  0  0      0 2939064   2104 542104    0    0     0  4655  798  846  3  1 95  1  0
2026-07-22 23:17:48  0  0      0 2938952   2104 542212    0    0     0  4435  800  853  3  1 95  1  0
2026-07-22 23:17:53  0  0      0 2930548   2104 550512    0    0     0  4426  755  787  3  1 96  1  0
2026-07-22 23:17:58  0  0      0 2930548   2104 550620    0    0     0  4448  816  883  3  1 95  1  0
2026-07-22 23:18:03  0  0      0 2930132   2104 550728    0    0     0  4570  924  882  3  2 84  1 10
2026-07-22 23:18:08  0  0      0 2930160   2104 550812    0    0     0  4243  763  786  2  1 96  1  0
2026-07-22 23:18:13  0  0      0 2930020   2104 550928    0    0     0  4049  744  804  2  1 96  1  0
2026-07-22 23:18:18  1  0      0 2929936   2104 551028    0    0     0  4252  790  835  3  1 96  1  0
2026-07-22 23:18:23  0  0      0 2929824   2104 551144    0    0     0  5106  861  898  3  1 95  1  0
2026-07-22 23:18:28 procs -----------memory---------- ---swap-- -----io---- -system-- ------cpu-----
2026-07-22 23:18:28  r  b   swpd   free   buff  cache   si   so    bi    bo   in   cs us sy id wa st
2026-07-22 23:18:28  0  0      0 2929676   2104 551236    0    0     0  4685  810  852  3  1 95  1  0
2026-07-22 23:18:33  0  0      0 2929572   2104 551344    0    0     0  3947  733  772  2  1 96  1  0
2026-07-22 23:18:38  0  0      0 2929520   2104 551448    0    0     0  4493  799  851  3  1 95  1  0
2026-07-22 23:18:43  0  0      0 2929344   2104 551552    0    0     0  4068  777  819  2  1 96  1  0
2026-07-22 23:18:48  0  0      0 2929208   2104 551668    0    0     0  4910  840  884  3  1 95  1  0
2026-07-22 23:18:53  0  0      0 2929004   2104 551748    0    0     0  4484  791  839  3  1 95  1  0
2026-07-22 23:18:58  0  0      0 2928920   2104 551876    0    0     0  4490  796  831  3  1 95  1  0
2026-07-22 23:19:03  0  0      0 2928576   2104 551972    0    0     0  3973  830  852  3  2 92  1  3
2026-07-22 23:19:08  0  0      0 2922004   2104 558792    0    0     0  4931  845  883  3  1 95  1  0
2026-07-22 23:19:13  0  0      0 2921772   2104 558888    0    0     0  4757  820  854  3  1 95  1  0
2026-07-22 23:19:18  0  0      0 2921416   2104 558992    0    0     0  4305  753  783  3  1 96  1  0
2026-07-22 23:19:23  0  0      0 2922988   2104 559108    0    0     0  4519  788  825  3  1 95  1  0
2026-07-22 23:19:28  0  0      0 2922504   2104 559220    0    0     0  4733  847  891  3  1 95  1  0
2026-07-22 23:19:33  0  0      0 2923680   2104 559324    0    0     0  4558  798  837  3  1 95  1  0
2026-07-22 23:19:38  0  0      0 2922252   2104 559420    0    0     0  4442  762  786  3  1 96  1  0
2026-07-22 23:19:43  0  0      0 2922136   2104 559508    0    0     0  3887  720  774  2  1 96  1  0
2026-07-22 23:19:48  0  0      0 2935092   2104 544752    0    0     0  4346  751  785  3  1 95  1  0
2026-07-22 23:19:53  0  0      0 2935220   2104 544844    0    0     0  4760  828  877  3  1 96  1  0
2026-07-22 23:19:58  0  0      0 2935120   2104 544956    0    0     0  4324  755  773  2  1 95  1  0
2026-07-22 23:20:03  0  0      0 2934832   2104 545044    0    0     0  3888  859  847  3  2 85  1  9
2026-07-22 23:20:08  0  0      0 2935924   2104 545160    0    0     0  4662  798  848  3  1 95  1  0
2026-07-22 23:20:13 procs -----------memory---------- ---swap-- -----io---- -system-- ------cpu-----
2026-07-22 23:20:13  r  b   swpd   free   buff  cache   si   so    bi    bo   in   cs us sy id wa st
2026-07-22 23:20:13  0  0      0 2935672   2104 545264    0    0     0  4336  817  865  2  1 95  1  0
2026-07-22 23:20:18  0  0      0 2934384   2104 545376    0    0     0  5006  854  904  3  1 95  1  0
2026-07-22 23:20:23  0  0      0 2932732   2104 545476    0    0     0  4555  799  812  3  1 95  1  0
2026-07-22 23:20:28  0  0      0 2934940   2104 545576    0    0     0  4136  712  739  2  1 96  1  0
2026-07-22 23:20:33  0  0      0 2934748   2104 545688    0    0     0  4782  826  851  3  1 95  1  0
2026-07-22 23:20:38  0  0      0 2934580   2104 545800    0    0     0  5338  863  894  3  1 95  1  0
2026-07-22 23:20:43  0  0      0 2933068   2104 545900    0    0     0  4580  793  810  2  1 95  1  0
2026-07-22 23:20:48  0  0      0 2933088   2104 545992    0    0     0  4171  739  756  2  1 96  1  0
2026-07-22 23:20:53  0  0      0 2930772   2104 546108    0    0     0  4603  771  816  3  1 95  1  0
2026-07-22 23:20:58  0  0      0 2930632   2104 546220    0    0     0  4612  822  870  3  1 96  1  0
2026-07-22 23:21:03  1  0      0 2921980   2104 554560    0    0     0  4397  969  939  3  2 89  1  5
2026-07-22 23:21:08  0  0      0 2923524   2104 554660    0    0     0  4074  768  810  2  1 96  1  0
2026-07-22 23:21:13  0  0      0 2923160   2104 554748    0    0     0  3960  730  795  2  1 96  1  0
2026-07-22 23:21:18  0  0      0 2925204   2104 554864    0    0     0  4858  807  864  3  1 95  1  0
2026-07-22 23:21:23  0  0      0 2923252   2104 554976    0    0     0  5078  849  899  3  1 95  1  0
2026-07-22 23:21:28  0  0      0 2924952   2104 555072    0    0     0  4423  756  795  3  1 96  1  0
2026-07-22 23:21:33  0  0      0 2924784   2104 555172    0    0     0  4198  759  811  2  1 96  1  0
2026-07-22 23:21:38  0  0      0 2924844   2104 555276    0    0     0  4538  775  825  2  1 95  1  0
2026-07-22 23:21:43  0  0      0 2926016   2104 555388    0    0     0  4664  829  884  3  1 95  1  0
2026-07-22 23:21:48  0  0      0 2924752   2104 555496    0    0     0  5131  863  896  3  1 95  1  0
2026-07-22 23:21:53  0  0      0 2924728   2104 555604    0    0     0  4869  807  847  3  1 95  1  0
2026-07-22 23:21:58 procs -----------memory---------- ---swap-- -----io---- -system-- ------cpu-----
2026-07-22 23:21:58  r  b   swpd   free   buff  cache   si   so    bi    bo   in   cs us sy id wa st
2026-07-22 23:21:58  0  0      0 2923500   2104 555704    0    0     0  4483  761  807  2  1 96  1  0
2026-07-22 23:22:03  3  0      0 2923080   2104 555812    0    0     0  4442  900  893  3  2 89  1  6
2026-07-22 23:22:08  0  0      0 2924656   2104 555912    0    0     0  5450  880  917  3  1 95  1  0
2026-07-22 23:22:13  0  0      0 2924456   2104 556032    0    0     0  5121  846  871  3  1 95  1  0
2026-07-22 23:22:18  0  0      0 2917904   2104 562828    0    0     0  4490  778  816  2  1 96  1  0
2026-07-22 23:22:23  0  0      0 2917568   2104 562928    0    0     0  4032  716  747  2  1 96  1  0
2026-07-22 23:22:28  0  0      0 2917596   2104 563040    0    0     0  4710  831  869  3  1 95  1  0
2026-07-22 23:22:33  0  0      0 2917372   2104 563136    0    0     0  4919  836  870  3  1 95  1  0
2026-07-22 23:22:38  0  0      0 2917196   2104 563236    0    0     0  5047  821  852  3  1 95  1  0
2026-07-22 23:22:43  0  0      0 2917176   2104 563344    0    0     0  4030  737  787  2  1 96  1  0
2026-07-22 23:22:48  0  0      0 2917120   2104 563456    0    0     0  4722  795  839  3  1 95  1  0
2026-07-22 23:22:53  0  0      0 2933968   2104 548752    0    0     0  5167  841  869  3  1 95  1  0
2026-07-22 23:22:58  0  0      0 2933836   2104 548776    0    0     0  4274  757  794  2  1 96  1  0
2026-07-22 23:23:03  0  0      0 2933836   2104 548888    0    0     0  3822  834  872  3  2 92  1  3
2026-07-22 23:23:08  0  0      0 2932064   2104 548996    0    0     0  4721  793  833  3  1 95  1  0
2026-07-22 23:23:13  0  0      0 2932656   2104 549112    0    0     0  5531  880  938  3  1 95  1  0
2026-07-22 23:23:18  0  0      0 2932428   2104 549200    0    0     0  5417  875  922  3  1 95  1  0
2026-07-22 23:23:23  0  0      0 2932184   2104 549340    0    0     0  4981  815  878  3  1 95  1  0
2026-07-22 23:23:28  0  0      0 2932216   2104 549436    0    0     0  4526  759  823  3  1 96  1  0
2026-07-22 23:23:33  2  0      0 2932240   2104 549548    0    0     0  4754  818  886  3  1 95  1  0
2026-07-22 23:23:38  0  0      0 2932012   2104 549648    0    0     0  5225  860  899  3  2 95  1  0
2026-07-22 23:23:43 procs -----------memory---------- ---swap-- -----io---- -system-- ------cpu-----
2026-07-22 23:23:43  r  b   swpd   free   buff  cache   si   so    bi    bo   in   cs us sy id wa st
2026-07-22 23:23:43  0  0      0 2933724   2104 549756    0    0     0  4874  794  837  3  1 96  1  0
2026-07-22 23:23:48  0  0      0 2933640   2104 549852    0    0     0  4095  758  811  2  1 96  1  0
2026-07-22 23:23:53  0  0      0 2933356   2104 549964    0    0     0  4575  790  846  3  1 96  1  0
2026-07-22 23:23:58  0  0      0 2933348   2104 550084    0    0     0  5454  911  970  3  1 95  1  0
2026-07-22 23:24:03  0  0      0 2932852   2104 550180    0    0     0  5231  968  953  3  3 86  1  7
2026-07-22 23:24:08  0  0      0 2925068   2104 558492    0    0     0  5692  892  913  3  1 94  1  0
2026-07-22 23:24:13  0  0      0 2924768   2104 558604    0    0     0  4904  808  848  3  1 95  1  0
2026-07-22 23:24:18  1  0      0 2922572   2104 558720    0    0     0  5467  892  916  3  1 95  1  0
2026-07-22 23:24:23  0  0      0 2924504   2104 558836    0    0     0  5969  903  930  3  1 95  1  0
2026-07-22 23:24:28  0  0      0 2924480   2104 558940    0    0     0  5039  821  855  3  1 95  1  0
2026-07-22 23:24:33  0  0      0 2924304   2104 559060    0    0     0  5267  854  898  3  1 95  1  0
2026-07-22 23:24:38  0  0      0 2924072   2104 559180    0    0     0  5286  848  899  3  1 95  1  0
2026-07-22 23:24:43  0  0      0 2924012   2104 559292    0    0     0  5623  913  961  3  2 95  1  0
2026-07-22 23:24:48  0  0      0 2924088   2104 559420    0    0     0  5738  896  954  3  2 94  1  0
2026-07-22 23:24:53  0  0      0 2924864   2104 559512    0    0     0  5083  849  895  3  1 95  1  0
2026-07-22 23:24:58  0  0      0 2924872   2104 559632    0    0     0  5073  811  863  3  1 95  1  0
2026-07-22 23:25:03  2  0      0 2924864   2104 559736    0    0     0  4826  954  891  3  3 86  1  7
2026-07-22 23:25:08  0  0      0 2922876   2104 559860    0    0     0  6001  936  971  3  2 94  1  0
2026-07-22 23:25:13  0  0      0 2922232   2104 559976    0    0     0  5888  892  930  3  1 94  1  0
2026-07-22 23:25:18  0  0      0 2914564   2104 566776    0    0     0  5069  825  865  3  1 95  1  0
2026-07-22 23:25:23  0  0      0 2914108   2104 566900    0    0     0  5329  863  915  3  1 95  1  0
2026-07-22 23:25:28 procs -----------memory---------- ---swap-- -----io---- -system-- ------cpu-----
2026-07-22 23:25:28  r  b   swpd   free   buff  cache   si   so    bi    bo   in   cs us sy id wa st
2026-07-22 23:25:28  0  0      0 2913908   2104 567016    0    0     0  6015  918  959  3  1 94  1  0
2026-07-22 23:25:33  0  0      0 2913964   2104 567140    0    0     0  5786  898  925  3  1 94  1  0
2026-07-22 23:25:38  0  0      0 2914612   2104 567240    0    0     0  5326  860  898  3  1 95  1  0
2026-07-22 23:25:43  0  0      0 2912484   2104 567356    0    0     0  4994  819  847  3  1 95  1  0
2026-07-22 23:25:48  1  0      0 2913912   2104 567476    0    0     0  5575  898  959  3  1 95  1  0
2026-07-22 23:25:53  0  0      0 2929372   2104 552700    0    0     0  5842  918  947  3  2 94  1  0
2026-07-22 23:25:58  0  0      0 2928132   2104 552796    0    0     0  5383  872  921  3  1 95  1  0
2026-07-22 23:26:03  0  0      0 2926204   2104 552920    0    0     0  4672  884  890  3  2 91  1  4
2026-07-22 23:26:08  0  0      0 2925924   2104 553036    0    0     0  5129  834  895  3  1 95  1  0
2026-07-22 23:26:13  0  0      0 2925868   2104 553140    0    0     0  5495  914  957  3  1 95  1  0
2026-07-22 23:26:18  0  0      0 2925732   2104 553264    0    0     0  5390  841  889  3  1 95  1  0
2026-07-22 23:26:23  0  0      0 2925528   2104 553356    0    0     0  5190  842  891  3  1 95  1  0
2026-07-22 23:26:28  1  0      0 2925424   2104 553472    0    0     0  4947  832  874  3  1 95  1  0
2026-07-22 23:26:33  2  0      0 2925220   2104 553592    0    0     0  5635  864  925  3  1 95  1  0
2026-07-22 23:26:38  0  0      0 2925308   2104 553696    0    0     0  5886  921  962  3  1 94  1  0
2026-07-22 23:26:43  0  0      0 2925004   2104 553816    0    0     0  5391  844  860  3  1 95  1  0
2026-07-22 23:26:48  0  0      0 2924860   2104 553924    0    0     0  5530  857  875  3  1 95  1  0
2026-07-22 23:26:53  0  0      0 2924880   2104 554044    0    0     0  4947  877  879  3  1 95  1  0
2026-07-22 23:26:58  0  0      0 2924740   2104 554152    0    0     0  5201  874  899  3  1 95  1  0
2026-07-22 23:27:03  0  0      0 2924444   2104 554268    0    0     0  5422  946  905  3  2 89  1  5
2026-07-22 23:27:08  0  0      0 2916268   2104 562576    0    0     0  5900  870  892  3  1 95  1  0
2026-07-22 23:27:13 procs -----------memory---------- ---swap-- -----io---- -system-- ------cpu-----
2026-07-22 23:27:13  r  b   swpd   free   buff  cache   si   so    bi    bo   in   cs us sy id wa st
2026-07-22 23:27:13  2  0      0 2916068   2104 562688    0    0     0  5192  825  856  3  1 95  1  0
2026-07-22 23:27:18  0  0      0 2915952   2104 562788    0    0     0  5559  844  869  3  1 95  1  0
2026-07-22 23:27:23  0  0      0 2917696   2104 562916    0    0     0  5944  896  896  3  1 95  1  0
2026-07-22 23:27:28  0  0      0 2917668   2104 563024    0    0     0  5541  863  881  3  1 95  1  0
2026-07-22 23:27:33  0  0      0 2917604   2104 563124    0    0     0  4998  820  847  3  1 95  1  0
2026-07-22 23:27:38  0  0      0 2915312   2104 563244    0    0     0  5257  821  868  3  1 95  1  0
2026-07-22 23:27:43  0  0      0 2915148   2104 563348    0    0     0  5971  908  944  3  1 94  1  0
2026-07-22 23:27:48  0  0      0 2914948   2104 563480    0    0     0  5846  874  882  3  1 95  1  0
2026-07-22 23:27:53  0  0      0 2914976   2104 563588    0    0     0  5498  836  857  3  1 95  1  0
2026-07-22 23:27:58  1  0      0 2914836   2104 563692    0    0     0  5056  811  835  3  1 95  1  0
2026-07-22 23:28:03  1  0      0 2910156   2104 563812    0    0     0  5516  939  921  3  2 90  1  4
2026-07-22 23:28:08  0  0      0 2912528   2104 563916    0    0     0  5500  870  892  3  1 95  1  0
2026-07-22 23:28:13  0  0      0 2907608   2104 570732    0    0     0  6000  876  903  3  1 94  1  0
2026-07-22 23:28:18  0  0      0 2905144   2104 570844    0    0     0  5871  871  904  3  1 95  1  0
2026-07-22 23:28:23  0  0      0 2905060   2104 570964    0    0     0  5269  828  881  3  1 95  1  0
2026-07-22 23:28:28  0  0      0 2906568   2104 571080    0    0     0  6263  949 1009  3  2 94  1  0
2026-07-22 23:28:33  0  0      0 2903128   2104 571208    0    0     0  6242  900  932  3  1 94  1  0
2026-07-22 23:28:38  0  0      0 2904136   2104 571320    0    0     0  5766  884  925  3  1 95  1  0
2026-07-22 23:28:43  3  0      0 2904752   2104 571432    0    0     0  5542  863  909  3  1 95  1  0
2026-07-22 23:28:48  0  0      0 2919944   2104 556644    0    0     0  6386  914  957  3  1 94  1  0
2026-07-22 23:28:53  0  0      0 2919552   2104 556744    0    0     0  5781  903  946  3  1 95  1  0
2026-07-22 23:28:58 procs -----------memory---------- ---swap-- -----io---- -system-- ------cpu-----
2026-07-22 23:28:58  r  b   swpd   free   buff  cache   si   so    bi    bo   in   cs us sy id wa st
2026-07-22 23:28:58  0  0      0 2920712   2104 556852    0    0     0  5588  861  915  3  1 95  1  0
2026-07-22 23:29:03  0  0      0 2918368   2104 556976    0    0     0  5074  922  926  3  2 91  1  3
2026-07-22 23:29:08  0  0      0 2920468   2104 557096    0    0     0  5557  859  906  3  1 95  1  0
2026-07-22 23:29:13  0  0      0 2920204   2104 557204    0    0     0  5587  860  904  3  1 95  1  0
2026-07-22 23:29:18  0  0      0 2918116   2104 557328    0    0     0  5956  899  938  3  1 95  1  0
2026-07-22 23:29:23  0  0      0 2916040   2104 557420    0    0     0  5574  862  915  3  2 95  1  0
2026-07-22 23:29:28  0  1      0 2913604   2104 557544    0    0     0  5849  854  894  3  1 95  1  0
2026-07-22 23:29:33  0  0      0 2915868   2104 557660    0    0     0  5851  900  948  3  1 95  1  0
2026-07-22 23:29:38  0  0      0 2912832   2104 557776    0    0     0  6350  925  972  3  1 94  1  0
2026-07-22 23:29:43  0  0      0 2912656   2104 557896    0    0     0  5374  835  878  3  1 95  1  0
2026-07-22 23:29:48  0  0      0 2912404   2104 558004    0    0     0  5524  841  882  3  1 95  1  0
2026-07-22 23:29:53  0  0      0 2912224   2104 558116    0    0     0  5635  850  894  3  1 95  1  0
2026-07-22 23:29:58  0  0      0 2902684   2104 566432    0    0     0  6408  956  997  3  1 94  1  0
2026-07-22 23:30:04  0  0      0 2902456   2104 566556    0    0     1  5150  913  867  3  3 79  1 14
2026-07-22 23:30:09  0  0      0 2903696   2104 566672    0    0     0  5897  877  884  3  1 94  1  0
2026-07-22 23:30:14  1  0      0 2903520   2104 566776    0    0     0  5141  836  860  3  1 95  1  0
2026-07-22 23:30:19  0  0      0 2903412   2104 566892    0    0     0  6146  863  891  3  2 94  1  0
2026-07-22 23:30:24  0  0      0 2905692   2104 567004    0    0     0  6271  900  920  3  1 94  1  0
2026-07-22 23:30:29  0  0      0 2907372   2104 567128    0    0     0  5914  857  863  3  1 94  1  0
2026-07-22 23:30:34  0  0      0 2905212   2104 567236    0    0     0  5954  876  909  3  1 94  1  0
2026-07-22 23:30:39  0  0      0 2904904   2104 567360    0    0     0  5694  833  869  3  1 95  1  0
2026-07-22 23:30:44 procs -----------memory---------- ---swap-- -----io---- -system-- ------cpu-----
2026-07-22 23:30:44  r  b   swpd   free   buff  cache   si   so    bi    bo   in   cs us sy id wa st
2026-07-22 23:30:44  0  0      0 2904760   2104 567480    0    0     0  6415  927  954  3  1 94  1  0
2026-07-22 23:30:49  0  0      0 2904824   2104 567592    0    0     0  6429  921  938  3  1 94  1  0
2026-07-22 23:30:54  0  0      0 2904484   2104 567712    0    0     0  5823  860  890  3  1 95  1  0
2026-07-22 23:30:59  0  0      0 2906904   2104 567828    0    0     0  5962  859  876  3  1 94  1  0
2026-07-22 23:31:04  0  0      0 2907052   2104 567952    0    0     6  5733  958  937  4  2 91  1  3
2026-07-22 23:31:09  0  0      0 2900164   2104 574768    0    0     0  6468  910  919  3  2 94  1  0
2026-07-22 23:31:14  0  0      0 2900048   2104 574868    0    0     0  5468  811  839  3  1 95  1  0
2026-07-22 23:31:19  0  0      0 2899828   2104 574984    0    0     0  5476  839  863  3  1 95  1  0
2026-07-22 23:31:24  0  0      0 2899732   2104 575104    0    0     0  6098  868  888  3  1 94  1  0
2026-07-22 23:31:29  0  0      0 2899660   2104 575220    0    0     0  6494  927  945  3  1 94  1  0
2026-07-22 23:31:34  0  0      0 2899260   2104 575332    0    0     0  6013  881  887  3  1 95  1  0
2026-07-22 23:31:39  0  0      0 2899744   2104 575452    0    0     0  5765  812  825  3  1 95  1  0
2026-07-22 23:31:44  1  0      0 2912244   2104 560692    0    0     0  5494  818  836  3  1 95  1  0
2026-07-22 23:31:49  0  0      0 2914308   2104 560808    0    0     0  5991  867  904  3  1 95  1  0
2026-07-22 23:31:54  0  0      0 2914168   2104 560916    0    0     0  5878  859  891  3  1 95  1  0
2026-07-22 23:31:59  0  0      0 2914168   2104 561020    0    0     0  5509  819  842  3  1 95  1  0
2026-07-22 23:32:04  0  0      0 2912408   2104 561128    0    0     3  5286  976  915  4  2 86  1  7
2026-07-22 23:32:09  0  0      0 2916604   2104 561244    0    0     0  5518  820  841  3  1 95  1  0
2026-07-22 23:32:14  0  0      0 2914480   2104 561364    0    0     0  6041  900  946  3  1 94  1  0
2026-07-22 23:32:19  0  0      0 2914140   2104 561448    0    0     0  6050  869  887  3  1 94  1  0
2026-07-22 23:32:24  0  0      0 2914136   2104 561572    0    0     0  6426  897  923  3  1 94  1  0
2026-07-22 23:32:29 procs -----------memory---------- ---swap-- -----io---- -system-- ------cpu-----
2026-07-22 23:32:29  r  b   swpd   free   buff  cache   si   so    bi    bo   in   cs us sy id wa st
2026-07-22 23:32:29  2  0      0 2914840   2104 561708    0    0     0  6070  853  874  3  1 94  1  0
2026-07-22 23:32:34  0  0      0 2914840   2104 561828    0    0     0  6095  880  921  3  1 95  1  0
2026-07-22 23:32:39  0  0      0 2914616   2104 561924    0    0     0  5817  857  884  3  1 95  1  0
2026-07-22 23:32:44  0  0      0 2914448   2104 562036    0    0     0  5327  814  840  3  1 95  1  0
2026-07-22 23:32:49  0  0      0 2914440   2104 562140    0    0     0  5346  815  859  3  1 95  1  0
2026-07-22 23:32:54  0  0      0 2904752   2104 570448    0    0     0  5706  819  839  3  1 95  1  0
2026-07-22 23:32:59  0  0      0 2904564   2104 570572    0    0     0  6098  873  880  3  1 94  1  0
2026-07-22 23:33:04  0  0      0 2904448   2104 570684    0    0     0  6164  957  914  4  2 89  1  4
2026-07-22 23:33:09  0  0      0 2905540   2104 570800    0    0     0  5851  847  878  3  1 95  1  0
2026-07-22 23:33:14  2  0      0 2903780   2104 570904    0    0     0  6108  851  878  3  1 94  1  0
2026-07-22 23:33:19  0  0      0 2905404   2104 571020    0    0     0  6385  867  884  3  1 94  1  0
2026-07-22 23:33:24  0  0      0 2905192   2104 571128    0    0     0  6234  880  904  3  1 95  1  0
2026-07-22 23:33:29  0  0      0 2903552   2104 571252    0    0     0  5854  845  868  3  1 95  1  0
2026-07-22 23:33:34  0  0      0 2903552   2104 571356    0    0     0  5377  795  816  3  1 95  1  0
2026-07-22 23:33:39  0  0      0 2904664   2104 571476    0    0     0  6155  841  887  3  1 94  1  0
2026-07-22 23:33:44  0  0      0 2904504   2104 571604    0    0     0  6645  916  953  4  2 94  1  0
2026-07-22 23:33:49  0  0      0 2901844   2104 571724    0    0     0  6654  878  891  4  1 94  1  0
2026-07-22 23:33:54  0  0      0 2901620   2104 571836    0    0     0  6145  864  879  3  1 94  1  0
2026-07-22 23:33:59  0  0      0 2892372   2104 578648    0    0     0  6266  873  906  3  1 94  1  0
2026-07-22 23:34:04  0  0      0 2893760   2104 578764    0    0     0  6167  962  943  3  2 91  1  3
2026-07-22 23:34:09  0  0      0 2896844   2104 578880    0    0     0  6190  880  915  3  1 94  1  0
2026-07-22 23:34:14 procs -----------memory---------- ---swap-- -----io---- -system-- ------cpu-----
2026-07-22 23:34:14  r  b   swpd   free   buff  cache   si   so    bi    bo   in   cs us sy id wa st
2026-07-22 23:34:14  0  0      0 2895000   2104 578992    0    0     0  5906  819  826  3  1 95  1  0
2026-07-22 23:34:19  0  0      0 2897240   2104 579100    0    0     0  5402  817  844  3  1 95  1  0
2026-07-22 23:34:24  1  0      0 2894768   2104 579200    0    0     0  5670  822  861  3  1 95  1  0
2026-07-22 23:34:29  0  0      0 2895196   2104 579328    0    0     0  6063  865  890  3  1 95  1  0
2026-07-22 23:34:34  0  0      0 2909888   2104 564568    0    0     0  6735  894  904  4  2 94  1  0
2026-07-22 23:34:39  0  0      0 2907840   2104 564684    0    0     0  6510  875  909  3  1 94  1  0
2026-07-22 23:34:44  1  0      0 2907728   2104 564796    0    0     0  5958  852  889  3  1 95  1  0
2026-07-22 23:34:49  0  0      0 2907416   2104 564916    0    0     0  6482  889  915  3  1 94  1  0
2026-07-22 23:34:54  0  0      0 2907412   2104 565020    0    0     0  6513  909  948  3  2 94  1  0
2026-07-22 23:34:59  0  0      0 2910552   2104 565132    0    0     0  6376  859  880  3  2 94  1  0
2026-07-22 23:35:04  0  0      0 2908560   2104 565248    0    0     0  5211  929  909  3  2 88  1  6
2026-07-22 23:35:09  0  0      0 2910344   2104 565364    0    0     0  6018  848  864  3  1 94  1  0
2026-07-22 23:35:14  0  0      0 2908944   2104 565480    0    0     0  6520  905  921  4  2 94  1  0
2026-07-22 23:35:19  0  0      0 2908692   2104 565604    0    0     0  6258  865  897  3  1 95  1  0
2026-07-22 23:35:24  0  0      0 2907124   2104 565720    0    0     0  6011  870  906  3  1 94  1  0
2026-07-22 23:35:29  1  0      0 2903088   2104 565820    0    0     0  6386  836  850  3  1 95  1  0
2026-07-22 23:35:34  0  0      0 2903612   2104 565948    0    0     0  6269  870  873  3  1 94  1  0
2026-07-22 23:35:39  0  0      0 2905084   2104 566052    0    0     0  6555  888  900  3  1 94  1  0
2026-07-22 23:35:44  0  0      0 2894468   2104 574364    0    0     0  6035  816  825  3  1 94  1  0
2026-07-22 23:35:49  0  0      0 2896732   2104 574464    0    0     0  5760  824  842  3  1 95  1  0
2026-07-22 23:35:54  0  0      0 2897604   2104 574588    0    0     0  6021  869  904  3  1 95  1  0
2026-07-22 23:35:59 procs -----------memory---------- ---swap-- -----io---- -system-- ------cpu-----
2026-07-22 23:35:59  r  b   swpd   free   buff  cache   si   so    bi    bo   in   cs us sy id wa st
2026-07-22 23:35:59  0  0      0 2896816   2104 574712    0    0     0  6700  926  956  3  2 94  1  0
2026-07-22 23:36:04  0  0      0 2900880   2104 574824    0    0     0  5809  950  925  4  2 88  1  5
2026-07-22 23:36:09  0  0      0 2898840   2104 574916    0    0     0  6067  848  873  3  1 95  1  0
2026-07-22 23:36:14  1  0      0 2899496   2104 575044    0    0     0  6334  878  898  3  1 94  1  0
2026-07-22 23:36:19  0  0      0 2902472   2104 575160    0    0     0  6324  861  869  4  1 94  1  0
2026-07-22 23:36:24  0  0      0 2903924   2104 575280    0    0     0  6598  910  910  3  2 94  1  0
2026-07-22 23:36:29  0  0      0 2903728   2104 575380    0    0     0  5938  809  824  3  2 95  1  0
2026-07-22 23:36:34  0  0      0 2903516   2104 575484    0    0     0  5574  811  840  3  1 95  1  0
2026-07-22 23:36:39  0  0      0 2901232   2104 575608    0    0     0  6083  848  875  3  1 94  1  0
2026-07-22 23:36:44  0  0      0 2900968   2104 575720    0    0     0  6341  904  933  3  2 94  1  0
2026-07-22 23:36:49  0  0      0 2901016   2104 575832    0    0     0  6620  888  897  4  1 94  1  0
2026-07-22 23:36:54  0  0      0 2897516   2104 582656    0    0     0  6355  863  876  3  1 94  1  0
2026-07-22 23:36:59  1  0      0 2892776   2104 582764    0    0     0  6470  846  849  3  1 94  1  0
2026-07-22 23:37:04  0  0      0 2894404   2104 582872    0    0     0  5841  957  929  4  2 89  1  4
2026-07-22 23:37:09  0  0      0 2892804   2104 582996    0    0     0  6366  899  902  3  1 94  1  0
2026-07-22 23:37:14  0  0      0 2892948   2104 583108    0    0     0  6398  868  888  3  1 94  1  0
2026-07-22 23:37:19  0  0      0 2894536   2104 583208    0    0     0  5605  807  818  3  1 95  1  0
2026-07-22 23:37:24  0  0      0 2894476   2104 583324    0    0     0  5606  818  830  3  1 95  1  0
2026-07-22 23:37:29  0  0      0 2909248   2104 568560    0    0     0  6396  905  914  3  1 94  1  0
2026-07-22 23:37:34  0  0      0 2907180   2104 568684    0    0     0  6285  866  869  3  1 95  1  0
2026-07-22 23:37:39  1  0      0 2906900   2104 568796    0    0     0  6432  873  898  3  1 94  1  0
2026-07-22 23:37:44 procs -----------memory---------- ---swap-- -----io---- -system-- ------cpu-----
2026-07-22 23:37:44  r  b   swpd   free   buff  cache   si   so    bi    bo   in   cs us sy id wa st
2026-07-22 23:37:44  0  1      0 2909116   2104 568892    0    0     0  6709  900  913  3  1 94  1  0
2026-07-22 23:37:49  0  0      0 2906928   2104 569032    0    0     0  6427  891  942  3  1 94  1  0
2026-07-22 23:37:54  0  0      0 2904676   2104 569164    0    0     0  6702  938  917  4  2 93  1  0
2026-07-22 23:37:59  0  0      0 2904368   2104 569268    0    0     0  5914  829  844  3  1 95  1  0
2026-07-22 23:38:04  0  0      0 2901860   2104 569368    0    0     0  5491  925  909  3  2 91  1  3
2026-07-22 23:38:09  0  0      0 2903960   2104 569488    0    0     0  6201  839  849  3  1 95  1  0
2026-07-22 23:38:14  0  0      0 2903912   2104 569608    0    0     0  6753  919  943  4  1 94  1  0
2026-07-22 23:38:19  0  0      0 2901444   2104 569744    0    0     0  7265  955  967  4  1 94  1  0
2026-07-22 23:38:24  0  0      0 2903632   2104 569856    0    0     0  6750  911  917  4  1 94  1  0
2026-07-22 23:38:29  0  0      0 2903520   2104 569960    0    0     0  6754  883  912  3  1 94  1  0
2026-07-22 23:38:34  0  0      0 2901272   2104 570084    0    0     0  6099  845  873  3  1 95  1  0
2026-07-22 23:38:39  2  0      0 2896356   2104 578404    0    0     0  6778  898  905  4  1 94  1  0
2026-07-22 23:38:44  0  0      0 2898352   2104 578528    0    0     0  6803  905  906  3  1 94  1  0
2026-07-22 23:38:49  0  0      0 2896144   2104 578628    0    0     0  5686  815  833  3  1 95  1  0
2026-07-22 23:38:54  0  0      0 2897004   2104 578740    0    0     0  5702  810  834  3  1 95  1  0
2026-07-22 23:38:59  0  0      0 2897672   2104 578868    0    0     0  6799  915  940  3  2 94  1  0
2026-07-22 23:39:04  0  0      0 2895980   2104 578988    0    0     0  6675 1029  942  4  3 86  1  6
2026-07-22 23:39:09  0  0      0 2900336   2104 579100    0    0     0  6550  895  900  3  1 94  1  0
2026-07-22 23:39:14  0  0      0 2899520   2104 579208    0    0     0  6297  840  845  3  1 94  1  0
2026-07-22 23:39:19  0  0      0 2899520   2104 579316    0    0     0  5994  835  854  3  1 95  1  0
2026-07-22 23:39:24  0  0      0 2899232   2104 579420    0    0     0  6278  859  873  3  1 95  1  0
2026-07-22 23:39:29 procs -----------memory---------- ---swap-- -----io---- -system-- ------cpu-----
2026-07-22 23:39:29  r  b   swpd   free   buff  cache   si   so    bi    bo   in   cs us sy id wa st
2026-07-22 23:39:29  0  0      0 2901484   2104 579544    0    0     0  6562  870  858  4  1 94  1  0
2026-07-22 23:39:34  0  0      0 2896748   2104 579648    0    0     0  6142  820  827  3  1 95  1  0
2026-07-22 23:39:39  0  0      0 2896076   2104 579764    0    0     0  6280  839  841  3  1 94  1  0
2026-07-22 23:39:44  0  0      0 2899828   2104 579872    0    0     0  6321  864  894  3  1 94  1  0
2026-07-22 23:39:49  0  0      0 2885600   2104 586700    0    0     0  7131  932  920  4  1 94  1  0
2026-07-22 23:39:54  1  0      0 2884172   2104 586796    0    0     0  6570  883  898  3  1 94  1  0
2026-07-22 23:39:59  0  0      0 2883320   2104 586916    0    0     0  6036  840  857  3  1 95  1  0
2026-07-22 23:40:04  0  0      0 2884436   2104 587040    0    0     0  5906  962  878  3  3 84  1  9
2026-07-22 23:40:09  0  0      0 2884892   2104 587148    0    0     0  6077  867  878  3  1 95  1  0
2026-07-22 23:40:14  0  0      0 2884928   2104 587272    0    0     0  6630  904  901  3  1 95  1  0
2026-07-22 23:40:19  0  0      0 2882796   2104 587380    0    0     0  6348  854  869  3  1 94  1  0
2026-07-22 23:40:24  0  0      0 2899580   2104 572608    0    0     0  5530  796  825  3  1 95  1  0
2026-07-22 23:40:29  0  0      0 2897144   2104 572724    0    0     0  5796  850  888  3  1 95  1  0
2026-07-22 23:40:34  0  0      0 2899004   2104 572828    0    0     0  6792  902  915  4  1 94  1  0
2026-07-22 23:40:39  0  0      0 2896892   2104 572952    0    0     0  6381  873  898  3  1 95  1  0
2026-07-22 23:40:44  0  0      0 2895688   2104 573048    0    0     0  6366  841  851  3  1 94  1  0
2026-07-22 23:40:49  0  0      0 2895544   2104 573160    0    0     0  6122  837  870  3  1 95  1  0
2026-07-22 23:40:54  0  0      0 2896360   2104 573292    0    0     0  6959  910  942  4  1 94  1  0
2026-07-22 23:40:59  0  0      0 2896420   2104 573400    0    0     0  6673  880  892  3  1 94  1  0
2026-07-22 23:41:04  0  0      0 2896084   2104 573512    0    0     0  5568  903  857  3  2 90  1  4
2026-07-22 23:41:09  0  0      0 2895936   2104 573612    0    0     0  5410  762  790  3  1 95  1  0
2026-07-22 23:41:14 procs -----------memory---------- ---swap-- -----io---- -system-- ------cpu-----
2026-07-22 23:41:14  r  b   swpd   free   buff  cache   si   so    bi    bo   in   cs us sy id wa st
2026-07-22 23:41:14  0  0      0 2893916   2104 573728    0    0     0  6978  926  952  4  1 94  1  0
2026-07-22 23:41:19  0  0      0 2893840   2104 573856    0    0     0  6703  891  910  3  1 94  1  0
2026-07-22 23:41:24  0  0      0 2895664   2104 573968    0    0     0  6990  917  928  4  1 94  1  0
2026-07-22 23:41:29  0  0      0 2895380   2104 574068    0    0     0  6426  856  869  3  1 95  1  0
2026-07-22 23:41:34  0  0      0 2885692   2104 582376    0    0     0  6727  878  884  3  1 94  1  0
2026-07-22 23:41:39  0  0      0 2887488   2104 582492    0    0     0  6560  857  895  3  1 95  1  0
2026-07-22 23:41:44  0  0      0 2885440   2104 582620    0    0     0  6707  895  933  4  1 94  1  0
2026-07-22 23:41:49  0  0      0 2885148   2104 582724    0    0     0  7010  900  900  4  1 94  1  0
2026-07-22 23:41:54  0  0      0 2885124   2104 582844    0    0     0  6712  885  921  4  1 94  1  0
2026-07-22 23:41:59  0  0      0 2884988   2104 582960    0    0     0  6444  868  909  3  1 94  1  0
2026-07-22 23:42:04  0  0      0 2884856   2104 583076    0    0     0  6162  967  939  4  2 85  1  8
2026-07-22 23:42:09  0  0      0 2884436   2104 583188    0    0     0  7690  947  945  4  1 93  1  0
2026-07-22 23:42:14  0  0      0 2886488   2104 583292    0    0     0  5910  830  846  3  1 95  1  0
2026-07-22 23:42:19  0  0      0 2884408   2104 583404    0    0     0  6209  824  832  3  1 95  1  0
2026-07-22 23:42:24  0  0      0 2886216   2104 583528    0    0     0  6747  884  905  4  1 94  1  0
2026-07-22 23:42:29  0  0      0 2886236   2104 583644    0    0     0  7050  898  928  4  1 94  1  0
2026-07-22 23:42:34  0  0      0 2883280   2104 583752    0    0     0  6497  873  869  3  1 94  1  0
2026-07-22 23:42:39  0  0      0 2883124   2104 583864    0    0     0  6344  813  816  3  1 95  1  0
2026-07-22 23:42:44  0  0      0 2877136   2104 590676    0    0     0  6518  837  849  3  1 94  1  0
2026-07-22 23:42:49  0  0      0 2876956   2104 590792    0    0     0  7097  897  919  4  1 94  1  0
2026-07-22 23:42:54  0  0      0 2876900   2104 590900    0    0     0  6802  951  944  4  2 93  1  0
2026-07-22 23:42:59 procs -----------memory---------- ---swap-- -----io---- -system-- ------cpu-----
2026-07-22 23:42:59  r  b   swpd   free   buff  cache   si   so    bi    bo   in   cs us sy id wa st
2026-07-22 23:42:59  0  0      0 2876608   2104 591016    0    0     0  7093  910  909  4  1 94  1  0
2026-07-22 23:43:04  0  0      0 2876496   2104 591144    0    0     0  6531  943  933  4  2 90  1  3
2026-07-22 23:43:09  0  0      0 2876512   2104 591256    0    0     0  6383  841  866  3  1 95  1  0
2026-07-22 23:43:14  0  0      0 2876512   2104 591368    0    0     0  6244  857  919  3  1 95  1  0
2026-07-22 23:43:19  0  0      0 2891380   2104 576588    0    0     0  6862  887  904  4  1 94  1  0
2026-07-22 23:43:24  0  0      0 2893160   2104 576700    0    0     0  6836  902  923  3  1 94  1  0
2026-07-22 23:43:29  0  0      0 2891516   2104 576816    0    0     0  6838  890  923  4  1 94  1  0
2026-07-22 23:43:34  0  0      0 2893456   2104 576944    0    0     0  7142  903  907  4  1 94  1  0
2026-07-22 23:43:39  0  0      0 2893424   2104 577056    0    0     0  6744  863  871  3  1 94  1  0
2026-07-22 23:43:44  0  0      0 2891644   2104 577144    0    0     0  6283  860  863  3  1 95  1  0
2026-07-22 23:43:49  0  0      0 2895220   2104 577280    0    0     0  6896  878  890  4  1 94  1  0
2026-07-22 23:43:54  0  0      0 2895108   2104 577392    0    0     0  6577  864  876  3  1 95  1  0
2026-07-22 23:43:59  0  0      0 2895052   2104 577508    0    0     0  6854  890  897  3  1 94  1  0
2026-07-22 23:44:04  0  0      0 2894628   2104 577604    0    0     0  5731  915  887  4  2 90  1  4
2026-07-22 23:44:09  0  0      0 2893032   2104 577708    0    0     0  5862  807  815  3  1 95  1  0
2026-07-22 23:44:14  0  0      0 2892864   2104 577828    0    0     0  6605  879  920  3  1 94  1  0
2026-07-22 23:44:19  0  0      0 2895300   2104 577940    0    0     0  6592  868  871  4  1 94  1  0
2026-07-22 23:44:24  0  0      0 2895076   2104 578056    0    0     0  7210  922  933  4  1 94  1  0
2026-07-22 23:44:29  0  0      0 2886360   2104 586368    0    0     0  6318  830  838  3  1 95  1  0
2026-07-22 23:44:34  0  0      0 2886220   2104 586476    0    0     0  6318  837  859  3  1 95  1  0
2026-07-22 23:44:39  0  0      0 2886192   2104 586584    0    0     0  6344  849  863  3  1 95  1  0
2026-07-22 23:44:44 procs -----------memory---------- ---swap-- -----io---- -system-- ------cpu-----
2026-07-22 23:44:44  r  b   swpd   free   buff  cache   si   so    bi    bo   in   cs us sy id wa st
2026-07-22 23:44:44  0  0      0 2885996   2104 586700    0    0     0  6754  879  888  3  1 94  1  0
2026-07-22 23:44:49  0  0      0 2885792   2104 586796    0    0     0  6642  869  873  3  1 94  1  0
2026-07-22 23:44:54  0  0      0 2885796   2104 586912    0    0     0  6371  838  852  3  1 95  1  0
2026-07-22 23:44:59  0  0      0 2885520   2104 587040    0    0     0  6947  886  912  4  1 94  1  0
2026-07-22 23:45:04  0  0      0 2885336   2104 587152    0    0     0  6638  995  924  4  2 88  1  5
2026-07-22 23:45:09  0  0      0 2883440   2104 587260    0    0     0  7520  948  936  4  1 94  1  0
2026-07-22 23:45:14  0  0      0 2884884   2104 587388    0    0     0  7070  949  892  4  1 94  1  0
2026-07-22 23:45:19  0  0      0 2885224   2104 587504    0    0     0  6655  876  894  4  1 94  1  0
2026-07-22 23:45:24  0  0      0 2883088   2104 587616    0    0     0  6667  866  887  3  1 94  1  0
2026-07-22 23:45:29  0  0      0 2885056   2104 587728    0    0     0  6667  865  880  3  1 94  1  0
2026-07-22 23:45:34  0  0      0 2883316   2104 587844    0    0     0  7257  902  919  4  1 94  1  0
2026-07-22 23:45:39  0  0      0 2876148   2104 594652    0    0     0  6404  846  877  3  1 94  1  0
2026-07-22 23:45:44  0  0      0 2875532   2104 594776    0    0     0  7099  883  926  4  1 94  1  0
2026-07-22 23:45:49  0  0      0 2873936   2104 594888    0    0     0  6987  879  896  3  2 94  1  0
2026-07-22 23:45:54  0  0      0 2873796   2104 595000    0    0     0  6998  875  883  4  1 94  1  0
2026-07-22 23:45:59  0  0      0 2873652   2104 595104    0    0     0  7291  892  894  4  2 94  1  0
2026-07-22 23:46:04  0  0      0 2873028   2104 595216    0    0     0  5842  917  897  3  2 90  1  4
2026-07-22 23:46:09  0  0      0 2873460   2104 595324    0    0     0  6723  870  892  4  1 94  1  0
2026-07-22 23:46:14  0  0      0 2888740   2104 580540    0    0     0  6829  867  908  3  1 94  1  0
2026-07-22 23:46:19  0  0      0 2888712   2104 580652    0    0     0  7026  879  899  3  2 94  1  0
2026-07-22 23:46:24  0  0      0 2888600   2104 580764    0    0     0  6462  842  870  3  1 94  1  0
2026-07-22 23:46:29 procs -----------memory---------- ---swap-- -----io---- -system-- ------cpu-----
2026-07-22 23:46:29  r  b   swpd   free   buff  cache   si   so    bi    bo   in   cs us sy id wa st
2026-07-22 23:46:29  0  0      0 2888340   2104 580888    0    0     0  7029  914  947  3  1 94  1  0
2026-07-22 23:46:34  0  0      0 2888316   2104 581004    0    0     0  7366  908  922  4  1 94  1  0
2026-07-22 23:46:39  0  0      0 2888068   2104 581120    0    0     0  7375  916  930  4  1 94  1  0
2026-07-22 23:46:44  0  0      0 2888060   2104 581224    0    0     0  7191  885  891  3  1 94  1  0
2026-07-22 23:46:49  0  0      0 2887840   2104 581336    0    0     0  6792  844  850  4  1 94  1  0
2026-07-22 23:46:54  0  0      0 2887668   2104 581464    0    0     0  7400  906  923  4  2 94  1  0
2026-07-22 23:46:59  0  0      0 2887676   2104 581580    0    0     0  6794  873  882  4  1 94  1  0
2026-07-22 23:47:04  0  0      0 2887508   2104 581680    0    0     0  6215  923  851  4  2 90  1  4
2026-07-22 23:47:09  0  0      0 2887416   2104 581788    0    0     0  6832  859  874  4  1 94  1  0
2026-07-22 23:47:14  0  0      0 2887368   2104 581908    0    0     0  6911  878  917  3  1 94  1  0
2026-07-22 23:47:19  1  0      0 2887088   2104 582032    0    0     0  7390  893  898  4  1 94  1  0
2026-07-22 23:47:24  0  0      0 2877596   2104 590328    0    0     0  6844  858  867  4  1 94  1  0
2026-07-22 23:47:29  0  0      0 2878488   2104 590432    0    0     0  7115  882  898  4  1 94  1  0
2026-07-22 23:47:34  0  0      0 2878100   2104 590556    0    0     0  6521  844  869  3  1 94  1  0
2026-07-22 23:47:39  0  0      0 2880192   2104 590668    0    0     0  7161  894  910  4  1 94  1  0
2026-07-22 23:47:44  0  0      0 2877456   2104 590784    0    0     0  6680  861  910  3  1 94  1  0
2026-07-22 23:47:49  0  0      0 2876448   2104 590864    0    0     0  6547  841  850  3  1 94  1  0
2026-07-22 23:47:54  0  0      0 2876016   2104 591004    0    0     0  7170  878  910  4  1 94  1  0
2026-07-22 23:47:59  0  0      0 2878212   2104 591112    0    0     0  6586  828  841  3  1 94  1  0
2026-07-22 23:48:04  0  0      0 2877856   2104 591240    0    0     0  6864 1149 1004  5  3 81  1 11
2026-07-22 23:48:09  0  0      0 2877864   2104 591340    0    0     0  7175  904  915  4  1 94  1  0
2026-07-22 23:48:14 procs -----------memory---------- ---swap-- -----io---- -system-- ------cpu-----
2026-07-22 23:48:14  r  b   swpd   free   buff  cache   si   so    bi    bo   in   cs us sy id wa st
2026-07-22 23:48:14  0  0      0 2878352   2104 591460    0    0     0  6879  869  876  4  1 94  1  0
2026-07-22 23:48:19  0  0      0 2876232   2104 591576    0    0     0  7002  861  905  4  1 94  1  0
2026-07-22 23:48:24  0  0      0 2876092   2104 591688    0    0     0  6891  865  878  4  1 94  1  0
2026-07-22 23:48:29  0  0      0 2875868   2104 591800    0    0     0  6926  848  845  3  1 94  1  0
2026-07-22 23:48:34  0  0      0 2868776   2104 598616    0    0     0  7217  882  888  4  1 94  1  0
2026-07-22 23:48:39  2  0      0 2868516   2104 598732    0    0     0  6952  851  871  4  1 94  1  0
2026-07-22 23:48:44  0  0      0 2868328   2104 598856    0    0     0  7219  906  927  4  1 94  1  0
2026-07-22 23:48:49  0  0      0 2868272   2104 598960    0    0     0  7364  899  892  4  1 94  1  0
2026-07-22 23:48:54  0  0      0 2868156   2104 599080    0    0     0  7510  910  933  4  1 94  1  0
2026-07-22 23:48:59  0  0      0 2867936   2104 599200    0    0     0  7558  912  928  4  2 94  1  0
2026-07-22 23:49:04  0  0      0 2865964   2104 599300    0    0     0  6330  923  917  4  2 91  1  3
2026-07-22 23:49:09  0  0      0 2883052   2104 584524    0    0     0  6934  889  913  3  2 94  1  0
2026-07-22 23:49:14  0  0      0 2883504   2104 584628    0    0     0  7546  909  916  4  1 94  1  0
2026-07-22 23:49:19  0  0      0 2882796   2104 584756    0    0     0  7686  911  915  4  1 94  1  0
2026-07-22 23:49:24  2  0      0 2885412   2104 584872    0    0     0  6966  875  897  3  1 94  1  0
2026-07-22 23:49:29  0  0      0 2883804   2104 584984    0    0     0  6975  869  907  3  1 94  1  0
2026-07-22 23:49:34  0  0      0 2885768   2104 585116    0    0     0  7868  943  940  4  1 94  1  0
2026-07-22 23:49:39  0  0      0 2887648   2104 585220    0    0     0  7872  919  935  4  2 93  1  0
2026-07-22 23:49:44  0  0      0 2885628   2104 585344    0    0     0  6968  861  873  4  1 94  1  0
2026-07-22 23:49:49  0  0      0 2883356   2104 585460    0    0     0  7400  882  890  4  2 94  1  0
2026-07-22 23:49:54  0  0      0 2885348   2104 585572    0    0     0  6974  888  908  3  1 94  1  0
2026-07-22 23:49:59 procs -----------memory---------- ---swap-- -----io---- -system-- ------cpu-----
2026-07-22 23:49:59  r  b   swpd   free   buff  cache   si   so    bi    bo   in   cs us sy id wa st
2026-07-22 23:49:59  0  0      0 2882904   2104 585676    0    0     0  6694  843  853  4  1 94  1  0
2026-07-22 23:50:04  0  0      0 2880800   2104 585740    0    0     0  6384  999  919  4  3 84  1  9
2026-07-22 23:50:09  1  0      0 2869060   2104 585844    0    0     0  7009  933  893  4  1 94  1  0
2026-07-22 23:50:14  0  0      0 2872332   2104 585956    0    0     0  6406  914  823  3  1 95  1  0
2026-07-22 23:50:19  0  0      0 2864736   2104 594264    0    0     0  6831  880  863  3  1 95  1  0
2026-07-22 23:50:24  0  0      0 2864652   2104 594376    0    0     0  7022  861  888  3  1 94  1  0
2026-07-22 23:50:29  0  0      0 2864424   2104 594480    0    0     0  6743  848  863  3  1 95  1  0
2026-07-22 23:50:34  0  0      0 2866184   2104 594588    0    0     0  7341  877  897  4  1 94  1  0
2026-07-22 23:50:39  0  0      0 2866280   2104 594712    0    0     0  7675  905  924  4  1 94  1  0
2026-07-22 23:50:44  0  0      0 2865884   2104 594836    0    0     0  7660  902  921  4  1 94  1  0
2026-07-22 23:50:49  2  0      0 2865736   2104 594940    0    0     0  7476  898  908  4  1 94  1  0
2026-07-22 23:50:54  1  0      0 2865652   2104 595076    0    0     0  7371  870  905  4  1 94  1  0
2026-07-22 23:50:59  0  0      0 2865660   2104 595192    0    0     0  7706  908  924  4  1 94  1  0
2026-07-22 23:51:04  1  0      0 2864132   2104 595304    0    0     0  7071  965  924  4  2 88  1  4
2026-07-22 23:51:09  0  0      0 2865396   2104 595408    0    0     0  8017  948  896  4  1 94  1  0
2026-07-22 23:51:14  0  0      0 2865196   2104 595524    0    0     0  7082  890  897  4  1 94  1  0
2026-07-22 23:51:19  0  0      0 2865180   2104 595644    0    0     0  7206  874  887  4  1 94  1  0
2026-07-22 23:51:24  0  0      0 2856996   2104 602444    0    0     0  6483  812  828  3  1 95  1  0
2026-07-22 23:51:29  0  0      0 2856888   2104 602568    0    0     0  7720  894  925  4  1 94  1  0
2026-07-22 23:51:34  0  0      0 2857524   2104 602676    0    0     0  7127  873  888  4  1 94  1  0
2026-07-22 23:51:39  1  0      0 2857980   2104 602784    0    0     0  6513  828  871  3  1 94  1  0
2026-07-22 23:51:44 procs -----------memory---------- ---swap-- -----io---- -system-- ------cpu-----
2026-07-22 23:51:44  r  b   swpd   free   buff  cache   si   so    bi    bo   in   cs us sy id wa st
2026-07-22 23:51:44  0  0      0 2857308   2104 602904    0    0     0  7129  851  856  3  1 94  1  0
2026-07-22 23:51:49  0  0      0 2857672   2104 603012    0    0     0  7116  880  887  4  1 94  1  0
2026-07-22 23:51:54  0  0      0 2857048   2104 603124    0    0     0  7228  852  875  4  1 94  1  0
2026-07-22 23:51:59  0  0      0 2871492   2104 588444    0    0     0  7139  862  878  4  1 94  1  0
2026-07-22 23:52:04  0  0      0 2871832   2104 588448    0    0     0  6526  938  887  4  2 88  1  5
2026-07-22 23:52:09  0  0      0 2871888   2104 588572    0    0     0  7122  904  898  4  1 94  1  0
2026-07-22 23:52:14  0  0      0 2871776   2104 588692    0    0     0  7757  932  945  4  1 94  1  0
2026-07-22 23:52:19  0  0      0 2871552   2104 588800    0    0     0  7142  870  883  3  1 94  1  0
2026-07-22 23:52:24  2  0      0 2871636   2104 588908    0    0     0  6639  852  880  3  1 95  1  0
2026-07-22 23:52:29  0  0      0 2871440   2104 589028    0    0     0  7161  868  880  4  1 94  1  0
2026-07-22 23:52:34  0  1      0 2871608   2104 589140    0    0     0  7819  906  916  4  1 94  1  0
2026-07-22 23:52:39  0  0      0 2871236   2104 589256    0    0     0  7479  917  920  4  1 94  1  0
2026-07-22 23:52:44  0  0      0 2871324   2104 589360    0    0     0  7788  883  893  4  1 94  1  0
2026-07-22 23:52:49  0  0      0 2872440   2104 589480    0    0     0  6551  810  826  3  1 95  1  0
2026-07-22 23:52:54  0  0      0 2872356   2104 589592    0    0     0  7904  905  921  4  1 94  1  0
2026-07-22 23:52:59  0  0      0 2872244   2104 589712    0    0     0  7165  883  927  4  2 94  1  0
2026-07-22 23:53:04  1  0      0 2872260   2104 589820    0    0     0  6902  983  914  4  2 90  1  3
2026-07-22 23:53:09  2  0      0 2872028   2104 589936    0    0     0  7198  886  896  4  1 94  1  0
2026-07-22 23:53:14  0  0      0 2863824   2104 598252    0    0     0  7507  880  887  4  1 94  1  0
2026-07-22 23:53:19  1  0      0 2867684   2104 598360    0    0     0  8158  950  953  4  2 93  1  0
2026-07-22 23:53:24  0  0      0 2867320   2104 598464    0    0     0  7346  883  910  4  1 94  1  0
2026-07-22 23:53:29 procs -----------memory---------- ---swap-- -----io---- -system-- ------cpu-----
2026-07-22 23:53:29  r  b   swpd   free   buff  cache   si   so    bi    bo   in   cs us sy id wa st
2026-07-22 23:53:29  0  0      0 2867072   2104 598580    0    0     0  7840  902  904  4  1 94  1  0
2026-07-22 23:53:34  0  0      0 2867160   2104 598708    0    0     0  7561  894  911  4  1 94  1  0
2026-07-22 23:53:39  0  0      0 2865868   2104 598832    0    0     0  7869  918  930  4  2 94  1  0
2026-07-22 23:53:44  0  0      0 2869176   2104 598952    0    0     0  7546  904  918  4  1 94  1  0
2026-07-22 23:53:49  0  0      0 2860848   2104 599052    0    0     0  7573  904  890  4  2 94  1  0
2026-07-22 23:53:54  2  0      0 2858548   2104 599172    0    0     0  7075  942  926  4  1 93  1  0
2026-07-22 23:53:59  0  0      0 2861044   2104 599296    0    0     0  7584  902  898  4  2 94  1  0
2026-07-22 23:54:04  1  0      0 2863532   2104 599400    0    0     0  7611 1045  946  4  3 84  1  8
2026-07-22 23:54:09  0  0      0 2863496   2104 599504    0    0     0  7291  927  891  4  1 94  1  0
2026-07-22 23:54:14  0  0      0 2862068   2104 599624    0    0     0  7591  932  906  4  2 93  1  0
2026-07-22 23:54:19  0  0      0 2855720   2104 606448    0    0     0  7915  940  932  4  2 94  1  0
2026-07-22 23:54:24  0  0      0 2853492   2104 606560    0    0     0  7449  871  863  4  2 94  1  0
2026-07-22 23:54:29  0  0      0 2856240   2104 606672    0    0     0  7006  839  828  3  1 94  1  0
2026-07-22 23:54:34  2  0      0 2854768   2104 606780    0    0     0  7664  913  913  4  2 94  1  0
2026-07-22 23:54:39  0  1      0 2850872   2104 606892    0    0     0  7341  859  863  4  1 94  1  0
2026-07-22 23:54:44  0  0      0 2857048   2104 607008    0    0     0  7391  889  872  4  2 94  1  0
2026-07-22 23:54:49  0  1      0 2851828   2104 607136    0    0     0  8613  982  965  5  2 93  1  0
2026-07-22 23:54:54  0  0      0 2866460   2104 592360    0    0     0  7158  868  855  4  2 94  1  0
2026-07-22 23:54:59  0  0      0 2866460   2104 592480    0    0     0  7338  900  880  4  2 94  1  0
2026-07-22 23:55:04  0  0      0 2867600   2104 592576    0    0     0  6698  944  882  4  3 88  1  5
2026-07-22 23:55:09  0  0      0 2864960   2104 592692    0    0     0  7039  918  877  4  1 94  1  0
2026-07-22 23:55:14 procs -----------memory---------- ---swap-- -----io---- -system-- ------cpu-----
2026-07-22 23:55:14  r  b   swpd   free   buff  cache   si   so    bi    bo   in   cs us sy id wa st
2026-07-22 23:55:14  0  0      0 2866284   2104 592796    0    0     0  7048  945  861  4  2 94  1  0
2026-07-22 23:55:19  2  0      0 2869384   2104 592912    0    0     0  7378  948  885  4  2 94  1  0
2026-07-22 23:55:24  1  0      0 2867416   2104 593028    0    0     0  7683  953  918  4  2 93  1  0
2026-07-22 23:55:29  1  0      0 2868008   2104 593136    0    0     0  6864  893  864  4  1 94  1  0
2026-07-22 23:55:34  1  0      0 2865916   2104 593256    0    0     0  8016  914  890  4  2 94  1  0
2026-07-22 23:55:39  0  0      0 2867092   2104 593372    0    0     0  7072  872  870  4  2 94  1  0
2026-07-22 23:55:44  0  0      0 2867120   2104 593472    0    0     0  7067  878  886  3  1 94  1  0
2026-07-22 23:55:49  0  0      0 2866980   2104 593588    0    0     0  7390  893  902  4  2 94  1  0
2026-07-22 23:55:54  0  0      0 2866252   2104 593696    0    0     0  7066  876  884  4  1 94  1  0
2026-07-22 23:55:59  0  0      0 2868384   2104 593808    0    0     0  7515  881  887  4  1 94  1  0
2026-07-22 23:56:04  2  0      0 2866128   2104 593920    0    0     0  6126  989  923  4  2 87  1  6
2026-07-22 23:56:09  0  0      0 2859308   2104 602208    0    0     0  7778  908  841  4  2 94  1  0
2026-07-22 23:56:14  0  1      0 2857124   2104 602328    0    0     0  7728  951  922  4  2 94  1  0
2026-07-22 23:56:19  0  0      0 2859948   2104 602452    0    0     0  8069  994  936  4  2 93  1  0
2026-07-22 23:56:24  0  0      0 2859080   2104 602568    0    0     0  8076 1000  940  4  2 93  1  0
2026-07-22 23:56:29  0  0      0 2860568   2104 602676    0    0     0  7212  922  877  3  2 94  1  0
2026-07-22 23:56:34  0  0      0 2855168   2104 602792    0    0     0  7443  909  881  4  1 94  1  0
2026-07-22 23:56:39  0  0      0 2857244   2104 602908    0    0     0  8134  930  924  4  2 93  1  0
2026-07-22 23:56:44  0  0      0 2857412   2104 603028    0    0     0  7769  923  923  4  2 94  1  0
2026-07-22 23:56:49  2  0      0 2855168   2104 603140    0    0     0  8097  954  951  4  2 93  1  0
2026-07-22 23:56:54  0  0      0 2857384   2104 603260    0    0     0  8118  919  894  4  2 93  1  0
2026-07-22 23:56:59 procs -----------memory---------- ---swap-- -----io---- -system-- ------cpu-----
2026-07-22 23:56:59  r  b   swpd   free   buff  cache   si   so    bi    bo   in   cs us sy id wa st
2026-07-22 23:56:59  0  0      0 2859096   2104 603384    0    0     0  7899  932  928  4  2 94  1  0
2026-07-22 23:57:04  0  0      0 2854072   2104 603500    0    0     0  7800 1050  981  4  2 90  1  3
2026-07-22 23:57:09  0  0      0 2856836   2104 603616    0    0     0  7510  970  902  4  1 94  1  0
2026-07-22 23:57:14  0  0      0 2852264   2104 610428    0    0     0  7801  972  892  4  2 94  1  0
2026-07-22 23:57:19  0  0      0 2852564   2104 610536    0    0     0  7802  967  910  4  2 93  1  0
2026-07-22 23:57:24  0  0      0 2851736   2104 610652    0    0     0  7830  958  918  4  2 94  1  0
2026-07-22 23:57:29  0  0      0 2852472   2104 610772    0    0     0  7617  948  891  4  1 94  1  0
2026-07-22 23:57:34  2  0      0 2852360   2104 610872    0    0     0  7823  954  901  4  2 93  1  0
2026-07-22 23:57:39  0  0      0 2852292   2104 611008    0    0     0  7875  935  900  4  2 94  1  0
2026-07-22 23:57:44  0  1      0 2850168   2104 611124    0    0     0  8168  971  936  4  1 93  1  0
2026-07-22 23:57:49  0  0      0 2865124   2104 596364    0    0     0  8162 1000  943  4  2 93  1  0
2026-07-22 23:57:54  0  0      0 2865592   2104 596476    0    0     0  7530  922  917  4  2 94  1  0
2026-07-22 23:57:59  0  0      0 2865336   2104 596572    0    0     0  7318  890  868  4  1 94  1  0
2026-07-22 23:58:04  0  0      0 2867920   2104 596684    0    0     0  6544  942  882  4  2 88  1  5
2026-07-22 23:58:09  0  0      0 2869132   2104 596796    0    0     0  8214  996  906  4  2 93  1  0
2026-07-22 23:58:14  0  0      0 2869500   2104 596920    0    0     0  8217 1035  951  4  2 93  1  0
2026-07-22 23:58:19  2  0      0 2866744   2104 597024    0    0     0  7892  996  916  4  2 94  1  0
2026-07-22 23:58:24  0  0      0 2866652   2104 597156    0    0     0  7902  998  916  4  2 93  1  0
2026-07-22 23:58:29  0  1      0 2865780   2104 597256    0    0     0  7374  893  846  3  2 94  1  0
2026-07-22 23:58:34  0  0      0 2866416   2104 597372    0    0     0  8241  973  956  4  2 93  1  0
2026-07-22 23:58:39  0  0      0 2864324   2104 597500    0    0     0  7598  929  892  4  2 93  1  0
2026-07-22 23:58:44 procs -----------memory---------- ---swap-- -----io---- -system-- ------cpu-----
2026-07-22 23:58:44  r  b   swpd   free   buff  cache   si   so    bi    bo   in   cs us sy id wa st
2026-07-22 23:58:44  0  0      0 2864844   2104 597596    0    0     0  7979  936  913  4  2 93  1  0
2026-07-22 23:58:49  0  0      0 2864780   2104 597716    0    0     0  7963  935  919  4  2 94  1  0
2026-07-22 23:58:54  0  0      0 2864568   2104 597840    0    0     0  7952  933  913  4  2 93  1  0
2026-07-22 23:58:59  2  0      0 2855400   2104 606140    0    0     0  7304  895  878  4  1 94  1  0
2026-07-22 23:59:04  1  0      0 2853476   2104 606216    0    0     0  7428 1152 1008  5  3 84  1  7
2026-07-22 23:59:09  0  0      0 2854416   2104 606324    0    0     0  7619  891  829  4  1 94  1  0
2026-07-22 23:59:14  0  1      0 2852844   2104 606436    0    0     0  7369  918  858  3  2 94  1  0
2026-07-22 23:59:19  0  0      0 2856984   2104 606548    0    0     0  7992  989  913  4  2 93  1  0
2026-07-22 23:59:24  0  0      0 2857500   2104 606664    0    0     0  7654  952  889  4  2 94  1  0
2026-07-22 23:59:29  0  0      0 2856980   2104 606768    0    0     0  7662  944  886  4  2 93  1  0
2026-07-22 23:59:34  0  0      0 2854700   2104 606896    0    0     0  8453  977  946  4  2 93  1  0
2026-07-22 23:59:39  0  0      0 2852836   2104 607008    0    0     0  8324  983  933  4  2 93  1  0
2026-07-22 23:59:44  0  0      0 2854756   2104 607132    0    0     0  7708  954  896  4  1 94  1  0
2026-07-22 23:59:49  0  1      0 2852332   2104 607236    0    0     0  8008  972  920  4  2 93  1  0
2026-07-22 23:59:54  0  0      0 2854268   2104 607356    0    0     0  7691  937  886  4  2 93  1  0
2026-07-22 23:59:59  2  0      0 2853440   2104 607476    0    0     0  7678  898  873  4  2 94  1  0
2026-07-23 00:00:04  1  0      0 2788240   2104 668484    0    0 11760  2132  985  495  8  3 68  1 21
2026-07-23 00:00:09  1  0      0 2588912   2104 868840    0    0 69194  2322 2221  307 24  6 47  0 23
2026-07-23 00:00:14  1  0      0 2528684   2104 927032    0    0 35793 94743 1235 4107  1  5 38 54  2
2026-07-23 00:00:19  0  0      0 2527280   2104 930744    0    0  1166  1158  169  202  0  0 99  0  0
2026-07-23 00:00:24  0  0      0 2527280   2104 930744    0    0     0     0  113  160  0  0 100  0  0
2026-07-23 00:00:29 procs -----------memory---------- ---swap-- -----io---- -system-- ------cpu-----
2026-07-23 00:00:29  r  b   swpd   free   buff  cache   si   so    bi    bo   in   cs us sy id wa st
2026-07-23 00:00:29  0  0      0 2527280   2104 930744    0    0     0     0  109  158  0  0 100  0  0
2026-07-23 00:00:34  0  0      0 2527280   2104 930744    0    0     0     0  108  156  0  0 100  0  0
2026-07-23 00:00:39  0  0      0 2527280   2104 930744    0    0     0     0  108  157  0  0 100  0  0
2026-07-23 00:00:44  0  0      0 2527280   2104 930744    0    0     0   108  123  172  0  0 100  0  0
2026-07-23 00:00:49  0  0      0 2527280   2104 930744    0    0     0     0  106  156  0  0 100  0  0
2026-07-23 00:00:54  0  0      0 2527280   2104 930744    0    0     0     0  109  158  0  0 100  0  0
2026-07-23 00:00:59  0  0      0 2529240   2104 930744    0    0     0     0  112  159  0  0 100  0  0
2026-07-23 00:01:04  0  0      0 2528864   2104 930836    0    0    12     0  217  246  1  1 95  0  3
2026-07-23 00:01:09  0  0      0 2529476   2104 930836    0    0     0     0  108  156  0  0 100  0  0
2026-07-23 00:01:14  0  1      0 2527964   2104 930836    0    0     0   352  170  209  0  0 100  0  0
2026-07-23 00:01:19  0  0      0 2527476   2104 930896    0    0     0  3356  642  607  2  1 97  0  0
2026-07-23 00:01:24  0  0      0 2521236   2104 937660    0    0     0  5708  807  750  3  1 95  1  0
2026-07-23 00:01:29  0  0      0 2519516   2104 937772    0    0     0  7386  891  879  4  2 94  1  0
2026-07-23 00:01:34  3  0      0 2517620   2104 937896    0    0     0  7367  884  865  4  2 94  1  0
2026-07-23 00:01:39  0  0      0 2518792   2104 937992    0    0     0  7378  872  856  4  2 94  1  0
2026-07-23 00:01:44  0  0      0 2519244   2104 938116    0    0     0  7724  903  876  4  2 94  1  0
2026-07-23 00:01:49  1  0      0 2515796   2104 938204    0    0     0  7842  883  859  4  1 94  1  0
2026-07-23 00:01:54  0  0      0 2518788   2104 938336    0    0     0  7394  879  844  4  2 94  1  0
2026-07-23 00:01:59  0  0      0 2533932   2104 923552    0    0     0  7745  898  882  4  2 93  1  0
2026-07-23 00:02:04  0  1      0 2531264   2104 923660    0    0     0  7710 1062  932  4  3 86  1  6
2026-07-23 00:02:09  0  0      0 2531284   2104 923756    0    0     0  7392  894  821  4  2 94  1  0
2026-07-23 00:02:14 procs -----------memory---------- ---swap-- -----io---- -system-- ------cpu-----
2026-07-23 00:02:14  r  b   swpd   free   buff  cache   si   so    bi    bo   in   cs us sy id wa st
2026-07-23 00:02:14  0  0      0 2531812   2104 923884    0    0     0  7413  926  866  4  2 94  1  0
2026-07-23 00:02:19  1  0      0 2534632   2104 923980    0    0     0  7547  939  865  4  2 94  1  0
2026-07-23 00:02:24  0  0      0 2532232   2104 924100    0    0     0  7400  929  871  4  1 94  1  0
2026-07-23 00:02:29  0  0      0 2532948   2104 924168    0    0     0  7786  971  886  4  2 93  1  0
2026-07-23 00:02:34  0  0      0 2531888   2104 924284    0    0     0  7768  947  879  4  2 93  1  0
2026-07-23 00:02:39  0  0      0 2530668   2104 924388    0    0     0  7418  890  825  4  1 94  1  0
2026-07-23 00:02:44  0  0      0 2531488   2104 924496    0    0     0  7443  933  911  4  1 94  1  0
2026-07-23 00:02:49  0  0      0 2531780   2104 924620    0    0     0  7912  942  908  4  1 93  1  0
2026-07-23 00:02:54  0  0      0 2531136   2104 924720    0    0     0  7438  866  805  4  1 94  1  0
2026-07-23 00:02:59  0  0      0 2528464   2104 924836    0    0     0  7443  921  835  4  2 94  1  0
2026-07-23 00:03:04  1  0      0 2516724   2104 924940    0    0     0  7479 1007  923  4  2 91  1  3
2026-07-23 00:03:09  0  0      0 2491908   2104 925056    0    0     0  7474  926  870  4  1 94  1  0
2026-07-23 00:03:14  0  0      0 2468972   2104 933356    0    0     0  7793  977  925  4  1 94  1  0
2026-07-23 00:03:19  1  1      0 2461208   2104 933468    0    0     0  7809  952  907  4  1 94  1  0
2026-07-23 00:03:24  0  0      0 2459820   2104 933560    0    0     0  7278  903  841  4  1 94  1  0
2026-07-23 00:03:29  0  0      0 2449712   2104 933672    0    0     0  7462  957  894  4  2 94  1  0
2026-07-23 00:03:34  0  0      0 2444908   2104 933780    0    0     0  7814  989  927  4  1 94  1  0
2026-07-23 00:03:39  0  0      0 2444908   2104 933900    0    0     0  7502  933  871  4  1 94  1  0
2026-07-23 00:03:44  0  0      0 2438328   2104 934016    0    0     0  7501  936  888  4  1 94  1  0
2026-07-23 00:03:49  0  0      0 2437556   2104 934120    0    0     0  7823  950  888  4  1 94  1  0
2026-07-23 00:03:54  0  0      0 2432420   2104 934236    0    0     0  7334  932  881  4  1 94  1  0
2026-07-23 00:03:59 procs -----------memory---------- ---swap-- -----io---- -system-- ------cpu-----
2026-07-23 00:03:59  r  b   swpd   free   buff  cache   si   so    bi    bo   in   cs us sy id wa st
2026-07-23 00:03:59  0  0      0 2425504   2104 934328    0    0     0  7864  985  891  4  1 94  1  0
2026-07-23 00:04:04  0  0      0 2416388   2104 934452    0    0     0  7857 1077  953  4  2 86  1  6
2026-07-23 00:04:09  0  0      0 2411180   2104 934544    0    0     0  6853  884  825  3  1 94  1  0
2026-07-23 00:04:14  0  0      0 2402288   2104 934656    0    0     0  7560  931  865  4  1 94  1  0
2026-07-23 00:04:19  0  0      0 2401028   2104 934780    0    0     0  7897  964  909  4  1 94  1  0
2026-07-23 00:04:24  0  0      0 2394788   2104 941580    0    0     0  7689  909  836  3  1 94  1  0
2026-07-23 00:04:29  0  0      0 2388680   2104 941688    0    0     0  7566  941  848  4  1 94  1  0
2026-07-23 00:04:34  0  0      0 2383000   2104 941784    0    0     0  7903  977  908  4  1 94  1  0
2026-07-23 00:04:39  0  0      0 2374220   2104 941892    0    0     0  7214  924  869  4  1 94  1  0
2026-07-23 00:04:44  0  0      0 2367304   2104 942016    0    0     0  7926  963  863  4  1 93  1  0
2026-07-23 00:04:49  0  1      0 2359192   2104 942128    0    0     0  7925  946  856  4  1 94  1  0
2026-07-23 00:04:54  0  0      0 2347536   2104 942200    0    0     0  7365 1006  932  4  1 93  1  0
2026-07-23 00:04:59  2  0      0 2354848   2104 927348    0    0     0  7574  953  885  4  1 94  1  0
2026-07-23 00:05:04  0  0      0 2340972   2104 927460    0    0     0  7932 1015  897  4  2 85  1  7
2026-07-23 00:05:09  0  0      0 2311056   2104 927556    0    0     0  7603  907  886  3  1 94  1  0
2026-07-23 00:05:14  0  0      0 2285820   2104 927668    0    0     0  7592  905  880  4  1 94  1  0
2026-07-23 00:05:19  1  0      0 2275420   2104 927780    0    0     0  7966  950  921  4  1 94  1  0
2026-07-23 00:05:24  0  0      0 2253956   2104 927892    0    0     0  7411  918  844  4  1 94  1  0
2026-07-23 00:05:29  0  0      0 2244220   2104 928004    0    0     0  7950  945  889  4  1 94  1  0
2026-07-23 00:05:34  0  0      0 2235920   2104 928100    0    0     0  7967  934  872  4  1 94  1  0
2026-07-23 00:05:39  0  0      0 2231600   2104 928212    0    0     0  7297  883  805  4  1 94  1  0
2026-07-23 00:05:44 procs -----------memory---------- ---swap-- -----io---- -system-- ------cpu-----
2026-07-23 00:05:44  r  b   swpd   free   buff  cache   si   so    bi    bo   in   cs us sy id wa st
2026-07-23 00:05:44  0  0      0 2216920   2104 928328    0    0     0  7669  948  901  4  1 94  1  0
2026-07-23 00:05:49  0  0      0 2210512   2104 928432    0    0     0  7976  954  878  4  1 94  1  0
2026-07-23 00:05:54  0  0      0 2197188   2104 928532    0    0     0  7805  898  834  4  1 94  1  0
2026-07-23 00:05:59  0  0      0 2194500   2104 928652    0    0     0  7659  942  909  4  1 94  1  0
2026-07-23 00:06:04  1  0      0 2187084   2104 928752    0    0     0  8004 1069  983  4  2 84  1  9
2026-07-23 00:06:09  0  0      0 2165804   2104 928852    0    0     0  7330  888  858  3  1 94  1  0
2026-07-23 00:06:14  0  0      0 2131684   2104 937152    0    0     0  8063  947  908  4  1 94  1  0
2026-07-23 00:06:19  0  0      0 2113236   2104 937256    0    0     0  8041  970  923  4  1 94  1  0
2026-07-23 00:06:24  0  0      0 2092920   2104 937380    0    0     0  7456  880  854  3  1 94  1  0
2026-07-23 00:06:29  0  0      0 2078456   2104 937492    0    0     0  8038  939  891  4  1 94  1  0
2026-07-23 00:06:34  0  0      0 2053568   2104 937592    0    0     0  8029  948  914  4  1 94  1  0
2026-07-23 00:06:39  0  0      0 2045840   2104 937692    0    0     0  7674  930  892  4  1 94  1  0
2026-07-23 00:06:44  0  0      0 2031668   2104 937816    0    0     0  7706  940  905  4  1 94  1  0
2026-07-23 00:06:49  1  0      0 2010816   2104 937924    0    0     0  7723  966  921  4  1 94  1  0
2026-07-23 00:06:54  0  0      0 2007216   2104 938020    0    0     0  7694  909  881  4  1 94  1  0
2026-07-23 00:06:59  0  0      0 1994256   2104 938136    0    0     0  8199  959  897  4  1 94  1  0
2026-07-23 00:07:04  0  0      0 1971152   2104 938824    0    0    85  8074 1011  923  4  3 87  1  4
2026-07-23 00:07:09  0  0      0 1961944   2104 938940    0    0     0  7367  858  820  4  1 95  1  0
2026-07-23 00:07:14  0  0      0 1943308   2104 939052    0    0     0  7716  912  853  4  1 94  1  0
2026-07-23 00:07:19  0  0      0 1929192   2104 939152    0    0     0  8450  979  930  4  1 94  1  0
2026-07-23 00:07:24  0  0      0 1915112   2104 945972    0    0     0  7734  899  837  4  1 94  1  0
2026-07-23 00:07:29 procs -----------memory---------- ---swap-- -----io---- -system-- ------cpu-----
2026-07-23 00:07:29  r  b   swpd   free   buff  cache   si   so    bi    bo   in   cs us sy id wa st
2026-07-23 00:07:29  0  0      0 1909240   2104 946068    0    0     0  7863  919  873  4  1 94  1  0
2026-07-23 00:07:34  0  0      0 1907492   2104 946176    0    0     0  8102  956  907  4  1 94  1  0
2026-07-23 00:07:39  0  0      0 1903800   2104 946296    0    0     0  7445  904  829  4  1 94  1  0
2026-07-23 00:07:44  0  0      0 1884764   2104 946408    0    0     0  8118  982  954  4  1 94  1  0
2026-07-23 00:07:49  0  0      0 1860788   2104 946520    0    0     0  8154  949  878  4  1 94  1  0
2026-07-23 00:07:54  0  0      0 1849156   2104 946620    0    0     0  7423  898  868  4  1 94  1  0
2026-07-23 00:07:59  0  0      0 1838936   2104 946736    0    0     0  7912  905  851  4  1 94  1  0
2026-07-23 00:08:04  0  0      0 1833292   2104 931908    0    0     0  8114 1064  973  4  2 88  1  5
2026-07-23 00:08:09  0  0      0 1804552   2104 932016    0    0     0  7790  908  882  4  1 94  1  0
2026-07-23 00:08:14  0  0      0 1781600   2104 932128    0    0     0  7794  934  910  4  1 94  1  0
2026-07-23 00:08:19  0  0      0 1772036   2104 932236    0    0     0  8142  910  864  4  1 94  1  0
2026-07-23 00:08:24  0  0      0 1770052   2104 932332    0    0     0  7438  868  827  4  1 94  1  0
2026-07-23 00:08:29  0  0      0 1757260   2104 932448    0    0     0  8288  953  917  4  1 94  1  0
2026-07-23 00:08:34  0  0      0 1754196   2104 932568    0    0     0  8153  927  878  4  1 94  1  0
2026-07-23 00:08:39  2  0      0 1736588   2104 932664    0    0     0  7447  876  816  4  1 94  1  0
2026-07-23 00:08:44  0  0      0 1729472   2104 932776    0    0     0  7818  911  849  4  1 94  1  0
2026-07-23 00:08:49  0  0      0 1719284   2104 932888    0    0     0  8193  955  908  4  1 94  1  0
2026-07-23 00:08:54  0  0      0 1714860   2104 933000    0    0     0  7810  906  852  4  1 94  1  0
2026-07-23 00:08:59  0  0      0 1710660   2104 933116    0    0     0  7963  913  858  4  1 94  1  0
2026-07-23 00:09:04  0  1      0 1698488   2104 933212    0    0     0  8194  993  925  4  2 89  1  4
2026-07-23 00:09:09  0  0      0 1680612   2104 933332    0    0     0  7466  906  880  4  1 94  1  0
2026-07-23 00:09:14 procs -----------memory---------- ---swap-- -----io---- -system-- ------cpu-----
2026-07-23 00:09:14  r  b   swpd   free   buff  cache   si   so    bi    bo   in   cs us sy id wa st
2026-07-23 00:09:14  0  0      0 1671116   2104 933432    0    0     0  8184  933  901  4  1 94  1  0
2026-07-23 00:09:19  0  0      0 1655996   2104 941732    0    0     0  8213  929  876  4  1 94  1  0
2026-07-23 00:09:24  0  0      0 1646108   2104 941836    0    0     0  7491  895  857  4  1 94  1  0
2026-07-23 00:09:29  0  0      0 1640188   2104 941948    0    0     0  7987  925  893  4  1 94  1  0
2026-07-23 00:09:34  0  0      0 1623760   2104 942072    0    0     0  8253  944  894  4  1 93  1  0
2026-07-23 00:09:39  0  0      0 1612284   2104 942156    0    0     0  7909  898  858  4  1 94  1  0
2026-07-23 00:09:44  0  0      0 1603748   2104 942268    0    0     0  7888  903  857  4  1 94  1  0
2026-07-23 00:09:49  0  0      0 1597524   2104 942392    0    0     0  8255  915  855  4  1 94  1  0
2026-07-23 00:09:54  0  0      0 1591144   2104 942552    0    0     0  7543  975  916  4  1 93  1  0
2026-07-23 00:09:59  0  0      0 1589104   2104 942652    0    0     0  8380  950  906  4  1 94  1  0
2026-07-23 00:10:04  0  0      0 1568868   2104 943016    0    0    65  7885 1186 1073  5  3 80  1 11
2026-07-23 00:10:09  0  0      0 1567716   2104 943108    0    0     0  7564  834  809  3  1 94  1  0
2026-07-23 00:10:14  0  0      0 1549792   2104 943224    0    0     0  7934  945  923  4  1 94  1  0
2026-07-23 00:10:19  0  0      0 1544000   2104 943340    0    0     0  8288  909  869  4  1 94  1  0
2026-07-23 00:10:24  0  0      0 1531520   2104 943428    0    0     0  7918  884  821  4  1 94  1  0
2026-07-23 00:10:29  0  0      0 1502024   2104 950252    0    0     0  7937  915  875  4  1 94  1  0
2026-07-23 00:10:34  0  0      0 1492636   2104 950348    0    0     0  8418  942  893  4  1 94  1  0
2026-07-23 00:10:39  0  0      0 1483528   2104 950468    0    0     0  7572  909  892  4  1 94  1  0
2026-07-23 00:10:44  0  0      0 1472156   2104 950564    0    0     0  8315  946  884  4  1 94  1  0
2026-07-23 00:10:49  0  0      0 1462620   2104 950688    0    0     0  8417  951  902  4  1 94  1  0
2026-07-23 00:10:54  0  0      0 1452884   2104 950784    0    0     0  7594  906  863  4  1 94  1  0
2026-07-23 00:10:59 procs -----------memory---------- ---swap-- -----io---- -system-- ------cpu-----
2026-07-23 00:10:59  r  b   swpd   free   buff  cache   si   so    bi    bo   in   cs us sy id wa st
2026-07-23 00:10:59  0  0      0 1444596   2104 950904    0    0     0  8338  944  888  4  1 94  1  0
2026-07-23 00:11:04  0  0      0 1446020   2104 936044    0    0     0  8491 1018  917  4  2 88  1  5
2026-07-23 00:11:09  0  0      0 1423516   2104 936136    0    0     0  7978  900  869  4  1 94  1  0
2026-07-23 00:11:14  0  0      0 1413496   2104 936252    0    0     0  7982  921  895  4  1 94  1  0
2026-07-23 00:11:19  0  0      0 1399252   2104 936368    0    0     0  8388  915  884  4  1 94  1  0
2026-07-23 00:11:24  0  0      0 1391128   2104 936472    0    0     0  7628  896  872  4  1 94  1  0
2026-07-23 00:11:29  0  0      0 1377424   2104 936584    0    0     0  8354  940  885  4  1 94  1  0
2026-07-23 00:11:34  0  0      0 1373144   2104 936680    0    0     0  8519  970  931  4  1 94  1  0
2026-07-23 00:11:39  1  0      0 1359672   2104 936796    0    0     0  7665  895  852  4  1 94  1  0
2026-07-23 00:11:44  0  0      0 1349348   2104 936912    0    0     0  7994  899  849  4  1 94  1  0
2026-07-23 00:11:49  0  0      0 1347980   2104 937028    0    0     0  8379  931  893  4  1 94  1  0
2026-07-23 00:11:54  0  0      0 1337316   2104 937116    0    0     0  8026  903  844  4  1 94  1  0
2026-07-23 00:11:59  0  0      0 1325620   2104 937236    0    0     0  8026  931  902  4  1 94  1  0
2026-07-23 00:12:04  2  0      0 1303740   2104 937352    0    0     0  8168 1034  923  4  3 85  1  7
2026-07-23 00:12:09  0  0      0 1290576   2104 937456    0    0     0  7675  882  871  4  1 94  1  0
2026-07-23 00:12:14  0  0      0 1278592   2104 937572    0    0     0  8422  946  907  4  1 94  1  0
2026-07-23 00:12:19  0  0      0 1259944   2104 945864    0    0     0  8410  937  900  4  1 94  1  0
2026-07-23 00:12:24  2  0      0 1248928   2104 945976    0    0     0  7685  873  834  4  1 94  1  0
2026-07-23 00:12:29  0  0      0 1239840   2104 946088    0    0     0  8068  893  834  4  1 94  1  0
2026-07-23 00:12:34  2  0      0 1232500   2104 946196    0    0     0  8558  928  874  4  1 94  1  0
2026-07-23 00:12:39  2  0      0 1230108   2104 946308    0    0     0  8415  905  854  4  1 94  1  0
2026-07-23 00:12:44 procs -----------memory---------- ---swap-- -----io---- -system-- ------cpu-----
2026-07-23 00:12:44  r  b   swpd   free   buff  cache   si   so    bi    bo   in   cs us sy id wa st
2026-07-23 00:12:44  0  0      0 1217320   2104 946400    0    0     0  8074  922  880  4  1 94  1  0
2026-07-23 00:12:49  0  0      0 1211672   2104 946528    0    0     0  8431  918  867  4  1 94  1  0
2026-07-23 00:12:54  0  0      0 1196936   2104 946632    0    0     0  7695  911  860  4  1 94  1  0
2026-07-23 00:12:59  0  0      0 1186456   2104 946744    0    0     0  8443  931  856  4  1 94  1  0
2026-07-23 00:13:04  0  0      0 1162924   2104 946856    0    0     0  8582 1012  880  4  2 88  1  5
2026-07-23 00:13:09  0  0      0 1145412   2104 946956    0    0     0  7698  873  831  4  1 94  1  0
2026-07-23 00:13:14  0  0      0 1136148   2104 947068    0    0     0  8079  929  873  4  1 94  1  0
2026-07-23 00:13:19  0  0      0 1114056   2104 947184    0    0     0  8495  971  931  4  1 94  1  0
2026-07-23 00:13:24  0  0      0 1094996   2104 947268    0    0     0  8084  909  863  4  1 94  1  0
2026-07-23 00:13:29  0  0      0 1079072   2104 954088    0    0     0  8084  906  849  4  1 94  1  0
2026-07-23 00:13:34  0  0      0 1064276   2104 954204    0    0     0  8637  954  897  4  1 94  1  0
2026-07-23 00:13:39  0  0      0 1049328   2104 954300    0    0     0  7759  931  889  4  1 94  1  0
2026-07-23 00:13:44  0  0      0 1040188   2104 954424    0    0     0  8488  951  888  4  1 94  1  0
2026-07-23 00:13:49  0  0      0 1030504   2104 954532    0    0     0  8506  964  894  4  1 94  1  0
2026-07-23 00:13:54  0  0      0 1018260   2104 954632    0    0     0  7762  911  832  4  1 94  1  0
2026-07-23 00:13:59  0  0      0 1010428   2104 954736    0    0     0  8120  912  839  4  1 94  1  0
2026-07-23 00:14:04  0  0      0 992712   2104 954856    0    0     0  8487 1075  982  4  2 85  1  7
2026-07-23 00:14:09  0  0      0 994884   2104 939992    0    0     0  8284  917  868  4  2 94  1  0
2026-07-23 00:14:14  0  0      0 993348   2104 940092    0    0     0  8134  931  905  4  1 94  1  0
2026-07-23 00:14:19  0  0      0 982992   2104 940188    0    0     0  8504  966  928  4  1 94  1  0
2026-07-23 00:14:24  0  0      0 968264   2104 940296    0    0     0  7802  913  916  3  1 94  1  0
2026-07-23 00:14:29 procs -----------memory---------- ---swap-- -----io---- -system-- ------cpu-----
2026-07-23 00:14:29  r  b   swpd   free   buff  cache   si   so    bi    bo   in   cs us sy id wa st
2026-07-23 00:14:29  0  0      0 959188   2104 940424    0    0     0  8570  949  905  4  1 93  1  0
2026-07-23 00:14:34  0  0      0 958880   2104 940536    0    0     0  8550  996  984  4  1 94  1  0
2026-07-23 00:14:39  0  0      0 957220   2104 940640    0    0     0  7941  929  887  4  2 94  1  0
2026-07-23 00:14:44  0  0      0 949324   2104 940748    0    0     0  8182  924  863  4  1 94  1  0
2026-07-23 00:14:49  0  0      0 928712   2104 940856    0    0     0  8543  991  944  4  2 93  1  0
2026-07-23 00:14:54  0  0      0 899664   2104 940964    0    0     0  8166  938  874  4  1 94  1  0
2026-07-23 00:14:59  0  0      0 883812   2104 941076    0    0     0  8207  953  915  4  2 94  1  0
2026-07-23 00:15:04  0  0      0 847800   2104 941152    0    0     0  8620 1166 1015  5  3 82  1  9
2026-07-23 00:15:09  0  0      0 817528   2104 941264    0    0     0  7987  888  875  4  1 94  1  0
2026-07-23 00:15:14  0  0      0 774024   2104 941372    0    0     0  8598  978  914  4  2 94  1  0
2026-07-23 00:15:19  0  0      0 746432   2104 941480    0    0     0  8611  940  873  4  2 94  1  0
2026-07-23 00:15:24  0  0      0 710724   2104 949772    0    0     0  7850  922  886  3  2 94  1  0
2026-07-23 00:15:29  0  0      0 683036   2104 949892    0    0     0  8600  973  943  4  2 94  1  0
2026-07-23 00:15:34  0  0      0 655276   2104 950000    0    0     0  8630  978  912  4  2 94  1  0
2026-07-23 00:15:39  0  0      0 628524   2104 950092    0    0     0  8409  948  919  4  1 94  1  0
2026-07-23 00:15:44  0  0      0 606632   2104 950216    0    0     0  8239  926  886  4  1 94  1  0
2026-07-23 00:15:49  0  0      0 576960   2104 950324    0    0     0  8673  975  914  4  2 94  1  0
2026-07-23 00:15:54  0  0      0 562300   2104 950432    0    0     0  7898  925  891  4  1 94  1  0
2026-07-23 00:15:59  0  0      0 539900   2104 950536    0    0     0  8630  964  922  4  1 94  1  0
2026-07-23 00:16:04  0  0      0 521988   2104 950624    0    0     0  8266 1052  981  4  2 88  1  5
2026-07-23 00:16:09  0  0      0 494304   2104 950752    0    0     0  8049  888  857  4  2 94  1  0
2026-07-23 00:16:14 procs -----------memory---------- ---swap-- -----io---- -system-- ------cpu-----
2026-07-23 00:16:14  r  b   swpd   free   buff  cache   si   so    bi    bo   in   cs us sy id wa st
2026-07-23 00:16:14  0  0      0 472856   2104 950848    0    0     0  8290  923  877  4  1 94  1  0
2026-07-23 00:16:19  0  0      0 461456   2104 950972    0    0     0  8667  986  948  4  1 94  1  0
2026-07-23 00:16:24  0  0      0 430964   2104 951084    0    0     0  8683  969  940  4  2 94  1  0
2026-07-23 00:16:29  0  0      0 421088   2104 951180    0    0     0  8306  907  857  4  1 94  1  0
2026-07-23 00:16:34  0  0      0 400452   2104 957992    0    0     0  8687  978  936  4  2 93  1  0
2026-07-23 00:16:39  0  0      0 397744   2104 958104    0    0     0  8078  929  902  4  1 94  1  0
2026-07-23 00:16:44  0  0      0 375636   2104 958200    0    0     0  8705  963  901  4  2 93  1  0
2026-07-23 00:16:49  0  0      0 360748   2104 958304    0    0     0  8720  969  913  4  1 94  1  0
2026-07-23 00:16:54  0  0      0 353528   2104 958416    0    0     0  7934  918  889  3  2 94  1  0
2026-07-23 00:16:59  0  0      0 336656   2104 958536    0    0     0  8717  971  924  4  1 93  1  0
2026-07-23 00:17:04  0  0      0 312824   2104 958648    0    0     0  8717 1076 1000  4  2 89  1  4
2026-07-23 00:17:09  0  0      0 296116   2104 943800    0    0     0  8462  902  828  4  2 94  1  0
2026-07-23 00:17:14  0  0      0 273192   2104 943896    0    0     0  8352  919  857  4  1 94  1  0
2026-07-23 00:17:19  0  0      0 261344   2104 944008    0    0     0  8735  950  882  4  1 94  1  0
2026-07-23 00:17:24  0  0      0 247812   2104 944120    0    0     0  7955  933  889  4  1 94  1  0
2026-07-23 00:17:29  0  0      0 223360   2104 944224    0    0     0  8714  952  912  4  2 94  1  0
2026-07-23 00:17:34  0  0      0 213700   2104 944336    0    0     0  8736  953  897  4  1 94  1  0
2026-07-23 00:17:39  0  0      0 206916   2104 944444    0    0     0  7970  929  884  4  1 94  1  0
2026-07-23 00:17:44  0  0      0 193300   2104 944552    0    0     0  8857  961  913  4  2 94  1  0
2026-07-23 00:17:49  0  0      0 178536   2104 944668    0    0     0  8775  981  945  4  1 93  1  0
2026-07-23 00:17:54  0  0      0 168852   2104 944780    0    0     0  8405  909  840  4  1 94  1  0
2026-07-23 00:17:59 procs -----------memory---------- ---swap-- -----io---- -system-- ------cpu-----
2026-07-23 00:17:59  r  b   swpd   free   buff  cache   si   so    bi    bo   in   cs us sy id wa st
2026-07-23 00:17:59  0  0      0 160956   2104 944876    0    0     0  8388  937  883  4  1 94  1  0
2026-07-23 00:18:04  0  0      0 137216   2104 944992    0    0     0  8391 1086  918  4  3 80  1 11
2026-07-23 00:18:09  0  0      0 122868   2104 945084    0    0     0  8046  940  917  4  1 94  1  0
2026-07-23 00:18:14  0  0      0 103624   2104 945192    0    0     0  8931  948  873  4  2 93  1  0
2026-07-23 00:18:19  0  0      0 104384   2104 923536    0    0     0  8799  979  951  4  1 93  1  0
2026-07-23 00:18:24  0  0      0 128956   2104 880380    0    0     0  8039  914  874  4  2 94  1  0
2026-07-23 00:18:29  0  0      0 116740   2104 880484    0    0     0  8429  947  914  4  1 94  1  0
2026-07-23 00:18:34  0  0      0 131244   2104 850048    0    0     0  8796  969  946  4  1 93  1  0
2026-07-23 00:18:39  0  0      0 132212   2104 850160    0    0     0  8436  935  917  4  1 94  1  0
2026-07-23 00:18:44  0  0      0 116460   2104 850248    0    0     0  8575  914  850  4  1 94  1  0
2026-07-23 00:18:49  0  0      0 123352   2104 821976    0    0     0  8818  970  942  4  1 93  1  0
2026-07-23 00:18:54  0  0      0 109604   2104 822068    0    0     0  8062  937  889  4  1 94  1  0
2026-07-23 00:18:59  0  0      0 121516   2104 795592    0    0     0  8852  951  894  4  2 93  1  0
2026-07-23 00:19:04  0  0      0 119936   2104 769556    0    0   534  8476 1018  966  4  2 89  1  3
2026-07-23 00:19:09  0  0      0 123048   2104 744036    0    0     0  8081  916  884  4  1 94  1  0
2026-07-23 00:19:14  0  0      0 109680   2104 744140    0    0     0  8618  923  877  4  2 94  1  0
2026-07-23 00:19:19  0  0      0 119176   2104 722036    0    0     0  8856  985  953  4  1 94  1  0
2026-07-23 00:19:24  0  0      0 122060   2104 700852    0    0     0  8473  932  903  4  1 94  1  0
2026-07-23 00:19:29  0  0      0 119564   2104 700952    0    0     0  8480  911  850  4  1 94  1  0
2026-07-23 00:19:34  0  0      0 116852   2104 681848    0    0     0  8881  973  951  4  2 94  1  0
2026-07-23 00:19:39  0  0      0 113716   2104 670484    0    0     0  8106  904  886  4  1 94  1  0
2026-07-23 00:19:44 procs -----------memory---------- ---swap-- -----io---- -system-- ------cpu-----
2026-07-23 00:19:44  r  b   swpd   free   buff  cache   si   so    bi    bo   in   cs us sy id wa st
2026-07-23 00:19:44  0  0      0 101448   2104 653124    0    0     0  9009  962  888  4  1 93  1  0
2026-07-23 00:19:49  0  0      0 116904   2104 622200    0    0     0  8904  976  926  4  1 93  1  0
2026-07-23 00:19:54  0  0      0 102932   2104 622292    0    0     0  8131  921  859  4  2 94  1  0
2026-07-23 00:19:59  0  0      0 119972   2104 595756    0    0     0  8501  944  902  4  1 94  1  0
2026-07-23 00:20:04  0  0      0 107308   2104 577668    0    0  2109  8610 1122 1024  5  4 75  2 15
2026-07-23 00:20:09  1  0      0 110192   2104 552264    0    0     0  8551  944  910  4  2 92  1  1
2026-07-23 00:20:14  0  0      0 131560   2104 515808    0    0     0  8542  926  874  4  2 94  1  0
2026-07-23 00:20:19  0  0      0 106260   2104 515916    0    0     0  8918  941  867  4  1 94  1  0
2026-07-23 00:20:24  0  0      0 113608   2104 496452    0    0     0  8168  904  865  4  1 94  1  0
2026-07-23 00:20:29  0  0      0 107660   2104 480036    0    0     0  8966  974  926  4  2 94  1  0
2026-07-23 00:20:34  0  0      0 109052   2104 452612    0    0     0  9142  968  934  4  1 94  1  0
2026-07-23 00:20:39  0  0      0 124736   2104 430104    0    0     0  8188  934  884  4  1 94  1  0
2026-07-23 00:20:44  0  0      0 113272   2104 430300    0    0     0  8576  931  880  4  2 94  1  0
2026-07-23 00:20:49  0  0      0 112800   2104 414252    0    0     0  8942  988  945  4  1 93  1  0
2026-07-23 00:20:54  0  0      0 107280   2104 404728    0    0     0  8576  956  918  4  1 94  1  0
2026-07-23 00:20:59  0  0      0 109180   2104 395712    0    0     0  8582  915  880  4  1 94  1  0
2026-07-23 00:21:04  0  0      0 106860   1308 367340    0    0   464  9108 1052  990  4  2 90  1  3
2026-07-23 00:21:09  0  0      0 108380      0 341056    0    0     0  8576  966  926  4  2 94  1  0
2026-07-23 00:21:14  0  0      0 106836      0 325568    0    0     0  8990  987  956  4  2 93  1  0
2026-07-23 00:21:19  0  0      0 102800      0 308132    0    0     0  8979  955  902  4  2 93  1  0
2026-07-23 00:21:24  0  0      0 102960      0 291088    0    0   494  8236  920  845  4  2 94  1  0
2026-07-23 00:21:29 procs -----------memory---------- ---swap-- -----io---- -system-- ------cpu-----
2026-07-23 00:21:29  r  b   swpd   free   buff  cache   si   so    bi    bo   in   cs us sy id wa st
2026-07-23 00:21:29  0  0      0 101568      0 269900    0    0  2578  8728 1208  924  4  2 93  1  0
2026-07-23 00:21:34  0  0      0 114204      0 236760    0    0   235  9096 1019  964  4  2 93  1  0
2026-07-23 00:21:39  0  0      0 107936      0 234236    0    0  1334  8668  990  943  4  1 94  1  0
2026-07-23 00:21:44  0  0      0 102604      0 230328    0    0  1249  8652  986  927  4  2 93  1  0
2026-07-23 00:21:49  0  5      0  91368      0 217732    0    0 79649  7176 1793 1389  3  5 64 28  0
2026-07-23 00:21:54  0  4      0  86460      0 221916    0    0 125485  3233 2231 1552  2  9 12 77  0
2026-07-23 00:21:59  0  5      0  91332      0 216564    0    0 129549  2802 2283 1627  2  9  8 81  0
2026-07-23 00:22:04  0  9      0  92988      0 213556    0    0 129621  1211 2163 1488  1  9 15 66  9
2026-07-23 00:22:09  0 11      0  93796      0 216464    0    0 129732  2407 2406 1714  2  8 10 80  0
2026-07-23 00:22:14  0  5      0  92036      0 216004    0    0 129502  1995 2322 1544  2  9  9 80  0
2026-07-23 00:22:19  0  4      0  91720      0 217212    0    0 124331  4770 2249 1582  3  8 19 70  0
2026-07-23 00:22:25  0  5      0  88380      0 221640    0    0 128941  3257 2210 1527  3  8 16 74  0
2026-07-23 00:22:30  0  6      0  87788      0 221908    0    0 126322  3984 2159 1553  3  8 15 74  0
2026-07-23 00:22:35  0  4      0  88996      0 220328    0    0 126359  3614 2188 1631  3  7 29 62  0
2026-07-23 00:22:40  3  3      0  87260      0 220744    0    0 127888  2403 2242 1500  2  9 10 79  0
2026-07-23 00:22:45  0  0      0  85780      0 223436    0    0 125350  2018 2139 1416  3  9 10 79  0
2026-07-23 00:22:50  2  3      0  90220      0 218456    0    0 129234  1623 2029 1366  2  8 11 79  0
2026-07-23 00:22:55  0  4      0  91184      0 215796    0    0 128307  2861 2249 1594  2  8  9 81  0
2026-07-23 00:23:00  1  4      0  86976      0 222516    0    0 128242  1996 2155 1462  2  9  5 83  1
2026-07-23 00:23:05  0  4      0  90948      0 219432    0    0 128309  2395 2295 1574  2 10  4 79  5
2026-07-23 00:23:10  0  8      0  88912      0 222632    0    0 129845  1596 2151 1494  1  9  7 82  0
2026-07-23 00:23:15 procs -----------memory---------- ---swap-- -----io---- -system-- ------cpu-----
2026-07-23 00:23:16  r  b   swpd   free   buff  cache   si   so    bi    bo   in   cs us sy id wa st
2026-07-23 00:23:16  0  6      0  91488      0 219188    0    0 128998  1610 2250 1567  2 10  3 85  0
2026-07-23 00:23:21  1  4      0  91992      0 217132    0    0 130060  1233 2311 1552  2 11  5 83  0
2026-07-23 00:23:26  0  5      0  92336      0 213552    0    0 129518   839 2251 1527  1 10  4 85  0
2026-07-23 00:23:31  0 10      0  91240      0 216340    0    0 127832  1594 2121 1371  2  9 26 64  0
2026-07-23 00:23:36  3  4      0  92456      0 214560    0    0 128523  1597 2178 1526  2 11  6 82  0
2026-07-23 00:23:41  4  7      0  90732      0 215848    0    0 129302  1597 2479 1629  2 12  4 83  0
2026-07-23 00:23:46  1  9      0  88908      0 220296    0    0 129566  1199 2281 1526  2 12  3 83  0
2026-07-23 00:23:51  0  4      0  92360      0 215368    0    0 126679  1234 2254 1558  2 10  5 83  0
2026-07-23 00:23:57  1  9      0  87088      0 221608    0    0 139618  1210 2350 1581  2 10  5 83  0
2026-07-23 00:24:02  4  8      0  91440      0 216264    0    0 135135  1598 2126 1424  2 11  5 72 10
2026-07-23 00:24:07  0  7      0  93964      0 213896    0    0 130059   815 2302 1481  1 12  3 78  6
2026-07-23 00:24:12  0  7      0  94648      0 211724    0    0 128722  1603 2276 1492  2  9 13 75  0
2026-07-23 00:24:17  2  7      0  87472      0 222024    0    0 132569   816 2189 1490  1 10  6 83  0
2026-07-23 00:24:22  4  4      0  87128      0 221544    0    0 132616  2017 2315 1628  2 10  9 79  0
2026-07-23 00:24:28  0  6      0  87704      0 220476    0    0 131273  1609 2363 1628  2 10  4 85  0
2026-07-23 00:24:33  5  4      0  86488      0 222344    0    0 129002   418 2220 1528  1 11  4 84  0
2026-07-23 00:24:38  0  3      0  98880      0 212228    0    0 127905  1209 2306 1609  1 11  3 84  0
2026-07-23 00:24:43  0  0      0  98876      0 209324    0    0 123931  1605 2275 1485  2 10 11 77  0
2026-07-23 00:24:48  7  1      0  87156      0 222840    0    0 130411  1207 2199 1507  1  8 10 80  0
2026-07-23 00:24:53  0  7      0  87504      0 222376    0    0 128729   810 1982 1340  1  9 12 77  0
2026-07-23 00:24:58  2 10      0  87380      0 222196    0    0 136290  1205 2207 1508  1 10  3 86  0
2026-07-23 00:25:03 procs -----------memory---------- ---swap-- -----io---- -system-- ------cpu-----
2026-07-23 00:25:03  r  b   swpd   free   buff  cache   si   so    bi    bo   in   cs us sy id wa st
2026-07-23 00:25:04  0  4      0  94040      0 215716    0    0 129200  1603 2324 1565  2 10 16 61 11
2026-07-23 00:25:08  0  4      0  87240      0 222992    0    0 128719  1999 2452 1821  1  9  5 85  0
2026-07-23 00:25:13  1  7      0  86872      0 222464    0    0 128675  1598 2173 1550  2  9 11 77  0
2026-07-23 00:25:18  0  2      0  86632      0 222200    0    0 125754  2387 2330 1602  2 10 11 77  0
2026-07-23 00:25:24  2  6      0  91156      0 218152    0    0 129838  1996 2387 1597  2  9  6 83  0
2026-07-23 00:25:29  0  5      0  90964      0 220316    0    0 129288   808 2337 1646  1 10  4 84  0
2026-07-23 00:25:34  7  3      0  86908      0 224572    0    0 127587  2777 2191 1471  2  9 17 72  0
2026-07-23 00:25:39  0  0      0  86860      0 223396    0    0 123587  3193 2109 1487  2  9 12 78  0
2026-07-23 00:25:44  1  4      0  93612      0 215584    0    0 127261  2795 1991 1370  2  8 28 62  0
2026-07-23 00:25:49  1  0      0  97892      0 211804    0    0 120917  4374 2008 1460  3  8 18 72  0
2026-07-23 00:25:54  4  2      0  88448      0 223388    0    0 131305  1644 2356 1780  2  9  5 84  0
2026-07-23 00:25:59  0  4      0  95648      0 224028    0    0 125380  2797 2072 1436  2 10 18 70  0
2026-07-23 00:26:04  0  0      0  92684      0 231176    0    0 108693  1645 1830 1246  2  7 42 42  6
2026-07-23 00:26:09  0  1      0  97780      0 230512    0    0 128928  4414 2241 1473  3  7 26 64  0
2026-07-23 00:26:14  0  0      0  98148      0 228604    0    0 87688  6358 1885 1317  4  5 70 22  0
2026-07-23 00:26:19  0  0      0 106620      0 220316    0    0 46985  7962 1634 1282  4  3 87  5  0
2026-07-23 00:26:24  2  5      0 103216      0 222872    0    0 113177  6022 2184 1553  4  5 44 47  0
2026-07-23 00:26:29  0  5      0 100924      0 225604    0    0 80432  4394 1728 1315  3  4 58 35  0
2026-07-23 00:26:34  0  0      0  96484      0 229968    0    0 121450  4390 2464 1608  3  5 30 62  0
2026-07-23 00:26:39  2  0      0 101348      0 225296    0    0 85677  5991 1923 1331  4  4 86  7  0
2026-07-23 00:26:44  0  0      0 146380      0 239288    0    0  6453  6370  958  953  4  2 92  2  0
2026-07-23 00:26:49 procs -----------memory---------- ---swap-- -----io---- -system-- ------cpu-----
2026-07-23 00:26:49  r  b   swpd   free   buff  cache   si   so    bi    bo   in   cs us sy id wa st
2026-07-23 00:26:49  0  0      0 117328      0 270376    0    0   577  6344  871  805  4  2 94  1  0
2026-07-23 00:26:54  1  0      0 107404      0 277784    0    0   107  6760  792  695  4  1 94  1  0
2026-07-23 00:26:59  0  0      0 104556      0 279748    0    0     0  6349  809  724  4  1 94  1  0
2026-07-23 00:27:04  0  0      0 107776      0 277424    0    0  7258  5631  929  845  3  3 86  2  6
2026-07-23 00:27:09  0  0      0 109888      0 275420    0    0   170  6777  869  797  4  2 94  1  0
2026-07-23 00:27:14  0  0      0 105640      0 283604    0    0   265  5959  800  750  4  1 94  1  0
2026-07-23 00:27:19  0  0      0 105832      0 284232    0    0   109  5570  812  770  3  1 95  1  0
2026-07-23 00:27:24  0  0      0 107376      0 281100    0    0   877  6021  843  791  3  2 94  1  0
2026-07-23 00:27:29  0  0      0 108040      0 281192    0    0     1  5952  800  764  3  1 95  1  0
2026-07-23 00:27:34  0  0      0 111592      0 276632    0    0   442  6408  850  767  4  2 94  1  0
2026-07-23 00:27:39  0  0      0 106692      0 283328    0    0    10  6387  842  794  4  1 94  1  0
2026-07-23 00:27:44  0  0      0 104416      0 285828    0    0    11  6378  784  702  4  1 94  1  0
2026-07-23 00:27:49  0  0      0 104040      0 285924    0    0     0  5976  840  817  3  1 95  1  0
2026-07-23 00:27:54  0  0      0 106244      0 284956    0    0   596  6846  858  771  4  2 94  1  0
2026-07-23 00:27:59  0  0      0 112580      0 277360    0    0   363  6795  871  814  4  1 94  1  0
2026-07-23 00:28:04  0  0      0 105440      0 284580    0    0  4814  6436 1028  924  4  2 87  2  5
2026-07-23 00:28:09  0  0      0 105532      0 283700    0    0   512  6816  858  777  4  2 94  1  0
2026-07-23 00:28:14  0  0      0 104404      0 284976    0    0    96  5580  846  720  3  2 94  1  0
2026-07-23 00:28:19  0  0      0 105072      0 284588    0    0   778  6424  905  816  4  1 94  1  0
2026-07-23 00:28:24  0  0      0 104480      0 284992    0    0   112  6419  910  816  3  2 94  1  0
2026-07-23 00:28:29  0  0      0 105420      0 285164    0    0     0  6809  856  758  4  1 94  1  0
2026-07-23 00:28:34 procs -----------memory---------- ---swap-- -----io---- -system-- ------cpu-----
2026-07-23 00:28:34  r  b   swpd   free   buff  cache   si   so    bi    bo   in   cs us sy id wa st
2026-07-23 00:28:34  0  0      0 108924      0 285256    0    0     6  5210  798  703  3  1 95  1  0
2026-07-23 00:28:39  0  0      0 108056      0 285392    0    0     0  7205  903  807  4  1 94  1  0
2026-07-23 00:28:44  0  0      0 107988      0 285484    0    0     0  6402  802  694  4  1 94  1  0
2026-07-23 00:28:49  0  0      0 107496      0 286808    0    0   246  6828  881  792  4  2 94  1  0
2026-07-23 00:28:54  0  0      0 106916      0 287092    0    0     0  6928  872  791  4  1 94  1  0
2026-07-23 00:28:59  0  0      0 106940      0 287180    0    0     0  6000  836  766  3  1 95  1  0
2026-07-23 00:29:04  0  0      0 112996      0 278848    0    0  5613  6438 1077  918  4  3 86  2  5
2026-07-23 00:29:09  0  0      0 109292      0 290048    0    0   889  6845  846  720  4  2 94  1  0
2026-07-23 00:29:14  0  0      0 110024      0 289944    0    0   162  6822  872  781  4  1 94  1  0
2026-07-23 00:29:19  0  0      0 106196      0 294396    0    0   215  5275  812  752  3  1 95  1  0
2026-07-23 00:29:24  0  0      0 105740      0 295524    0    0    42  7219  900  812  4  2 94  1  0
2026-07-23 00:29:29  0  0      0 106096      0 295620    0    0     0  6814  858  778  4  1 94  1  0
2026-07-23 00:29:34  0  0      0 107692      0 294656    0    0    48  6836  873  784  4  2 94  1  0
2026-07-23 00:29:39  0  0      0 106676      0 294828    0    0     0  6843  850  788  4  1 94  1  0
2026-07-23 00:29:44  0  0      0 105960      0 294932    0    0     0  6047  789  689  4  1 95  1  0
2026-07-23 00:29:49  0  0      0 125136      0 274952    0    0  2074  6961  941  834  4  2 94  1  0
2026-07-23 00:29:54  0  0      0 119356      0 280752    0    0   270  6449  798  702  3  1 95  1  0
2026-07-23 00:29:59  0  0      0 118292      0 280844    0    0     0  6478  837  784  3  1 95  1  0
2026-07-23 00:30:04  0  0      0 108388      0 296036    0    0  7516  5308  955  895  3  3 81  2 12
2026-07-23 00:30:09  0  0      0 110376      0 295152    0    0   110  6451  799  762  3  1 95  1  0
2026-07-23 00:30:14  0  0      0 109916      0 295656    0    0    14  6854  798  725  3  1 95  1  0
2026-07-23 00:30:19 procs -----------memory---------- ---swap-- -----io---- -system-- ------cpu-----
2026-07-23 00:30:19  r  b   swpd   free   buff  cache   si   so    bi    bo   in   cs us sy id wa st
2026-07-23 00:30:19  0  0      0 109156      0 295756    0    0     0  6863  798  714  3  1 95  1  0
2026-07-23 00:30:24  0  0      0 110136      0 295856    0    0     0  6483  802  771  3  1 95  1  0
2026-07-23 00:30:29  0  0      0 107212      0 298560    0    0   486  6058  718  659  3  1 95  1  0
2026-07-23 00:30:34  0  0      0 107212      0 298524    0    0     0  6967  803  760  3  1 95  1  0
2026-07-23 00:30:39  0  0      0 107052      0 298620    0    0     2  6863  811  738  3  1 95  1  0
2026-07-23 00:30:44  0  0      0 108132      0 297412    0    0     0  6874  808  725  3  1 95  1  0
2026-07-23 00:30:49  0  0      0 108164      0 297568    0    0     0  6070  791  755  3  1 95  1  0
2026-07-23 00:30:54  0  0      0 148508      0 292632    0    0  7153  7397 1080 1015  4  2 92  2  0
2026-07-23 00:30:59  0  0      0 137932      0 303684    0    0     4  6875  789  704  3  1 95  1  0
2026-07-23 00:31:04  0  0      0 130832      0 310388    0    0   920  5658  887  806  3  2 88  1  5
2026-07-23 00:31:09  1  0      0 130676      0 310468    0    0     0  6883  808  746  3  1 95  1  0
2026-07-23 00:31:14  0  0      0 130756      0 310636    0    0     0  6072  735  714  3  1 95  1  0
2026-07-23 00:31:19  0  0      0 122620      0 318916    0    0     0  6070  766  739  3  1 95  1  0
2026-07-23 00:31:24  0  0      0 134872      0 319004    0    0     0  6220  805  753  3  1 95  1  0
2026-07-23 00:31:29  0  0      0 135212      0 319084    0    0     0  6072  785  729  3  1 96  1  0
2026-07-23 00:31:34  2  0      0 134704      0 319212    0    0     0  6080  754  689  3  1 95  1  0
2026-07-23 00:31:39  0  0      0 135788      0 319304    0    0     0  7304  779  663  3  1 95  1  0
2026-07-23 00:31:44  0  0      0 135172      0 319440    0    0     0  6480  803  717  3  1 95  1  0
2026-07-23 00:31:49  0  0      0 142932      0 319532    0    0     0  6477  816  804  3  1 95  1  0
2026-07-23 00:31:54  1  0      0 142560      0 319608    0    0     0  6197  790  762  3  1 95  1  0
2026-07-23 00:31:59  0  0      0 140720      0 319700    0    0     0  5694  732  684  3  1 95  1  0
2026-07-23 00:32:04 procs -----------memory---------- ---swap-- -----io---- -system-- ------cpu-----
2026-07-23 00:32:04  r  b   swpd   free   buff  cache   si   so    bi    bo   in   cs us sy id wa st
2026-07-23 00:32:04  0  0      0 141004      0 320040    0    0    37  6510  917  830  3  2 87  1  7
2026-07-23 00:32:09  0  0      0 147708      0 320140    0    0     0  6106  774  740  3  1 95  1  0
2026-07-23 00:32:14  0  0      0 147208      0 320220    0    0     0  6909  794  728  3  1 95  1  0
2026-07-23 00:32:19  1  0      0 148000      0 320324    0    0     0  6108  772  708  3  1 95  1  0
2026-07-23 00:32:24  0  0      0 147320      0 320416    0    0     0  7057  837  788  3  1 95  1  0
2026-07-23 00:32:29  0  0      0 147040      0 320580    0    0     0  6520  801  702  3  1 95  1  0
2026-07-23 00:32:34  0  0      0 147080      0 320768    0    0     0  6101  755  693  3  1 95  1  0
2026-07-23 00:32:39  0  0      0 146412      0 320848    0    0     0  7321  803  735  4  1 94  1  0
2026-07-23 00:32:44  0  0      0 146324      0 320992    0    0     0  6114  753  688  3  1 95  1  0
2026-07-23 00:32:49  0  0      0 143256      0 327652    0    0     0  6960  829  784  3  1 95  1  0
2026-07-23 00:32:54  0  0      0 143076      0 327772    0    0     0  6661  824  783  3  1 95  1  0
2026-07-23 00:32:59  0  0      0 159984      0 327860    0    0     0  6954  744  653  3  1 95  1  0
2026-07-23 00:33:04  0  0      0 159192      0 327944    0    0     0  5313  793  735  3  2 90  1  5
2026-07-23 00:33:09  0  0      0 160356      0 328040    0    0     0  6971  809  740  3  1 95  1  0
2026-07-23 00:33:14  0  0      0 160556      0 328360    0    0     0  6982  802  748  4  1 95  1  0
2026-07-23 00:33:19  0  0      0 175724      0 328476    0    0     0  6569  937  790  3  1 95  1  0
2026-07-23 00:33:24  0  0      0 176200      0 328556    0    0     0  6963  812  753  3  1 95  1  0
2026-07-23 00:33:29  0  0      0 176508      0 328648    0    0     0  6268  743  710  3  1 95  1  0
2026-07-23 00:33:34  1  0      0 176776      0 328732    0    0     0  5768  992  747  3  1 95  1  0
2026-07-23 00:33:39  0  0      0 189972      0 314864    0    0   199  7010  845  799  3  1 95  1  0
2026-07-23 00:33:44  0  0      0 189020      0 315016    0    0     0  6990  833  774  3  1 95  1  0
2026-07-23 00:33:49 procs -----------memory---------- ---swap-- -----io---- -system-- ------cpu-----
2026-07-23 00:33:49  r  b   swpd   free   buff  cache   si   so    bi    bo   in   cs us sy id wa st
2026-07-23 00:33:49  2  0      0 188600      0 315112    0    0     0  6168  813  795  3  1 95  1  0
2026-07-23 00:33:54  0  0      0 207100      0 315208    0    0     0  7421  855  781  3  1 94  1  0
2026-07-23 00:33:59  0  0      0 206980      0 315300    0    0     0  7156  807  767  3  1 95  1  0
2026-07-23 00:34:04  0  0      0 208552      0 315268    0    0     0  7014 1096  808  3  2 91  1  3
2026-07-23 00:34:09  0  0      0 212668      0 315344    0    0     0  7006  789  754  3  1 95  1  0
2026-07-23 00:34:14  0  0      0 210452      0 315620    0    0     0  6174  701  606  3  1 95  1  0
2026-07-23 00:34:19  0  0      0 278248      0 315712    0    0     0  6604  810  768  3  1 95  1  0
2026-07-23 00:34:24  0  0      0 279720      0 315668    0    0     0  6192  768  680  3  1 95  1  0
2026-07-23 00:34:29  0  0      0 279168      0 315748    0    0     0  6302  753  678  3  1 95  1  0
2026-07-23 00:34:34  0  1      0 277944      0 315840    0    0     0  6593  760  689  3  1 95  1  0
2026-07-23 00:34:39  0  0      0 278756      0 315936    0    0     0  7018  831  757  3  1 95  1  0
2026-07-23 00:34:44  0  0      0 278288      0 315900    0    0     0  7032  856  790  3  1 95  1  0
2026-07-23 00:34:49  0  0      0 277736      0 315996    0    0     0  7045  856  812  3  1 95  1  0
2026-07-23 00:34:54  0  0      0 278632      0 315992    0    0     0  7029  829  771  3  1 95  1  0
2026-07-23 00:34:59  0  0      0 278956      0 316092    0    0     0  6316  706  635  3  1 95  1  0
2026-07-23 00:35:04  0  0      0 268044      0 324384    0    0     1  6201  870  721  3  2 87  1  7
2026-07-23 00:35:09  0  0      0 268568      0 324476    0    0     0  6630  799  759  3  1 95  1  0
2026-07-23 00:35:14  0  0      0 269176      0 324424    0    0     0  7044  823  741  3  1 95  1  0
2026-07-23 00:35:19  0  1      0 270060      0 324520    0    0     0  6630  756  720  3  1 95  1  0
2026-07-23 00:35:24  0  0      0 267932      0 324596    0    0     0  7031  846  816  4  1 95  1  0
2026-07-23 00:35:29  0  0      0 268044      0 324708    0    0     0  7172  841  794  3  1 95  1  0
2026-07-23 00:35:34 procs -----------memory---------- ---swap-- -----io---- -system-- ------cpu-----
2026-07-23 00:35:34  r  b   swpd   free   buff  cache   si   so    bi    bo   in   cs us sy id wa st
2026-07-23 00:35:34  0  0      0 270408      0 324804    0    0     2  7074 1002  811  4  1 94  1  0
2026-07-23 00:35:39  0  0      0 270388      0 324884    0    0     0  6646  821  767  3  1 95  1  0
2026-07-23 00:35:44  0  0      0 270280      0 324852    0    0     0  6224  791  735  3  1 95  1  0
2026-07-23 00:35:49  0  0      0 270964      0 324948    0    0     0  7053  805  722  4  1 95  1  0
2026-07-23 00:35:54  0  0      0 315492      0 325040    0    0     0  7072  854  834  4  1 95  1  0
2026-07-23 00:35:59  0  0      0 315832      0 325124    0    0     0  7210  818  738  3  1 95  1  0
2026-07-23 00:36:04  0  0      0 309164      0 330980    0    0  1180  5824  970  833  4  3 80  1 12
2026-07-23 00:36:09  0  0      0 309372      0 331128    0    0     0  7484  838  752  3  1 95  1  0
2026-07-23 00:36:14  0  0      0 309116      0 331224    0    0     0  7082  824  769  4  1 95  1  0
2026-07-23 00:36:19  0  0      0 309796      0 331316    0    0     0  7086  813  734  4  1 94  1  0
2026-07-23 00:36:24  0  0      0 308492      0 331400    0    0     0  6680  805  762  3  1 95  1  0
2026-07-23 00:36:29  0  0      0 301252      0 338180    0    0     0  5960  765  711  3  1 95  1  0
2026-07-23 00:36:34  0  0      0 300788      0 338276    0    0     0  6673  812  746  3  1 95  1  0
2026-07-23 00:36:39  1  0      0 301140      0 338360    0    0     0  6696  829  760  3  1 95  1  0
2026-07-23 00:36:44  0  0      0 301532      0 338452    0    0     0  7104  789  723  3  1 95  1  0
2026-07-23 00:36:49  1  0      0 291512      0 338540    0    0     0  6682  809  780  3  1 95  1  0
2026-07-23 00:36:54  0  0      0 291520      0 338640    0    0     0  7099  840  809  3  1 95  1  0
2026-07-23 00:36:59  0  0      0 289312      0 338772    0    0     0  7142  855  806  4  1 95  1  0
2026-07-23 00:37:04  0  0      0 279692      0 338860    0    0     0  6818  894  835  3  2 91  1  3
2026-07-23 00:37:09  0  0      0 272088      0 338940    0    0     0  6694  778  715  3  1 95  1  0
2026-07-23 00:37:14  0  0      0 271008      0 339028    0    0     0  5863  754  731  3  1 95  1  0
2026-07-23 00:37:19 procs -----------memory---------- ---swap-- -----io---- -system-- ------cpu-----
2026-07-23 00:37:19  r  b   swpd   free   buff  cache   si   so    bi    bo   in   cs us sy id wa st
2026-07-23 00:37:19  2  0      0 287912      0 323444    0    0     0  6267  793  761  3  1 95  1  0
2026-07-23 00:37:24  1  0      0 288624      0 323536    0    0     0  7111  827  794  3  1 95  1  0
2026-07-23 00:37:29  0  0      0 288104      0 323624    0    0     0  7136  773  704  3  1 95  1  0
2026-07-23 00:37:34  0  1      0 292156      0 323716    0    0     0  6392  773  733  3  1 95  1  0
2026-07-23 00:37:39  0  0      0 292536      0 323808    0    0     0  6707  853  847  3  1 95  1  0
2026-07-23 00:37:44  0  0      0 292400      0 323900    0    0     0  6697  820  768  3  1 95  1  0
2026-07-23 00:37:49  0  0      0 292272      0 323984    0    0     0  5882  744  682  3  1 95  1  0
2026-07-23 00:37:54  0  0      0 292220      0 324084    0    0     0  6286  761  692  3  1 95  1  0
2026-07-23 00:37:59  0  0      0 292528      0 324164    0    0     0  6300  743  684  3  1 95  1  0
2026-07-23 00:38:04  0  0      0 296564      0 324256    0    0     0  6804  947  865  4  2 88  1  5
2026-07-23 00:38:09  0  1      0 296156      0 324356    0    0     0  7530  851  811  4  1 94  1  0
2026-07-23 00:38:14  0  0      0 295244      0 324440    0    0     0  6721  784  699  3  1 95  1  0
2026-07-23 00:38:19  1  0      0 295140      0 324524    0    0     0  6722  761  715  3  1 95  1  0
2026-07-23 00:38:24  0  0      0 296364      0 324616    0    0     0  6300  761  699  3  1 95  1  0
2026-07-23 00:38:29  0  0      0 296280      0 324712    0    0     0  7145  838  782  4  1 94  1  0
2026-07-23 00:38:34  0  0      0 298976      0 324288    0    0     0  6832  786  715  3  1 95  1  0
2026-07-23 00:38:39  0  0      0 298388      0 324364    0    0     0  7182  809  744  4  1 95  1  0
2026-07-23 00:38:44  0  0      0 299172      0 324464    0    0     0  6316  761  714  3  1 95  1  0
2026-07-23 00:38:49  0  0      0 290416      0 332848    0    0     0  7150  842  844  3  1 95  1  0
2026-07-23 00:38:54  0  1      0 361932      0 374844    0    0  8892  7560 1427 1493  8  2 84  6  0
2026-07-23 00:38:59  0  0      0 361972      0 374924    0    0     0  6316  830  764  3  1 95  1  0
2026-07-23 00:39:04 procs -----------memory---------- ---swap-- -----io---- -system-- ------cpu-----
2026-07-23 00:39:04  r  b   swpd   free   buff  cache   si   so    bi    bo   in   cs us sy id wa st
2026-07-23 00:39:04  0  1      0 362288      0 375020    0    0     0  6447  891  842  3  2 89  1  6
2026-07-23 00:39:09  0  0      0 397280      0 375328    0    0    46  7179  842  749  4  1 93  1  0
2026-07-23 00:39:14  0  0      0 397572      0 375412    0    0     0  6324  779  762  3  1 95  1  0
2026-07-23 00:39:19  0  0      0 397168      0 375508    0    0     0  7171  827  800  4  1 95  1  0
2026-07-23 00:39:24  0  0      0 415280      0 375612    0    0     0  7218  809  753  3  1 95  1  0
2026-07-23 00:39:29  0  0      0 414256      0 375696    0    0     0  5501  684  609  3  1 96  1  0
2026-07-23 00:39:34  1  0      0 413168      0 375772    0    0     0  6447  768  680  3  1 95  1  0
2026-07-23 00:39:39  1  0      0 413180      0 375876    0    0     0  7591  848  787  4  1 95  1  0
2026-07-23 00:39:44  0  0      0 411980      0 375968    0    0     0  6324  741  657  3  1 95  1  0
2026-07-23 00:39:49  2  0      0 412368      0 376060    0    0     0  6773  801  759  3  1 95  1  0
2026-07-23 00:39:54  1  0      0 412332      0 376140    0    0     0  5931  785  769  3  1 95  1  0
2026-07-23 00:39:59  0  0      0 412148      0 376232    0    0     0  7259  884  861  3  1 95  1  0
2026-07-23 00:40:04  0  0      0 411580      0 376512    0    0    36  6458  875  810  3  2 87  1  7
2026-07-23 00:40:09  0  0      0 411412      0 376584    0    0     0  6773  792  749  3  1 95  1  0
2026-07-23 00:40:14  0  0      0 404580      0 383364    0    0     0  6372  767  744  3  1 95  1  0
2026-07-23 00:40:19  0  0      0 397724      0 383468    0    0     0  6796  827  777  3  1 95  1  0
2026-07-23 00:40:24  1  0      0 397228      0 383548    0    0     0  6797  797  761  3  1 95  1  0
2026-07-23 00:40:29  0  0      0 397372      0 383644    0    0     0  6363  775  737  3  1 95  1  0
2026-07-23 00:40:34  0  0      0 397312      0 383720    0    0     0  6789  760  699  3  1 95  1  0
2026-07-23 00:40:39  0  0      0 397252      0 383812    0    0     0  7369  842  814  4  1 95  1  0
2026-07-23 00:40:44  0  0      0 397172      0 383908    0    0     0  6807  814  770  3  1 95  1  0
2026-07-23 00:40:49 procs -----------memory---------- ---swap-- -----io---- -system-- ------cpu-----
2026-07-23 00:40:49  r  b   swpd   free   buff  cache   si   so    bi    bo   in   cs us sy id wa st
2026-07-23 00:40:49  0  0      0 397428      0 384004    0    0     0  7222  824  789  3  1 95  1  0
2026-07-23 00:40:54  0  0      0 397648      0 384084    0    0     0  7222  813  777  3  1 95  1  0
2026-07-23 00:40:59  0  0      0 396560      0 384172    0    0     0  6393  734  680  3  1 95  1  0
2026-07-23 00:41:04  0  0      0 409928      0 369364    0    0     0  6826  915  803  4  2 87  1  6
2026-07-23 00:41:09  1  0      0 409924      0 369460    0    0     0  7369  851  810  3  1 95  1  0
2026-07-23 00:41:14  0  0      0 410356      0 369528    0    0     0  5974  766  729  3  1 96  1  0
2026-07-23 00:41:19  0  0      0 410808      0 369628    0    0     0  6817  814  801  3  1 95  1  0
2026-07-23 00:41:24  0  0      0 409632      0 369720    0    0     0  6829  824  777  3  1 95  1  0
2026-07-23 00:41:29  0  0      0 410336      0 369804    0    0     0  6420  823  810  3  1 95  1  0
2026-07-23 00:41:34  0  0      0 410704      0 369896    0    0     0  6828  773  709  3  1 95  1  0
2026-07-23 00:41:39  0  0      0 409060      0 369976    0    0     0  7362  804  733  3  1 95  1  0
2026-07-23 00:41:44  0  0      0 409920      0 370068    0    0     0  6398  743  699  3  1 95  1  0
2026-07-23 00:41:49  0  0      0 412196      0 369772    0    0     0  7276  806  733  4  1 95  1  0
2026-07-23 00:41:54  0  1      0 412100      0 369860    0    0     0  6873  788  739  3  1 95  1  0
2026-07-23 00:41:59  0  0      0 412460      0 369952    0    0     0  6475  763  671  3  1 95  1  0
2026-07-23 00:42:04  0  0      0 411976      0 370172    0    0    24  6848 1026  824  7  3 78  1 11
2026-07-23 00:42:09  0  0      0 412612      0 370260    0    0     0  6974  778  725  3  1 95  1  0
2026-07-23 00:42:14  0  0      0 412164      0 370356    0    0     0  7310  845  803  4  1 95  1  0
2026-07-23 00:42:19  0  0      0 411400      0 370440    0    0     0  6026  800  749  3  1 95  1  0
2026-07-23 00:42:24  0  0      0 410276      0 371536    0    0   202  6867  790  719  3  1 95  1  0
2026-07-23 00:42:29  0  0      0 410524      0 371628    0    0     0  6469  743  677  3  1 95  1  0
2026-07-23 00:42:34 procs -----------memory---------- ---swap-- -----io---- -system-- ------cpu-----
2026-07-23 00:42:34  r  b   swpd   free   buff  cache   si   so    bi    bo   in   cs us sy id wa st
2026-07-23 00:42:34  0  0      0 403264      0 379904    0    0     0  6450  800  764  3  1 95  1  0
2026-07-23 00:42:39  0  0      0 402292      0 380004    0    0     0  7873  864  833  4  1 94  1  0
2026-07-23 00:42:44  0  0      0 407136      0 380088    0    0     0  5610  776  732  3  1 96  1  0
2026-07-23 00:42:49  2  0      0 406016      0 380164    0    0     0  6452  776  731  3  1 95  1  0
2026-07-23 00:42:54  0  0      0 405076      0 379960    0    0     0  6445  788  730  3  1 95  1  0
2026-07-23 00:42:59  0  0      0 404468      0 380052    0    0     0  7315  851  822  3  1 95  1  0
2026-07-23 00:43:04  0  0      0 403852      0 379980    0    0    23  6022  816  786  3  1 92  1  3
2026-07-23 00:43:09  0  0      0 403736      0 380072    0    0     0  8715  875  807  4  1 94  1  0
2026-07-23 00:43:14  0  0      0 404544      0 380168    0    0     0  6876  773  716  3  1 95  1  0
2026-07-23 00:43:19  0  0      0 404492      0 380268    0    0     0  8169  888  849  4  1 94  1  0
2026-07-23 00:43:24  0  0      0 404320      0 380368    0    0     0  8198  899  821  4  1 94  1  0
2026-07-23 00:43:29  0  0      0 401180      0 380448    0    0     0  7775  845  774  4  1 94  1  0
2026-07-23 00:43:34  0  0      0 402396      0 380556    0    0     0  8190  821  743  4  1 94  1  0
2026-07-23 00:43:39  0  0      0 400144      0 380656    0    0     0  8732  880  799  4  1 94  1  0
2026-07-23 00:43:44  0  0      0 400868      0 380748    0    0     0  7344  822  757  4  1 94  1  0
2026-07-23 00:43:49  0  0      0 400316      0 380848    0    0     0  8660  858  783  4  1 94  1  0
2026-07-23 00:43:54  0  0      0 399608      0 380940    0    0     0  7795  861  827  4  1 94  1  0
2026-07-23 00:43:59  0  0      0 393956      0 387728    0    0     0  6938  782  742  3  1 95  1  0
2026-07-23 00:44:04  0  0      0 393432      0 387828    0    0     0  8243  975  851  4  2 87  1  6
2026-07-23 00:44:09  3  0      0 394268      0 387672    0    0     0  8246  891  844  4  1 94  1  0
2026-07-23 00:44:14  0  0      0 393276      0 387752    0    0     0  7057  805  786  3  1 95  1  0
2026-07-23 00:44:19 procs -----------memory---------- ---swap-- -----io---- -system-- ------cpu-----
2026-07-23 00:44:19  r  b   swpd   free   buff  cache   si   so    bi    bo   in   cs us sy id wa st
2026-07-23 00:44:19  0  0      0 388184      0 387588    0    0     0  8238  888  850  4  1 94  1  0
2026-07-23 00:44:24  0  0      0 388460      0 387692    0    0     0  8690  941  909  4  1 94  1  0
2026-07-23 00:44:29  0  0      0 389336      0 387792    0    0     0  8264  888  830  4  1 94  1  0
2026-07-23 00:44:34  0  0      0 388148      0 387880    0    0     0  7391  826  755  4  1 95  1  0
2026-07-23 00:44:39  0  0      0 388284      0 387968    0    0     0  7389  825  761  3  1 95  1  0
2026-07-23 00:44:44  0  0      0 401912      0 373152    0    0     0  7070  787  728  4  1 95  1  0
2026-07-23 00:44:49  0  0      0 402500      0 373256    0    0     0  8713  915  866  4  1 94  1  0
2026-07-23 00:44:54  0  0      0 401560      0 373360    0    0     0  8682  930  889  4  1 94  1  0
2026-07-23 00:44:59  0  0      0 402232      0 373452    0    0     0  7819  863  833  3  1 95  1  0
2026-07-23 00:45:04  0  0      0 401404      0 373544    0    0     0  6967  915  873  3  2 88  1  6
2026-07-23 00:45:09  0  0      0 401396      0 373640    0    0     0  7862  859  807  4  1 94  1  0
2026-07-23 00:45:14  0  0      0 393388      0 373732    0    0     0  7514  861  799  3  1 95  1  0
2026-07-23 00:45:19  0  0      0 387272      0 373556    0    0     0  8700  894  823  4  1 94  1  0
2026-07-23 00:45:24  0  0      0 386364      0 373672    0    0     0  8266  881  864  4  1 94  1  0
2026-07-23 00:45:29  0  0      0 376668      0 373504    0    0     0  7873  808  748  4  1 95  1  0
2026-07-23 00:45:34  0  0      0 371376      0 373604    0    0     0  8717  930  920  4  1 94  1  0
2026-07-23 00:45:39  0  0      0 370056      0 373708    0    0     0  8713  928  866  4  1 94  1  0
2026-07-23 00:45:44  0  0      0 358996      0 373788    0    0     0  7088  769  692  3  1 95  1  0
2026-07-23 00:45:49  0  0      0 357540      0 373888    0    0     0  7881  870  852  4  1 94  1  0
2026-07-23 00:45:54  0  0      0 354540      0 373984    0    0     0  7870  894  858  3  1 94  1  0
2026-07-23 00:45:59  0  0      0 354196      0 374076    0    0     0  7862  878  877  4  1 95  1  0
2026-07-23 00:46:04 procs -----------memory---------- ---swap-- -----io---- -system-- ------cpu-----
2026-07-23 00:46:04  r  b   swpd   free   buff  cache   si   so    bi    bo   in   cs us sy id wa st
2026-07-23 00:46:04  0  0      0 349648      0 374184    0    0     0  8307 1001  881  4  2 88  1  5
2026-07-23 00:46:09  0  0      0 340432      0 382464    0    0     0  7440  836  773  4  1 95  1  0
2026-07-23 00:46:14  0  0      0 340792      0 382556    0    0     0  7571  815  757  3  1 95  1  0
2026-07-23 00:46:19  0  0      0 341232      0 382664    0    0     0  8734  900  839  4  1 94  1  0
2026-07-23 00:46:24  0  0      0 338996      0 382768    0    0     0  8736  900  825  4  1 94  1  0
2026-07-23 00:46:29  0  0      0 334344      0 382856    0    0     0  7882  813  749  4  1 95  1  0
2026-07-23 00:46:34  0  0      0 315644      0 382820    0    0     0  7472  817  744  4  1 94  1  0
2026-07-23 00:46:39  2  0      0 315280      0 382912    0    0     0  7878  834  761  4  1 94  1  0
2026-07-23 00:46:44  1  0      0 314312      0 382880    0    0     0  8435  890  845  4  1 94  1  0
2026-07-23 00:46:49  0  0      0 310940      0 384760    0    0   351  8772  907  800  4  1 93  1  0
2026-07-23 00:46:54  0  0      0 309860      0 384848    0    0     0  8355  820  731  4  1 94  1  0
2026-07-23 00:46:59  0  0      0 306160      0 384944    0    0     0  7017  807  764  3  1 95  1  0
2026-07-23 00:47:04  1  0      0 296716      0 385044    0    0     0  7900  947  889  4  2 90  1  4
2026-07-23 00:47:09  0  0      0 281412      0 385132    0    0     0  7903  859  776  4  1 94  1  0
2026-07-23 00:47:14  0  0      0 276264      0 385228    0    0     0  8034  797  700  4  1 95  1  0
2026-07-23 00:47:19  0  0      0 275184      0 385332    0    0     0  8350  850  790  4  1 94  1  0
2026-07-23 00:47:24  0  0      0 275204      0 385432    0    0     0  8791  876  781  4  1 94  1  0
2026-07-23 00:47:29  0  0      0 267360      0 392228    0    0     0  8358  859  795  4  1 94  1  0
2026-07-23 00:47:34  0  0      0 260920      0 392320    0    0     0  8425  835  734  4  1 94  1  0
2026-07-23 00:47:39  0  0      0 260480      0 392416    0    0     0  8381  841  770  4  1 94  1  0
2026-07-23 00:47:44  0  0      0 260264      0 392516    0    0     0  7489  831  793  3  1 95  1  0
2026-07-23 00:47:49 procs -----------memory---------- ---swap-- -----io---- -system-- ------cpu-----
2026-07-23 00:47:49  r  b   swpd   free   buff  cache   si   so    bi    bo   in   cs us sy id wa st
2026-07-23 00:47:49  0  0      0 259232      0 392508    0    0     0  8051  854  797  4  1 94  1  0
2026-07-23 00:47:54  0  0      0 258812      0 392604    0    0     0  8845  880  787  4  1 94  1  0
2026-07-23 00:47:59  0  0      0 261580      0 392296    0    0     0  7972  852  811  4  1 95  1  0
2026-07-23 00:48:04  0  0      0 257808      0 392408    0    0     2  7522  929  775  4  2 84  1  9
2026-07-23 00:48:09  0  0      0 248716      0 392508    0    0     0  8392  882  843  4  1 94  1  0
2026-07-23 00:48:14  0  0      0 255168      0 377704    0    0     0  8405  898  849  4  1 94  1  0
2026-07-23 00:48:19  0  0      0 238732      0 377812    0    0     0  8978  857  757  4  1 94  1  0
2026-07-23 00:48:24  0  0      0 230376      0 377904    0    0     0  8406  824  731  4  1 94  1  0
2026-07-23 00:48:29  0  0      0 208548      0 377988    0    0     0  7079  809  784  3  1 95  1  0
2026-07-23 00:48:34  0  0      0 204560      0 378096    0    0     0  8891  929  898  4  1 94  1  0
2026-07-23 00:48:39  0  0      0 188148      0 378200    0    0     0  9321  910  838  4  1 94  1  0
2026-07-23 00:48:44  0  0      0 165472      0 378280    0    0     0  7526  854  799  4  1 95  1  0
2026-07-23 00:48:49  0  0      0 152812      0 378384    0    0     0  8529  857  807  4  1 94  1  0
2026-07-23 00:48:54  0  0      0 150984      0 378484    0    0     0  7988  880  835  4  1 94  1  0
2026-07-23 00:48:59  0  0      0 149108      0 378448    0    0     0  8433  893  858  4  1 94  1  0
2026-07-23 00:49:04  0  0      0 142516      0 378560    0    0     3  8429  948  899  4  2 92  1  1
2026-07-23 00:49:09  0  0      0 137584      0 378660    0    0     0  8422  862  804  4  1 94  1  0
2026-07-23 00:49:14  0  0      0 131904      0 378364    0    0     0  8008  863  827  4  1 94  1  0
2026-07-23 00:49:19  1  0      0 116396      0 378460    0    0     0  8590  899  850  4  1 94  1  0
2026-07-23 00:49:24  0  0      0 108224      0 378564    0    0     0  8879  912  856  4  1 94  1  0
2026-07-23 00:49:29  0  0      0 112384      0 368048    0    0     0  8049  823  747  4  1 94  1  0
2026-07-23 00:49:34 procs -----------memory---------- ---swap-- -----io---- -system-- ------cpu-----
2026-07-23 00:49:34  r  b   swpd   free   buff  cache   si   so    bi    bo   in   cs us sy id wa st
2026-07-23 00:49:34  0  0      0 111044      0 357520    0    0     0  7576  818  759  4  1 94  1  0
2026-07-23 00:49:39  0  0      0 111780      0 348472    0    0     0  8928  920  888  4  1 94  1  0
2026-07-23 00:49:44  0  0      0 109048      0 348568    0    0     0  8021  889  858  4  1 94  1  0
2026-07-23 00:49:49  0  0      0 106768      0 339380    0    0     0  8458  897  859  4  1 94  1  0
2026-07-23 00:49:54  0  0      0 116632      0 320792    0    0     0  7594  829  768  4  1 94  1  0
2026-07-23 00:49:59  0  0      0 108048      0 320888    0    0     0  8057  811  752  4  1 94  1  0
2026-07-23 00:50:04  0  0      0 108328      0 310904    0    0  4919  8206 1127 1016  4  3 81  2 10
2026-07-23 00:50:09  0  0      0 105584      0 306004    0    0    47  9414  890  823  4  1 94  1  0
2026-07-23 00:50:14  0  0      0 111508      0 299468    0    0     0  7613  839  786  3  1 94  1  0
2026-07-23 00:50:19  0  0      0 116864      0 291208    0    0    63  8063 1177  846  4  1 94  1  0
2026-07-23 00:50:24  0  0      0 108940      0 281160    0    0    98  8582  936  887  4  2 94  1  0
2026-07-23 00:50:29  0  0      0 105240      0 267400    0    0  3015  8070  951  856  4  1 94  1  0
2026-07-23 00:50:34  0  0      0 106408      0 256236    0    0  1179  8980  971  822  4  2 94  1  0
2026-07-23 00:50:39  0  0      0 108356      0 246536    0    0  1036  8556  947  880  4  1 94  1  0
2026-07-23 00:50:44  0  6      0 104328      0 230900    0    0 63879  6879 1626 1190  3  4 74 19  0
2026-07-23 00:50:49  1  4      0  90456      0 237884    0    0 127312  3179 2270 1567  2  7 23 67  0
2026-07-23 00:50:54  0  0      0  88184      0 240896    0    0 120288  3173 2067 1432  2  8 18 72  0
2026-07-23 00:50:59  0  5      0  89276      0 235876    0    0 131664  3174 2205 1470  2  9 10 79  0
2026-07-23 00:51:04  4  2      0  92404      0 232960    0    0 128142  2758 2333 1601  2 11  7 72  8
2026-07-23 00:51:10  1  2      0  89968      0 234888    0    0 124966  2720 2060 1370  2  9 14 75  0
2026-07-23 00:51:15  0 10      0  93296      0 232068    0    0 128740  1829 2107 1396  2  9 16 73  0
2026-07-23 00:51:20 procs -----------memory---------- ---swap-- -----io---- -system-- ------cpu-----
2026-07-23 00:51:20  r  b   swpd   free   buff  cache   si   so    bi    bo   in   cs us sy id wa st
2026-07-23 00:51:20  1  7      0  87088      0 236976    0    0 127383  2273 2278 1582  2  9 12 77  0
2026-07-23 00:51:25  0  3      0  87252      0 235372    0    0 128676  1372 2374 1620  2 10  6 83  0
2026-07-23 00:51:30  0  5      0  92624      0 231416    0    0 127128  2267 2141 1490  2  9 13 76  0
2026-07-23 00:51:35  2  1      0  90308      0 233564    0    0 126323  1825 2030 1435  2  9 13 76  0
2026-07-23 00:51:40  0  5      0  90604      0 233508    0    0 128259  1817 2185 1507  2  9  9 81  0
2026-07-23 00:51:45  0  3      0  87028      0 235712    0    0 127531  2276 2155 1488  2  9  6 84  0
2026-07-23 00:51:50  0  8      0  88364      0 236820    0    0 128598  2263 2371 1623  2 10 12 76  0
2026-07-23 00:51:55  4  7      0  89100      0 236800    0    0 130269   941 2354 1682  2 10  2 86  0
2026-07-23 00:52:01  1  9      0  87344      0 237812    0    0 135153  1429 2473 1796  2 10  7 80  1
2026-07-23 00:52:06  0  3      0  93944      0 229996    0    0 134196  1814 2446 1782  1 10  7 74  8
2026-07-23 00:52:11  0  7      0  87540      0 237284    0    0 128559  2712 2091 1423  2  8 25 65  0
2026-07-23 00:52:16  0  7      0  95888      0 227992    0    0 125728  2270 2364 1698  2  9  7 82  0
2026-07-23 00:52:21  0  3      0  94184      0 231392    0    0 127665  2712 2271 1575  2 10  6 82  0
2026-07-23 00:52:26  1  8      0  91256      0 232116    0    0 127075  2712 2361 1551  2 10  7 81  0
2026-07-23 00:52:31  0  4      0  86304      0 238916    0    0 126381  2263 2288 1554  2  9  5 85  0
2026-07-23 00:52:36  0  6      0  89764      0 233740    0    0 128960  1828 2157 1519  2  9  6 83  0
2026-07-23 00:52:41  3  3      0  87956      0 234908    0    0 129030  2722 2281 1540  2  9  6 83  0
2026-07-23 00:52:46  0  5      0  90188      0 234448    0    0 127030  2272 2144 1420  2  9 15 74  0
2026-07-23 00:52:52  6  5      0  86120      0 238840    0    0 131735  2272 2263 1577  2  8 18 71  0
2026-07-23 00:52:57  0  7      0  89348      0 235692    0    0 129166  1822 2297 1518  2  9 10 78  0
2026-07-23 00:53:02  2  2      0  93912      0 228444    0    0 126340  2723 2119 1433  2  9  9 74  6
2026-07-23 00:53:07 procs -----------memory---------- ---swap-- -----io---- -system-- ------cpu-----
2026-07-23 00:53:07  r  b   swpd   free   buff  cache   si   so    bi    bo   in   cs us sy id wa st
2026-07-23 00:53:07  0  6      0  88792      0 236816    0    0 129218  1821 2142 1496  2  9 10 77  2
2026-07-23 00:53:12  0 10      0  89584      0 235544    0    0 130823  1832 2346 1554  2 10  3 85  0
2026-07-23 00:53:17  0  9      0  93484      0 232480    0    0 131273   917 2086 1444  1  9  6 84  0
2026-07-23 00:53:22  0  8      0  92276      0 230164    0    0 128842  1367 2410 1589  2 11  4 83  0
2026-07-23 00:53:27  0  3      0  88368      0 237256    0    0 126917  1814 2220 1562  2  9  3 86  0
2026-07-23 00:53:32  0  3      0  89560      0 235596    0    0 130058  1368 2266 1540  2  9  6 83  0
2026-07-23 00:53:37  0  5      0  89412      0 235772    0    0 130159  1367 2240 1550  2  9  6 83  0
2026-07-23 00:53:43  2  8      0  97496      0 227572    0    0 139899  1813 2348 1673  2 10  6 83  0
2026-07-23 00:53:48  2  2      0  92112      0 232036    0    0 131212  1375 2427 1727  2 10  6 82  0
2026-07-23 00:53:53  4  6      0  88664      0 235368    0    0 130454  1816 2384 1632  2 10  3 85  0
2026-07-23 00:53:59  1  8      0  88108      0 236992    0    0 128500  1911 2320 1589  2 10 13 76  0
2026-07-23 00:54:03  0  0      0  92544      0 230076    0    0 120028  1736 2163 1430  1 11  8 66 13
2026-07-23 00:54:09  0  9      0  92236      0 232608    0    0 136827  1369 2195 1443  1  9 15 74  0
2026-07-23 00:54:14  2  0      0  94412      0 230080    0    0 123556  1826 2198 1543  2 10  8 80  0
2026-07-23 00:54:19  0  4      0  94476      0 232116    0    0 131779  1828 2299 1553  2  9 10 79  0
2026-07-23 00:54:24  0  4      0  91208      0 233868    0    0 128727  1821 2303 1555  2  9  4 84  0
2026-07-23 00:54:29  2  3      0  95680      0 229048    0    0 126412  1821 2143 1465  2  9 12 77  0
2026-07-23 00:54:34  2  2      0  93860      0 230808    0    0 126220  1828 2128 1469  2  9 12 77  0
2026-07-23 00:54:39  3  3      0  88908      0 237620    0    0 129586  2288 2210 1552  2  9  6 83  0
2026-07-23 00:54:44  1  8      0  98984      0 232568    0    0 125051  3646 2150 1443  3  9 23 65  0
2026-07-23 00:54:49  0  0      0  97864      0 232408    0    0 110743  3175 2138 1408  3  8 34 56  0
2026-07-23 00:54:54 procs -----------memory---------- ---swap-- -----io---- -system-- ------cpu-----
2026-07-23 00:54:54  r  b   swpd   free   buff  cache   si   so    bi    bo   in   cs us sy id wa st
2026-07-23 00:54:54  0  3      0 100984      0 240008    0    0 141123  3172 2355 1551  2  7 14 76  0
2026-07-23 00:54:59  2  8      0 101856      0 245452    0    0 122076  4129 2299 1494  3  6 36 55  0
2026-07-23 00:55:04  0  5      0 100992      0 243584    0    0 130812  1854 2625 1867  2  7  5 76 10
2026-07-23 00:55:09  0  0      0 105924      0 244412    0    0 102691  1835 2153 1654  3  6 30 62  0
2026-07-23 00:55:14  0  3      0  87016      0 240932    0    0 141678  2282 2185 1446  2  9 42 46  0
2026-07-23 00:55:20  1  3      0  90476      0 237464    0    0 132978   472 2327 1750  1 13  7 79  0
2026-07-23 00:55:27  0 11      0  87048      0 240152    0    0 177961   472 3015 1945  1 24  3 73  0
2026-07-23 00:55:40  0 20      0  86800      0 238812    0    0 339802    56 3061 2019  0 37  0 62  0
2026-07-23 00:56:11  1 20      0  86792      0 238616    0    0 793185   469 14968 8560  0 50  0 47  3
2026-07-23 00:56:16  0  0      0 3206848      0 298912    0    0 11224  2710 4058 2723  1 35 42 22  0
2026-07-23 00:56:21  0  0      0 3164472      0 316148    0    0   778  2736  587  636  2  1 97  0  0
2026-07-23 00:56:26  0  0      0 3137704      0 327616    0    0     0  3614  617  628  2  1 96  0  0
2026-07-23 00:56:31  0  0      0 3128700      0 333380    0    0     0  2258  456  480  1  1 97  0  0
2026-07-23 00:56:36  0  0      0 3116844      0 334992    0    0     0  2714  520  556  2  1 97  0  0
2026-07-23 00:56:41  0  0      0 3122044      0 335044    0    0     0  2261  525  576  2  1 97  0  0
2026-07-23 00:56:46  0  0      0 3119904      0 335124    0    0     2  3242  599  639  2  1 97  0  0
2026-07-23 00:56:51  0  0      0 3118256      0 335724    0    0   114  2712  522  548  2  1 97  0  0
2026-07-23 00:56:56  0  0      0 3118060      0 335784    0    0     0  3597  550  582  2  1 96  0  0
2026-07-23 00:57:01  5  0      0 3111756      0 335908    0    0    49  2250  508  550  2  1 96  0  1
2026-07-23 00:57:06  0  0      0 3098556      0 348076    0    0  2398  2720  752  741  3  3 89  1  5
2026-07-23 00:57:11  0  0      0 3100760      0 348128    0    0     0  2703  533  570  2  1 97  0  0
2026-07-23 00:57:16 procs -----------memory---------- ---swap-- -----io---- -system-- ------cpu-----
2026-07-23 00:57:16  r  b   swpd   free   buff  cache   si   so    bi    bo   in   cs us sy id wa st
2026-07-23 00:57:16  0  0      0 3097436      0 348184    0    0     0  2314  446  476  2  1 97  0  0
2026-07-23 00:57:21  0  0      0 3096564      0 348240    0    0     0  3168  573  594  2  1 97  0  0
2026-07-23 00:57:26  0  0      0 3094476      0 348296    0    0     0  2260  528  573  2  1 97  0  0
2026-07-23 00:57:31  0  0      0 3095344      0 348408    0    0     0  2711  537  571  2  1 97  0  0
2026-07-23 00:57:36  0  0      0 3093164      0 348452    0    0     0  3671  577  595  2  1 96  0  0
2026-07-23 00:57:41  0  0      0 3092300      0 348512    0    0     2  3626  522  557  2  1 96  0  0
2026-07-23 00:57:46  0  0      0 3092124      0 348592    0    0     0  3682  587  594  2  1 96  0  0
2026-07-23 00:57:51  0  0      0 3092044      0 348656    0    0     0  4066  591  565  3  1 96  0  0
2026-07-23 00:57:56  0  0      0 3081988      0 356912    0    0     0  3603  577  560  2  1 96  0  0
2026-07-23 00:58:01  0  0      0 3085812      0 356964    0    0     0  3603  496  480  2  1 96  0  0
2026-07-23 00:58:06  0  0      0 3083344      0 357024    0    0     0  4066  736  677  3  2 92  0  3
2026-07-23 00:58:11  0  0      0 3083372      0 357096    0    0     0  4074  586  574  3  1 96  0  0
2026-07-23 00:58:16  0  0      0 3075976      0 357204    0    0     0  4599  626  599  3  1 96  1  0
2026-07-23 00:58:21  0  0      0 3078036      0 357268    0    0     0  4533  598  577  3  1 96  0  0
2026-07-23 00:58:26  0  0      0 3075948      0 357340    0    0     0  4082  572  562  3  1 96  0  0
2026-07-23 00:58:31  0  0      0 3075920      0 357416    0    0     0  4071  591  592  3  1 96  0  0
2026-07-23 00:58:36  0  0      0 3077876      0 357484    0    0     0  4075  584  561  3  1 96  0  0
2026-07-23 00:58:41  0  0      0 3074468      0 357540    0    0     0  3610  581  579  2  1 96  0  0
2026-07-23 00:58:46  0  0      0 3071824      0 357592    0    0     0  3679  509  496  2  1 96  0  0
2026-07-23 00:58:51  0  0      0 3070884      0 357652    0    0     0  4079  620  612  2  1 96  0  0
2026-07-23 00:58:56  0  0      0 3070876      0 357704    0    0     0  3628  562  546  3  1 96  0  0
2026-07-23 00:59:01 procs -----------memory---------- ---swap-- -----io---- -system-- ------cpu-----
2026-07-23 00:59:01  r  b   swpd   free   buff  cache   si   so    bi    bo   in   cs us sy id wa st
2026-07-23 00:59:01  0  0      0 3069820      0 358712    0    0   178  4527  636  618  3  1 95  0  0
2026-07-23 00:59:06  0  0      0 3068048      0 358784    0    0     0  3628  621  594  3  1 94  0  1
2026-07-23 00:59:11  0  0      0 3069120      0 358840    0    0     0  4076  573  547  3  1 96  0  0
2026-07-23 00:59:16  0  0      0 3062784      0 358928    0    0     0  5042  647  625  3  1 95  1  0
2026-07-23 00:59:21  0  0      0 3063832      0 359000    0    0     0  5432  651  614  3  1 95  1  0
2026-07-23 00:59:26  0  0      0 3063676      0 359064    0    0     0  4520  615  601  3  1 96  0  0
2026-07-23 00:59:31  0  0      0 3059404      0 359124    0    0     0  4986  600  586  3  1 95  1  0
2026-07-23 00:59:36  0  0      0 3062392      0 359272    0    0     0  5452  682  660  3  1 95  1  0
2026-07-23 00:59:41  0  0      0 3062828      0 359340    0    0     0  4986  628  592  3  1 95  1  0
2026-07-23 00:59:46  0  0      0 3058828      0 359412    0    0     0  5962  705  687  3  1 95  1  0
2026-07-23 00:59:51  0  0      0 3061576      0 359476    0    0     0  4991  633  597  3  1 95  0  0
2026-07-23 00:59:56  0  0      0 3061948      0 359556    0    0     0  6339  692  641  3  2 94  1  0
2026-07-23 01:00:01  0  0      0 3054764      0 366320    0    0     0  4535  635  611  3  1 94  0  1
2026-07-23 01:00:06  0  0      0 3048968      0 366596    0    0    46  4544  791  647  4  3 81  0 11
2026-07-23 01:00:11  0  0      0 3047512      0 366664    0    0     2  4553  630  611  3  1 95  0  0
2026-07-23 01:00:16  0  0      0 3050472      0 366716    0    0     0  4546  594  544  3  1 95  0  0
2026-07-23 01:00:21  0  0      0 3039020      0 366800    0    0     0  6891  790  738  4  2 94  1  0
2026-07-23 01:00:26  0  0      0 3035260      0 366860    0    0     0  5463  736  682  3  1 95  1  0
2026-07-23 01:00:31  0  0      0 3023596      0 366936    0    0     0  6362  735  672  4  2 94  1  0
2026-07-23 01:00:36  0  0      0 3014756      0 367008    0    0     0  5470  700  643  3  1 95  1  0
2026-07-23 01:00:41  0  0      0 3011340      0 367088    0    0     0  5941  684  644  3  1 95  1  0
2026-07-23 01:00:46 procs -----------memory---------- ---swap-- -----io---- -system-- ------cpu-----
2026-07-23 01:00:46  r  b   swpd   free   buff  cache   si   so    bi    bo   in   cs us sy id wa st
2026-07-23 01:00:46  0  0      0 2991268      0 367160    0    0     0  5464  721  647  4  2 94  1  0
2026-07-23 01:00:51  0  0      0 2987460      0 367244    0    0     0  6454  772  708  4  1 94  1  0
2026-07-23 01:00:56  0  0      0 2977612      0 367316    0    0     0  5933  754  698  3  2 95  1  0
2026-07-23 01:01:01  0  0      0 2970824      0 367384    0    0     0  5462  695  635  3  1 94  0  0
2026-07-23 01:01:06  0  0      0 2963320      0 367680    0    0    65  6391  884  729  4  3 80  1 12
2026-07-23 01:01:11  0  0      0 2954420      0 367748    0    0     0  5953  740  670  4  2 94  1  0
2026-07-23 01:01:16  0  0      0 2985336      0 335448    0    0     0  5931  724  664  3  1 95  1  0
2026-07-23 01:01:21  0  0      0 2980076      0 335516    0    0     0  6008  686  635  3  1 96  1  0
2026-07-23 01:01:26  0  0      0 2970368      0 335592    0    0     0  5484  676  642  3  1 96  1  0
2026-07-23 01:01:31  0  0      0 2967200      0 335668    0    0     0  5928  719  694  3  1 96  1  0
2026-07-23 01:01:36  0  0      0 2959056      0 335752    0    0     0  6866  771  729  3  1 95  1  0
2026-07-23 01:01:41  0  0      0 2958268      0 335808    0    0     0  5960  675  629  3  1 96  1  0
2026-07-23 01:01:46  0  0      0 2960888      0 335888    0    0     0  5939  674  623  3  1 95  1  0
2026-07-23 01:01:51  0  0      0 2947420      0 335956    0    0     0  6021  733  685  3  1 95  1  0
2026-07-23 01:01:56  0  0      0 2946064      0 336036    0    0     0  5493  691  652  3  1 96  1  0
2026-07-23 01:02:01  0  0      0 2956652      0 336104    0    0     0  6860  743  679  3  1 95  1  0
2026-07-23 01:02:06  0  0      0 2952284      0 336232    0    0    28  5958  826  756  3  2 89  1  5
2026-07-23 01:02:11  0  0      0 2934296      0 336304    0    0     0  5501  668  637  3  1 96  1  0
2026-07-23 01:02:16  0  0      0 2926776      0 336384    0    0     0  5958  703  646  3  1 95  1  0
2026-07-23 01:02:21  0  0      0 2912752      0 336468    0    0     0  6944  759  725  3  1 95  1  0
2026-07-23 01:02:26  0  0      0 2911524      0 336524    0    0     0  5961  708  685  3  1 95  1  0
2026-07-23 01:02:31 procs -----------memory---------- ---swap-- -----io---- -system-- ------cpu-----
2026-07-23 01:02:31  r  b   swpd   free   buff  cache   si   so    bi    bo   in   cs us sy id wa st
2026-07-23 01:02:31  0  0      0 2904712      0 336608    0    0     0  5966  708  678  3  1 96  1  0
2026-07-23 01:02:36  0  0      0 2898036      0 336680    0    0     0  6434  736  693  3  1 95  1  0
2026-07-23 01:02:41  0  0      0 2901220      0 336764    0    0     0  6469  724  675  3  1 95  1  0
2026-07-23 01:02:46  0  0      0 2900472      0 336824    0    0     0  6879  746  688  3  1 95  1  0
2026-07-23 01:02:51  0  0      0 2900500      0 336908    0    0     0  6041  671  616  3  1 96  1  0
2026-07-23 01:02:56  0  0      0 2882808      0 345180    0    0     0  5974  727  697  3  1 96  1  0
2026-07-23 01:03:01  0  0      0 2876580      0 345256    0    0     0  5979  716  669  3  1 94  1  1
2026-07-23 01:03:06  0  0      0 2863176      0 345304    0    0     0  5518  764  699  3  1 93  1  2
2026-07-23 01:03:11  0  0      0 2858260      0 345396    0    0     0  5076  632  593  3  1 96  1  0
2026-07-23 01:03:16  0  0      0 2859872      0 345456    0    0     0  5053  643  596  3  1 96  1  0
2026-07-23 01:03:21  0  0      0 2862076      0 345532    0    0     0  6513  716  663  3  1 96  1  0
2026-07-23 01:03:26  0  0      0 2859572      0 345612    0    0     0  6430  706  656  3  1 95  1  0
2026-07-23 01:03:31  0  0      0 2845816      0 345672    0    0     0  6924  753  705  3  1 95  1  0
2026-07-23 01:03:36  0  0      0 2847992      0 345748    0    0     0  5532  665  619  3  1 96  1  0
2026-07-23 01:03:41  0  0      0 2843324      0 345836    0    0     0  5992  706  670  3  1 96  1  0
2026-07-23 01:03:46  0  0      0 2839780      0 345908    0    0     0  5980  692  640  3  1 95  1  0
2026-07-23 01:03:51  0  0      0 2836772      0 345992    0    0     0  6901  729  674  3  1 95  1  0
2026-07-23 01:03:56  0  0      0 2833820      0 346048    0    0     0  6071  690  644  3  1 96  1  0
2026-07-23 01:04:01  0  0      0 2819484      0 346128    0    0     0  5538  658  609  3  1 95  0  0
2026-07-23 01:04:06  0  0      0 2819164      0 346216    0    0     0  6473  818  771  3  1 93  1  2
2026-07-23 01:04:11  0  0      0 2811304      0 346300    0    0     0  6460  704  674  3  1 95  1  0
2026-07-23 01:04:16 procs -----------memory---------- ---swap-- -----io---- -system-- ------cpu-----
2026-07-23 01:04:16  r  b   swpd   free   buff  cache   si   so    bi    bo   in   cs us sy id wa st
2026-07-23 01:04:16  0  0      0 2794584      0 346380    0    0     0  6912  733  675  3  1 95  1  0
2026-07-23 01:04:21  0  0      0 2773572      0 346448    0    0     0  5991  687  632  3  1 95  1  0
2026-07-23 01:04:26  0  0      0 2768476      0 346536    0    0     0  6094  702  690  3  1 96  1  0
2026-07-23 01:04:31  0  0      0 2754104      0 346624    0    0     0  6471  727  687  3  1 95  1  0
2026-07-23 01:04:36  0  0      0 2746012      0 346712    0    0     0  6934  787  772  3  1 95  1  0
2026-07-23 01:04:41  0  0      0 2733308      0 353484    0    0     0  6022  671  625  3  1 96  1  0
2026-07-23 01:04:46  0  0      0 2730580      0 353552    0    0     0  6001  686  645  3  1 95  1  0
2026-07-23 01:04:51  0  0      0 2716216      0 353628    0    0     0  6933  742  675  3  1 95  1  0
2026-07-23 01:04:56  0  0      0 2702816      0 353724    0    0     0  6113  708  658  3  1 95  1  0
2026-07-23 01:05:01  0  0      0 2682304      0 353804    0    0     0  6946  768  696  3  1 95  1  0
2026-07-23 01:05:06  0  0      0 2679824      0 353876    0    0     0  5550  716  677  3  2 92  0  3
2026-07-23 01:05:11  0  0      0 2675388      0 353952    0    0     0  6487  716  673  3  1 96  1  0
2026-07-23 01:05:16  0  0      0 2663264      0 354048    0    0     0  6474  740  692  3  1 95  1  0
2026-07-23 01:05:21  0  0      0 2663448      0 354116    0    0     0  7419  738  667  3  1 95  1  0
2026-07-23 01:05:26  0  0      0 2658952      0 354216    0    0     0  7512  772  721  3  1 95  1  0
2026-07-23 01:05:31  0  0      0 2645352      0 354288    0    0     0  6490  743  695  3  1 95  1  0
2026-07-23 01:05:36  0  0      0 2628708      0 354376    0    0     0  8346  833  789  4  1 94  1  0
2026-07-23 01:05:41  0  0      0 2636836      0 339572    0    0     0  7896  788  725  3  1 95  1  0
2026-07-23 01:05:46  0  0      0 2623104      0 339656    0    0     0  7899  819  775  4  1 94  1  0
2026-07-23 01:05:51  0  0      0 2603252      0 339744    0    0     0  7436  787  749  3  1 95  1  0
2026-07-23 01:05:56  0  0      0 2583856      0 339832    0    0     0  7054  769  717  3  1 95  1  0
2026-07-23 01:06:01 procs -----------memory---------- ---swap-- -----io---- -system-- ------cpu-----
2026-07-23 01:06:01  r  b   swpd   free   buff  cache   si   so    bi    bo   in   cs us sy id wa st
2026-07-23 01:06:01  0  0      0 2569184      0 339908    0    0     0  6960  806  739  3  1 94  1  1
2026-07-23 01:06:06  0  0      0 2553780      0 339984    0    0     0  6966  829  808  3  3 86  1  8
2026-07-23 01:06:11  0  0      0 2524808      0 340092    0    0     0  7470  788  755  3  1 95  1  0
2026-07-23 01:06:16  0  0      0 2499492      0 340168    0    0     0  6986  763  725  3  1 95  1  0
2026-07-23 01:06:21  0  0      0 2486588      0 340264    0    0     0  8372  829  782  4  1 94  1  0
2026-07-23 01:06:26  0  0      0 2478932      0 340336    0    0     0  7994  812  794  3  1 95  1  0
2026-07-23 01:06:31  0  0      0 2470536      0 340436    0    0     0  6987  752  734  3  1 95  1  0
2026-07-23 01:06:36  0  0      0 2450720      0 340512    0    0     0  6999  753  712  3  1 95  1  0
2026-07-23 01:06:41  0  0      0 2442324      0 340604    0    0     0  7939  789  736  3  1 95  1  0
2026-07-23 01:06:46  0  0      0 2432020      0 340692    0    0     0  7450  815  775  3  1 95  1  0
2026-07-23 01:06:51  0  0      0 2421488      0 340792    0    0     0  7450  802  781  3  1 95  1  0
2026-07-23 01:06:56  0  0      0 2412556      0 340880    0    0     0  7571  794  743  4  1 95  1  0
2026-07-23 01:07:01  1  0      0 2375816      0 340960    0    0     0  7474  789  753  3  1 94  1  1
2026-07-23 01:07:06  0  0      0 2348944      0 341032    0    0     0  6530  824  767  3  2 91  1  3
2026-07-23 01:07:11  0  0      0 2297384      0 349324    0    0     0  7482  764  714  3  1 95  1  0
2026-07-23 01:07:16  0  0      0 2294644      0 349412    0    0     0  7930  788  716  4  1 95  1  0
2026-07-23 01:07:21  0  0      0 2274692      0 349496    0    0     0  7486  752  687  3  1 95  1  0
2026-07-23 01:07:26  0  0      0 2244704      0 349576    0    0     0  7019  757  716  3  1 95  1  0
2026-07-23 01:07:31  0  0      0 2225160      0 349668    0    0     0  7101  745  722  3  1 95  1  0
2026-07-23 01:07:36  0  0      0 2211180      0 349736    0    0     0  7010  763  716  4  1 95  1  0
2026-07-23 01:07:41  0  0      0 2193920      0 349840    0    0     0  7024  759  721  3  1 95  1  0
2026-07-23 01:07:46 procs -----------memory---------- ---swap-- -----io---- -system-- ------cpu-----
2026-07-23 01:07:46  r  b   swpd   free   buff  cache   si   so    bi    bo   in   cs us sy id wa st
2026-07-23 01:07:46  0  0      0 2177672      0 349924    0    0     0  7044  763  716  3  1 95  1  0
2026-07-23 01:07:51  0  0      0 2160760      0 350008    0    0     3  7966  883  787  4  2 93  1  0
2026-07-23 01:07:56  1  0      0 2144072      0 350092    0    0     0  7957  802  749  4  1 94  1  0
2026-07-23 01:08:01  0  0      0 2143540      0 350176    0    0     0  7113  766  714  3  1 94  1  1
2026-07-23 01:08:06  0  0      0 2125468      0 350260    0    0     0  6557  827  767  3  2 89  1  5
2026-07-23 01:08:11  0  0      0 2097672      0 350352    0    0     0  7046  752  723  3  1 95  1  0
2026-07-23 01:08:16  0  0      0 2080220      0 350436    0    0     0  7518  791  774  3  1 95  1  0
2026-07-23 01:08:21  0  0      0 2063892      0 350520    0    0     0  7966  828  799  3  1 95  1  0
2026-07-23 01:08:26  0  0      0 2048740      0 350620    0    0     0  7498  783  752  3  1 95  1  0
2026-07-23 01:08:31  1  0      0 2028072      0 350704    0    0     0  7604  788  749  3  1 95  1  0
2026-07-23 01:08:36  0  0      0 2009944      0 350784    0    0     0  8467  816  769  4  1 94  1  0
2026-07-23 01:08:41  0  0      0 1992724      0 357556    0    0     0  7547  783  736  3  1 95  1  0
2026-07-23 01:08:46  0  0      0 1968468      0 357660    0    0     0  7514  773  709  3  1 95  1  0
2026-07-23 01:08:51  0  0      0 1958768      0 357748    0    0     0  7032  759  701  3  1 95  1  0
2026-07-23 01:08:56  0  0      0 1937828      0 357832    0    0     0  6586  773  722  3  1 95  1  0
2026-07-23 01:09:01  0  0      0 1916620      0 357912    0    0     0  7168  765  708  3  1 94  1  1
2026-07-23 01:09:06  0  0      0 1907616      0 357988    0    0     0  7046  873  805  3  2 89  1  5
2026-07-23 01:09:11  0  0      0 1878724      0 358092    0    0     0  7526  809  763  4  1 94  1  0
2026-07-23 01:09:16  0  0      0 1840952      0 358172    0    0     0  7058  755  690  3  1 95  1  0
2026-07-23 01:09:21  0  0      0 1826332      0 358248    0    0     0  7066  784  739  3  1 95  1  0
2026-07-23 01:09:26  0  0      0 1802836      0 358352    0    0     0  8485  841  776  4  1 94  1  0
2026-07-23 01:09:31 procs -----------memory---------- ---swap-- -----io---- -system-- ------cpu-----
2026-07-23 01:09:31  r  b   swpd   free   buff  cache   si   so    bi    bo   in   cs us sy id wa st
2026-07-23 01:09:31  0  0      0 1800376      0 343520    0    0     0  8561  833  789  4  1 94  1  0
2026-07-23 01:09:36  0  0      0 1766520      0 343620    0    0     0  8472  837  766  4  1 94  1  0
2026-07-23 01:09:41  0  0      0 1740932      0 343712    0    0     0  7073  777  724  3  1 95  1  0
2026-07-23 01:09:46  0  0      0 1720128      0 343792    0    0     0  8039  813  741  4  1 94  1  0
2026-07-23 01:09:51  0  0      0 1696240      0 343872    0    0     0  7542  804  728  4  1 94  1  0
2026-07-23 01:09:56  0  0      0 1678416      0 343980    0    0     0  7540  803  775  3  1 95  1  0
2026-07-23 01:10:01  0  0      0 1665304      0 344056    0    0     0  6694  741  688  3  1 94  1  1
2026-07-23 01:10:06  0  0      0 1639724      0 344128    0    0     0  7078  854  776  3  2 89  1  5
2026-07-23 01:10:11  0  0      0 1617216      0 344200    0    0     0  6643  729  669  3  1 95  1  0
2026-07-23 01:10:16  0  0      0 1598568      0 344304    0    0     0  7110  802  773  3  1 95  1  0
2026-07-23 01:10:21  0  0      0 1586164      0 344376    0    0     0  6623  748  686  3  1 95  1  0
2026-07-23 01:10:26  0  0      0 1565772      0 344472    0    0     0  8038  813  760  3  1 94  1  0
2026-07-23 01:10:31  0  0      0 1544028      0 344548    0    0     0  6716  747  693  3  1 95  1  0
2026-07-23 01:10:36  0  0      0 1527732      0 344640    0    0     0  7602  810  763  4  1 95  1  0
2026-07-23 01:10:41  0  0      0 1505820      0 344732    0    0     0  8059  810  777  4  1 94  1  0
2026-07-23 01:10:46  1  0      0 1489908      0 344816    0    0     0  6644  747  684  3  1 95  1  0
2026-07-23 01:10:51  0  0      0 1460672      0 344908    0    0     0  8998  856  811  4  1 94  1  0
2026-07-23 01:10:56  0  0      0 1454640      0 344980    0    0     0  8071  798  735  4  1 94  1  0
2026-07-23 01:11:01  0  0      0 1424120      0 353284    0    0     0  7605  816  774  3  1 94  1  1
2026-07-23 01:11:06  0  0      0 1403720      0 353344    0    0     0  6747  830  742  3  2 91  1  4
2026-07-23 01:11:11  0  0      0 1387332      0 353440    0    0     0  6652  746  703  3  1 95  1  0
2026-07-23 01:11:16 procs -----------memory---------- ---swap-- -----io---- -system-- ------cpu-----
2026-07-23 01:11:16  r  b   swpd   free   buff  cache   si   so    bi    bo   in   cs us sy id wa st
2026-07-23 01:11:16  0  0      0 1369952      0 353520    0    0     0  7120  766  719  3  1 95  1  0
2026-07-23 01:11:21  0  0      0 1360892      0 353620    0    0     0  8096  825  770  4  1 94  1  0
2026-07-23 01:11:26  0  0      0 1347492      0 353716    0    0     0  8089  802  773  4  1 94  1  0
2026-07-23 01:11:31  1  0      0 1331304      0 353792    0    0     0  7610  782  735  4  1 94  1  0
2026-07-23 01:11:36  0  0      0 1302940      0 353872    0    0     0  7698  775  723  3  1 95  1  0
2026-07-23 01:11:41  0  0      0 1278988      0 353960    0    0     0  6660  754  684  3  1 95  1  0
2026-07-23 01:11:46  0  0      0 1266304      0 354040    0    0     0  7630  825  760  3  1 94  1  0
2026-07-23 01:11:51  0  0      0 1247460      0 354124    0    0     0  7641  801  762  4  1 94  1  0
2026-07-23 01:11:56  0  0      0 1226708      0 354216    0    0     0  7617  780  726  3  1 95  1  0
2026-07-23 01:12:01  0  0      0 1204940      0 354308    0    0     0  7141  791  724  3  1 94  1  1
2026-07-23 01:12:06  1  0      0 1166856      0 354380    0    0     0  6756  860  786  3  3 86  1  7
2026-07-23 01:12:11  0  0      0 1152652      0 354484    0    0     0  7165  768  708  3  1 95  1  0
2026-07-23 01:12:16  2  0      0 1121460      0 354572    0    0     0  8593  844  783  4  1 94  1  0
2026-07-23 01:12:21  0  0      0 1114556      0 354672    0    0     0  9077  849  779  4  1 94  1  0
2026-07-23 01:12:26  0  0      0 1100696      0 355472    0    0   147  8108  787  703  4  1 94  1  0
2026-07-23 01:12:31  0  0      0 1082076      0 362252    0    0     0  7642  799  751  3  1 95  1  0
2026-07-23 01:12:36  0  0      0 1069332      0 362332    0    0     0  7278  773  705  3  1 95  1  0
2026-07-23 01:12:41  0  0      0 1067380      0 362416    0    0     0  7642  798  734  3  1 95  1  0
2026-07-23 01:12:46  0  0      0 1056452      0 362516    0    0     0  7648  785  719  3  1 95  1  0
2026-07-23 01:12:51  0  0      0 1034000      0 362608    0    0     0  7183  852  768  4  1 94  1  0
2026-07-23 01:12:56  1  0      0 1011520      0 362712    0    0     0  7658  815  749  3  1 94  1  0
2026-07-23 01:13:01 procs -----------memory---------- ---swap-- -----io---- -system-- ------cpu-----
2026-07-23 01:13:01  r  b   swpd   free   buff  cache   si   so    bi    bo   in   cs us sy id wa st
2026-07-23 01:13:01  0  1      0 995960      0 362784    0    0     0  8145  814  762  4  1 94  1  1
2026-07-23 01:13:06  0  0      0 973440      0 362876    0    0     0  7752  879  817  4  2 91  1  2
2026-07-23 01:13:11  0  0      0 961936      0 362968    0    0     0  7654  797  731  3  1 95  1  0
2026-07-23 01:13:16  0  0      0 930604      0 363060    0    0     0  8669  851  788  4  1 94  1  0
2026-07-23 01:13:21  0  0      0 922424      0 348252    0    0     0  8174  813  750  3  2 94  1  0
2026-07-23 01:13:26  0  0      0 895504      0 348340    0    0     0  7190  755  693  3  1 95  1  0
2026-07-23 01:13:31  0  0      0 866068      0 348444    0    0     0  8626  834  778  4  1 94  1  0
2026-07-23 01:13:36  0  0      0 840964      0 348504    0    0     0  7288  772  736  3  1 95  1  0
2026-07-23 01:13:41  0  0      0 821772      0 348624    0    0     0  8644  839  783  4  1 94  1  0
2026-07-23 01:13:46  1  0      0 808060      0 348700    0    0     0  7695  805  771  4  1 95  1  0
2026-07-23 01:13:51  0  0      0 790580      0 348804    0    0     0  7704  804  754  3  1 95  1  0
2026-07-23 01:13:56  0  0      0 774548      0 348884    0    0     0  7680  789  719  3  1 95  1  0
2026-07-23 01:14:01  0  0      0 760548      0 348980    0    0     0  7681  816  792  4  1 94  1  1
2026-07-23 01:14:06  0  0      0 747344      0 349088    0    0     0  6831  832  753  3  3 88  1  6
2026-07-23 01:14:11  0  0      0 718552      0 349188    0    0     0  7222  796  747  3  1 95  1  0
2026-07-23 01:14:16  0  0      0 694264      0 349280    0    0     0  8672  844  772  4  1 94  1  0
2026-07-23 01:14:21  0  0      0 685768      0 349368    0    0     0  7242  793  747  3  1 95  1  0
2026-07-23 01:14:26  0  0      0 670244      0 349440    0    0     0  7224  771  707  3  1 95  1  0
2026-07-23 01:14:31  0  1      0 652372      0 349536    0    0     0  7725  775  692  3  1 95  1  0
2026-07-23 01:14:36  0  0      0 641984      0 349620    0    0     0  7727  775  718  3  1 95  1  0
2026-07-23 01:14:41  0  0      0 633260      0 349720    0    0     0  8300  822  789  4  1 94  1  0
2026-07-23 01:14:46 procs -----------memory---------- ---swap-- -----io---- -system-- ------cpu-----
2026-07-23 01:14:46  r  b   swpd   free   buff  cache   si   so    bi    bo   in   cs us sy id wa st
2026-07-23 01:14:46  0  0      0 616092      0 349788    0    0     0  8209  813  731  4  1 94  1  0
2026-07-23 01:14:51  0  0      0 592308      0 358080    0    0     0  7240  791  730  3  1 95  1  0
2026-07-23 01:14:56  0  0      0 577168      0 358156    0    0     0  7273  754  710  3  1 95  1  0
2026-07-23 01:15:01  0  0      0 560136      0 358256    0    0     0  6773  757  695  3  1 94  1  1
2026-07-23 01:15:06  0  0      0 547804      0 358328    0    0     0  6282  777  711  3  2 87  1  8
2026-07-23 01:15:11  0  0      0 527520      0 358416    0    0     0  7340  758  696  3  1 95  1  0
2026-07-23 01:15:16  1  0      0 510524      0 358496    0    0     0  7739  795  739  3  1 95  1  0
2026-07-23 01:15:21  0  0      0 494704      0 358568    0    0     0  7270  777  750  3  1 95  1  0
2026-07-23 01:15:26  0  0      0 469876      0 358660    0    0     0  7282  792  734  3  1 95  1  0
2026-07-23 01:15:31  0  0      0 449480      0 358752    0    0     0  7262  735  655  3  1 95  1  0
2026-07-23 01:15:36  0  0      0 439944      0 358832    0    0     0  7747  789  718  3  1 95  1  0
2026-07-23 01:15:41  0  0      0 427200      0 358912    0    0     0  5902  698  654  3  1 96  1  0
2026-07-23 01:15:46  0  0      0 403716      0 359000    0    0     0  8257  813  750  4  1 94  1  0
2026-07-23 01:15:51  0  0      0 367668      0 359092    0    0     0  8250  839  788  4  1 94  1  0
2026-07-23 01:15:56  0  0      0 340916      0 359172    0    0     0  8255  808  745  3  1 94  1  0
2026-07-23 01:16:01  2  0      0 323264      0 359268    0    0     0  7272  777  708  3  1 94  1  1
2026-07-23 01:16:06  0  0      0 296924      0 359348    0    0     0  7764  876  784  4  2 90  1  3
2026-07-23 01:16:11  0  0      0 286596      0 359432    0    0     0  8360  800  717  4  1 94  1  0
2026-07-23 01:16:16  0  0      0 274556      0 359516    0    0     0  6810  751  740  3  1 95  1  0
2026-07-23 01:16:21  0  0      0 261360      0 366304    0    0     0  8255  789  735  4  1 94  1  0
2026-07-23 01:16:26  0  0      0 249484      0 366400    0    0     0  7788  783  722  3  1 94  1  0
2026-07-23 01:16:31 procs -----------memory---------- ---swap-- -----io---- -system-- ------cpu-----
2026-07-23 01:16:31  r  b   swpd   free   buff  cache   si   so    bi    bo   in   cs us sy id wa st
2026-07-23 01:16:31  0  0      0 226984      0 366492    0    0     0  8270  825  757  4  1 94  1  0
2026-07-23 01:16:36  0  0      0 205124      0 366572    0    0     0  8284  815  769  4  1 94  1  0
2026-07-23 01:16:41  0  0      0 182308      0 366672    0    0     0  6914  770  743  3  1 95  1  0
2026-07-23 01:16:46  0  0      0 143340      0 366748    0    0     0  7787  805  748  3  1 95  1  0
2026-07-23 01:16:51  1  0      0 114836      0 366828    0    0     0  8269  802  741  4  1 94  1  0
2026-07-23 01:16:56  0  0      0  99648      0 366920    0    0     0  6841  793  742  3  1 95  1  0
2026-07-23 01:17:01  0  0      0 109740      0 321928    0    0  1442  7870  855  792  4  2 93  1  1
2026-07-23 01:17:06  0  0      0 104936      0 315216    0    0    46  7314  842  736  3  2 91  1  3
2026-07-23 01:17:11  0  0      0 114948      0 287740    0    0  1052  7331  829  775  3  2 94  1  0
2026-07-23 01:17:16  0  0      0  96060      0 282264    0    0  1654  7316  991  754  3  1 94  1  0
2026-07-23 01:17:21  0  0      0  99584      0 272604    0    0    15  7814  814  740  3  1 95  1  0
2026-07-23 01:17:26  0  0      0  97956      0 258264    0    0  4552  7417  909  809  3  2 94  1  0
2026-07-23 01:17:31  0  0      0  98340      0 232832    0    0  1022  8857  909  777  4  2 94  1  0
2026-07-23 01:17:37  0 11      0  86572      0 226884    0    0 110972  5444 2123 1494  2  7 50 40  0
2026-07-23 01:17:42  3  4      0  87528      0 223432    0    0 147481   508 2489 1710  1 13  3 83  0
2026-07-23 01:17:48  0  6      0  92356      0 221116    0    0 147206   560 2651 1853  1 12  5 82  0
2026-07-23 01:17:53  1 12      0  91772      0 219524    0    0 130039   966 2341 1599  1 12  4 83  0
2026-07-23 01:17:58  1 13      0  89636      0 221756    0    0 133662   509 2245 1659  1 13  2 83  0
2026-07-23 01:18:04  2 12      0  88280      0 223120    0    0 143394   500 2526 1681  1 15  2 65 17
2026-07-23 01:18:10  1 12      0  91112      0 220632    0    0 150115   505 2134 1460  1 12  3 83  0
2026-07-23 01:18:18  0 16      0  86856      0 224600    0    0 196252   517 3127 2401  1 13  3 83  0
2026-07-23 01:18:23 procs -----------memory---------- ---swap-- -----io---- -system-- ------cpu-----
2026-07-23 01:18:23  r  b   swpd   free   buff  cache   si   so    bi    bo   in   cs us sy id wa st
2026-07-23 01:18:24  0 11      0  86936      0 225104    0    0 147920   516 2527 1950  1 14  3 82  0
2026-07-23 01:18:29  3  7      0  91100      0 219992    0    0 147338    21 2620 1911  1 14  1 83  0
2026-07-23 01:18:35  0 12      0  90304      0 220744    0    0 141198   554 2745 1999  2 13  3 82  0
2026-07-23 01:18:40  1  5      0  88040      0 223168    0    0 141249   498 2015 1334  0 17  2 81  0
2026-07-23 01:18:46  6  2      0  87872      0 223480    0    0 141672    77 2488 1793  1 15  3 82  0
2026-07-23 01:18:52  0 13      0  87116      0 223836    0    0 149457   504 2446 1897  1 13  5 82  0
2026-07-23 01:19:04  2 14      0  88344      0 221424    0    0 326411   506 3650 2527  0 21  2 77  0
2026-07-23 01:19:15  3  9      0  87748      0 222248    0    0 263840    85 4553 3091  0 19  1 75  3
2026-07-23 01:19:22  3 14      0  94068      0 216720    0    0 191250    19 4823 3443  0 19  1 80  0
2026-07-23 01:19:28  2 11      0  88752      0 222104    0    0 152882   500 2437 1794  0 17  1 82  0
2026-07-23 01:19:34  3  7      0  92296      0 217480    0    0 144630    28 2567 1827  1 13  2 85  0
2026-07-23 01:19:40  6  8      0  88800      0 221132    0    0 153978   507 3037 2182  1 17  1 81  0
2026-07-23 01:19:46  0 13      0  90272      0 220220    0    0 158539    35 2662 1987  0 16  2 82  0
2026-07-23 01:19:53  1  7      0  87852      0 222368    0    0 171650    14 2695 1852  0 17  1 81  0
2026-07-23 01:20:02  4 10      0  87020      0 222820    0    0 213692   512 2652 1845  0 16  1 83  0
2026-07-23 01:20:08  8  8      0  87444      0 221736    0    0 170071    22 3788 2567  0 20  2 66 12
2026-07-23 01:20:19  2 13      0  86816      0 223284    0    0 288298    20 2732 1904  0 18  2 79  0
2026-07-23 01:20:34  0 17      0  87840      0 221868    0    0 395892   516 5572 3699  0 25  1 74  0
2026-07-23 01:20:45  0 11      0  87688      0 221428    0    0 270670    22 6963 4612  0 21  1 77  0
2026-07-23 01:20:56  1 14      0  88816      0 220340    0    0 281508    20 2730 1905  0 20  2 77  0
2026-07-23 01:21:13  0 14      0  91192      0 218208    0    0 363800    21 5295 3460  0 23  2 72  3
2026-07-23 01:21:20 procs -----------memory---------- ---swap-- -----io---- -system-- ------cpu-----
2026-07-23 01:21:22  r  b   swpd   free   buff  cache   si   so    bi    bo   in   cs us sy id wa st
2026-07-23 01:21:35  2 13      0  88672      0 220520    0    0 648863    35 10683 7024  0 27  1 72  0
2026-07-23 01:21:51  0 12      0  86376      0 222036    0    0 355245    17 5750 3858  0 26  1 73  0
2026-07-23 01:22:10  0 14      0  88476      0 220388    0    0 511722    21 6711 4228  0 29  1 70  0
2026-07-23 01:22:22  2 11      0  86588      0 219684    0    0 290845   507 6656 4037  0 25  0 70  4
2026-07-23 01:22:37  0  9      0  86736      0 222776    0    0 380300    38 4610 3096  0 20  2 78  0
2026-07-23 01:22:44  0 15      0  86900      0 222924    0    0 228446    34 6491 4177  0 26  1 73  0
2026-07-23 01:23:00  2 15      0  87080      0 221868    0    0 403900    16 4241 2768  0 26  1 73  0
2026-07-23 01:23:18  3 13      0  87428      0 221296    0    0 455966    25 7311 4714  0 27  1 71  2
2026-07-23 01:23:42  3 14      0  90280      0 217968    0    0 600910    23 10429 6605  0 30  0 69  0
2026-07-23 01:24:03  0 15      0  86700      0 222348    0    0 496999    23 5945 3878  0 28  1 71  0
2026-07-23 01:24:26  0 15      0  87716      0 221524    0    0 628443    28 9320 5914  0 28  1 67  4
2026-07-23 01:24:44  0 17      0  89300      0 220000    0    0 472359    11 9013 5795  0 29  1 70  0
2026-07-23 01:25:09  0  8      0  90460      0 217612    0    0 637710    19 10076 6262  0 29  1 70  0
2026-07-23 01:25:27  0 14      0  88272      0 220740    0    0 452993    23 7289 4433  0 26  1 70  3
2026-07-23 01:25:35  0 12      0  86856      0 222892    0    0 234377     6 6142 3971  0 25  1 74  0
2026-07-23 01:25:40  0  0      0 3284128      0 269960    0    0 122874    52 3421 2331  2 22  9 67  0
2026-07-23 01:25:45  0  0      0 3174756      0 300184    0    0  2686  4433  511  517  2  1 97  1  0
2026-07-23 01:25:50  0  0      0 3136116      0 322212    0    0    69  4409  551  513  2  1 97  1  0
2026-07-23 01:25:55  1  0      0 3117328      0 327212    0    0     0  3425  451  472  2  1 97  0  0
2026-07-23 01:26:00  0  0      0 3115148      0 327256    0    0     0  3422  475  485  2  1 97  0  1
2026-07-23 01:26:05  0  0      0 3110244      0 328384    0    0   198  3910  588  608  2  1 95  0  1
2026-07-23 01:26:10 procs -----------memory---------- ---swap-- -----io---- -system-- ------cpu-----
2026-07-23 01:26:10  r  b   swpd   free   buff  cache   si   so    bi    bo   in   cs us sy id wa st
2026-07-23 01:26:10  0  0      0 3097536      0 336620    0    0     2  4511  526  521  2  1 97  1  0
2026-07-23 01:26:15  0  0      0 3097268      0 336692    0    0     0  4407  514  517  2  1 97  0  0
2026-07-23 01:26:20  0  0      0 3097220      0 336756    0    0     0  2983  445  535  2  0 98  0  0
2026-07-23 01:26:25  0  0      0 3106360      0 336820    0    0     0  4399  550  593  2  1 97  1  0
2026-07-23 01:26:30  0  0      0 3103976      0 337092    0    0    41  4407  550  582  2  1 97  0  0
2026-07-23 01:26:35  0  0      0 3108300      0 337172    0    0     0  4413  523  567  2  1 97  0  0
2026-07-23 01:26:40  1  0      0 3102936      0 337236    0    0     0  3434  465  516  2  1 97  0  0
2026-07-23 01:26:45  0  0      0 3102684      0 337300    0    0     0  3988  509  542  2  1 97  0  0
2026-07-23 01:26:50  0  0      0 3100776      0 337388    0    0     0  4438  552  601  2  1 97  0  0
2026-07-23 01:26:55  0  0      0 3103092      0 337456    0    0     0  4406  542  568  2  1 97  1  0
2026-07-23 01:27:00  0  0      0 3097740      0 337500    0    0     0  4411  511  561  2  1 97  1  0
2026-07-23 01:27:05  0  0      0 3100164      0 337580    0    0     0  2938  511  563  2  1 94  0  3
2026-07-23 01:27:10  0  0      0 3093400      0 337644    0    0     0  3917  522  556  2  1 97  1  0
2026-07-23 01:27:15  0  0      0 3096672      0 337720    0    0     0  4481  545  600  2  1 97  0  0
2026-07-23 01:27:20  0  0      0 3091220      0 337764    0    0     0  4432  531  582  2  1 97  0  0
2026-07-23 01:27:25  0  0      0 3090136      0 338700    0    0   179  3438  431  447  2  1 97  0  0
2026-07-23 01:27:30  0  0      0 3088096      0 338816    0    0     0  3928  514  556  2  1 97  0  0
2026-07-23 01:27:35  0  0      0 3087864      0 338880    0    0     0  4415  548  582  2  1 97  0  0
2026-07-23 01:27:40  0  0      0 3086788      0 338924    0    0     2  4417  563  614  2  1 97  0  0
2026-07-23 01:27:45  0  0      0 3086944      0 338992    0    0     0  4414  515  534  2  1 97  0  0
2026-07-23 01:27:50  0  0      0 3090184      0 339052    0    0     0  3025  435  501  2  0 98  0  0
2026-07-23 01:27:55 procs -----------memory---------- ---swap-- -----io---- -system-- ------cpu-----
2026-07-23 01:27:55  r  b   swpd   free   buff  cache   si   so    bi    bo   in   cs us sy id wa st
2026-07-23 01:27:55  0  0      0 3086372      0 339124    0    0     0  4422  552  584  2  1 97  0  0
2026-07-23 01:28:00  0  0      0 3082148      0 339188    0    0     0  3925  531  567  2  1 96  0  0
2026-07-23 01:28:05  0  0      0 3071828      0 339228    0    0     0  3934  563  523  2  2 91  0  5
2026-07-23 01:28:10  0  0      0 3067620      0 339292    0    0     0  3444  453  525  2  1 97  0  0
2026-07-23 01:28:15  0  0      0 3067396      0 339420    0    0     0  3935  506  589  2  1 97  0  0
2026-07-23 01:28:20  0  0      0 3054820      0 346180    0    0     0  4507  527  525  2  1 97  1  0
2026-07-23 01:28:25  0  0      0 3052340      0 346248    0    0     0  4438  546  565  2  1 97  0  0
2026-07-23 01:28:30  0  0      0 3047636      0 346288    0    0     0  4416  509  540  2  1 97  1  0
2026-07-23 01:28:35  0  0      0 3044336      0 346352    0    0     0  2951  435  511  2  1 98  0  0
2026-07-23 01:28:40  0  0      0 3047996      0 346420    0    0     0  4421  533  559  2  1 97  0  0
2026-07-23 01:28:45  0  0      0 3042028      0 346480    0    0     0  4421  552  578  2  1 97  0  0
2026-07-23 01:28:50  0  0      0 3041168      0 346528    0    0     0  4438  507  528  2  1 97  0  0
2026-07-23 01:28:55  0  0      0 3042160      0 346632    0    0     0  3532  465  521  2  1 97  0  0
2026-07-23 01:29:00  0  0      0 3042004      0 346696    0    0     0  3947  519  564  2  1 97  0  0
2026-07-23 01:29:05  0  0      0 3042100      0 346784    0    0     0  3949  582  588  2  1 94  0  2
2026-07-23 01:29:10  0  0      0 3042380      0 346868    0    0     0  4425  568  632  2  1 96  0  0
2026-07-23 01:29:15  0  0      0 3054604      0 346908    0    0     0  4421  525  569  2  1 97  0  0
2026-07-23 01:29:20  0  0      0 3045424      0 346976    0    0     0  2960  456  548  2  0 98  0  0
2026-07-23 01:29:25  0  0      0 3041876      0 347040    0    0     0  4498  552  597  2  1 97  0  0
2026-07-23 01:29:30  0  0      0 3048492      0 347104    0    0     0  4431  561  613  2  1 96  0  0
2026-07-23 01:29:35  0  0      0 3044960      0 347184    0    0     2  4445  575  641  2  1 97  0  0
2026-07-23 01:29:40 procs -----------memory---------- ---swap-- -----io---- -system-- ------cpu-----
2026-07-23 01:29:40  r  b   swpd   free   buff  cache   si   so    bi    bo   in   cs us sy id wa st
2026-07-23 01:29:40  0  0      0 3044916      0 347228    0    0     0  3458  454  493  2  1 97  0  0
2026-07-23 01:29:45  0  0      0 3041460      0 347292    0    0     0  3955  529  575  2  1 97  0  0
2026-07-23 01:29:50  0  0      0 3050452      0 347404    0    0     0  4443  567  648  2  1 97  0  0
2026-07-23 01:29:55  0  0      0 3061480      0 332576    0    0     0  3936  537  616  2  1 97  0  0
2026-07-23 01:30:00  2  0      0 3058160      0 332620    0    0     0  4511  564  610  2  1 96  0  0
2026-07-23 01:30:05  0  0      0 3060380      0 332688    0    0     0  1968  468  486  2  2 87  0  9
2026-07-23 01:30:10  0  0      0 3057720      0 332756    0    0     0  4428  549  586  2  1 97  0  0
2026-07-23 01:30:15  0  0      0 3059972      0 332840    0    0     0  4428  563  594  2  1 97  0  0
2026-07-23 01:30:20  2  0      0 3052852      0 332884    0    0     0  4443  526  570  2  1 97  1  0
2026-07-23 01:30:25  1  0      0 3047572      0 332944    0    0     0  2971  441  474  2  1 98  0  0
2026-07-23 01:30:30  0  0      0 3055368      0 333012    0    0     0  3962  497  532  2  1 97  0  0
2026-07-23 01:30:35  0  0      0 3051428      0 333136    0    0     0  4512  545  579  2  1 97  0  0
2026-07-23 01:30:40  0  0      0 3051756      0 333204    0    0     0  4464  559  579  2  1 96  1  0
2026-07-23 01:30:45  0  0      0 3046948      0 333248    0    0     0  4454  510  537  2  1 97  1  0
2026-07-23 01:30:50  0  0      0 3049944      0 333332    0    0    21  2971  515  590  2  1 97  0  0
2026-07-23 01:30:55  0  0      0 3050276      0 333404    0    0     0  4454  552  604  2  1 96  0  0
2026-07-23 01:31:00  0  0      0 3043552      0 333448    0    0     0  3952  541  562  2  1 96  0  1
2026-07-23 01:31:05  0  0      0 3044548      0 333536    0    0     0  4012  584  562  2  1 93  0  3
2026-07-23 01:31:10  1  0      0 3047824      0 333604    0    0     0  3473  432  449  2  1 97  0  0
2026-07-23 01:31:15  0  0      0 3042304      0 333700    0    0     0  3952  506  585  2  1 97  0  0
2026-07-23 01:31:20  0  0      0 3042176      0 333764    0    0     0  4469  546  573  2  1 96  0  0
2026-07-23 01:31:25 procs -----------memory---------- ---swap-- -----io---- -system-- ------cpu-----
2026-07-23 01:31:25  r  b   swpd   free   buff  cache   si   so    bi    bo   in   cs us sy id wa st
2026-07-23 01:31:25  0  0      0 3039972      0 333856    0    0     0  4465  539  582  2  1 97  0  0
2026-07-23 01:31:30  0  0      0 3040028      0 333900    0    0     0  4445  517  539  2  1 97  0  0
2026-07-23 01:31:35  0  0      0 3036664      0 333964    0    0     0  2964  427  491  1  1 98  0  0
2026-07-23 01:31:40  0  0      0 3041516      0 334028    0    0     0  4519  545  620  2  1 97  0  0
2026-07-23 01:31:45  0  0      0 3041288      0 334092    0    0     0  4451  546  597  2  1 97  0  0
2026-07-23 01:31:50  0  0      0 3038476      0 334140    0    0     0  4483  550  621  2  1 97  0  0
2026-07-23 01:31:55  0  0      0 3038240      0 334204    0    0     0  3466  435  484  2  1 97  0  0
2026-07-23 01:32:00  0  0      0 3026284      0 342460    0    0     0  3970  493  509  2  1 97  0  0
2026-07-23 01:32:05  0  0      0 3030032      0 342528    0    0     0  3974  585  579  2  1 93  0  2
2026-07-23 01:32:10  0  0      0 3026180      0 342652    0    0     0  4522  543  603  2  1 97  0  0
2026-07-23 01:32:15  0  0      0 3026016      0 342692    0    0     0  4462  504  513  2  1 97  0  0
2026-07-23 01:32:20  0  0      0 3026052      0 342760    0    0     0  2977  425  494  2  1 98  0  0
2026-07-23 01:32:25  0  0      0 3031888      0 342824    0    0     0  4450  539  588  2  1 97  0  0
2026-07-23 01:32:30  0  0      0 3029192      0 342888    0    0     0  4450  550  580  2  1 97  0  0
2026-07-23 01:32:35  0  0      0 3025268      0 342952    0    0     0  4454  538  571  2  1 97  0  0
2026-07-23 01:32:40  1  0      0 3025188      0 342992    0    0     0  3538  439  466  2  1 97  0  0
2026-07-23 01:32:45  0  0      0 3028888      0 343060    0    0     0  3982  492  545  2  1 97  0  0
2026-07-23 01:32:50  0  0      0 3028804      0 343188    0    0     0  4468  563  589  2  1 96  0  0
2026-07-23 01:32:55  0  0      0 3028664      0 343252    0    0     0  4457  542  566  2  1 97  0  0
2026-07-23 01:33:00  0  0      0 3024824      0 343296    0    0     0  4457  504  501  2  1 97  0  0
2026-07-23 01:33:05  0  0      0 3024816      0 343364    0    0     0  3466  544  570  2  1 95  0  2
2026-07-23 01:33:10 procs -----------memory---------- ---swap-- -----io---- -system-- ------cpu-----
2026-07-23 01:33:10  r  b   swpd   free   buff  cache   si   so    bi    bo   in   cs us sy id wa st
2026-07-23 01:33:10  0  0      0 3024728      0 343428    0    0     0  4457  548  570  2  1 97  0  0
2026-07-23 01:33:15  0  0      0 3024620      0 343492    0    0     0  4533  538  560  2  1 97  0  0
2026-07-23 01:33:20  0  0      0 3024608      0 343556    0    0     0  4471  561  597  2  1 97  0  0
2026-07-23 01:33:25  1  1      0 3021968      0 343600    0    0     0  3970  461  497  2  1 97  0  0
2026-07-23 01:33:30  0  0      0 3024368      0 343700    0    0     0  3482  506  560  2  1 97  0  0
2026-07-23 01:33:35  0  0      0 3024248      0 343764    0    0     0  4473  564  609  2  1 96  0  0
2026-07-23 01:33:40  0  0      0 3024192      0 343832    0    0     0  4471  566  608  2  1 97  0  0
2026-07-23 01:33:45  0  0      0 3024088      0 343900    0    0     0  4466  520  530  2  1 97  1  0
2026-07-23 01:33:50  0  0      0 3023956      0 343964    0    0     0  3056  464  538  2  1 97  0  0
2026-07-23 01:33:55  0  0      0 3023808      0 344036    0    0     0  4473  567  648  2  1 97  0  0
2026-07-23 01:34:00  0  0      0 3023820      0 344076    0    0     0  3968  546  627  2  1 95  0  1
2026-07-23 01:34:05  0  0      0 3023584      0 344140    0    0     0  3968  623  622  2  1 92  0  4
2026-07-23 01:34:10  0  1      0 3016812      0 350896    0    0     0  3970  484  519  2  1 97  0  0
2026-07-23 01:34:15  0  0      0 3016708      0 350972    0    0     0  3482  491  555  2  1 97  0  0
2026-07-23 01:34:20  0  0      0 3016692      0 351016    0    0     0  4479  560  601  2  1 96  1  0
2026-07-23 01:34:25  0  0      0 3016608      0 351136    0    0     0  4551  556  603  2  1 97  0  0
2026-07-23 01:34:30  0  0      0 3016440      0 351220    0    0     0  4480  562  644  2  1 97  1  0
2026-07-23 01:34:35  0  0      0 3016324      0 351264    0    0     0  2983  414  464  1  1 98  0  0
2026-07-23 01:34:40  0  0      0 3016300      0 351328    0    0     0  4474  565  607  2  1 97  0  0
2026-07-23 01:34:45  0  0      0 3020056      0 351396    0    0     0  4475  559  614  2  1 96  0  0
2026-07-23 01:34:50  0  0      0 3019876      0 351456    0    0     0  4476  562  607  2  1 97  0  0
2026-07-23 01:34:55 procs -----------memory---------- ---swap-- -----io---- -system-- ------cpu-----
2026-07-23 01:34:55  r  b   swpd   free   buff  cache   si   so    bi    bo   in   cs us sy id wa st
2026-07-23 01:34:55  2  0      0 3013664      0 351500    0    0     0  3545  467  519  2  1 97  0  0
2026-07-23 01:35:00  0  0      0 3019916      0 351568    0    0     0  3994  505  560  2  1 96  0  0
2026-07-23 01:35:05  0  0      0 3016016      0 351628    0    0     0  2990  561  618  2  1 93  0  3
2026-07-23 01:35:10  0  0      0 3019624      0 351732    0    0     0  4485  564  620  2  1 97  0  0
2026-07-23 01:35:15  0  0      0 3019700      0 351800    0    0     0  4478  544  580  2  1 97  0  0
2026-07-23 01:35:20  0  0      0 3019516      0 351860    0    0     0  2992  461  529  1  1 98  0  0
2026-07-23 01:35:25  0  0      0 3015752      0 351924    0    0     0  4548  562  623  2  1 97  0  0
2026-07-23 01:35:30  0  0      0 3015552      0 351992    0    0     0  4478  570  648  2  1 97  0  0
2026-07-23 01:35:35  0  0      0 3014868      0 352032    0    0     0  4492  556  604  2  1 97  0  0
2026-07-23 01:35:40  1  0      0 3014756      0 352096    0    0     0  3981  484  526  2  1 97  0  0
2026-07-23 01:35:45  0  0      0 3029516      0 337268    0    0     0  3494  485  525  2  1 97  0  0
2026-07-23 01:35:50  0  0      0 3030936      0 337376    0    0     0  4492  564  611  2  1 97  0  0
2026-07-23 01:35:55  0  0      0 3031068      0 337424    0    0     0  4497  576  628  2  1 96  1  0
2026-07-23 01:36:00  0  0      0 3030892      0 337512    0    0     0  4573  577  619  2  1 96  0  0
2026-07-23 01:36:05  0  0      0 3030628      0 337612    0    0     8  2507  560  547  2  2 91  0  5
2026-07-23 01:36:10  0  0      0 3029460      0 337680    0    0     0  4486  552  601  2  1 97  1  0
2026-07-23 01:36:15  0  0      0 3029324      0 337724    0    0     0  4486  547  579  2  1 97  0  0
2026-07-23 01:36:20  0  0      0 3029168      0 337812    0    0     0  4486  563  623  2  1 97  0  0
2026-07-23 01:36:25  2  0      0 3029096      0 337860    0    0     0  3991  474  522  2  1 97  0  0
2026-07-23 01:36:30  0  0      0 3029036      0 337928    0    0     0  3492  480  522  2  1 97  0  0
2026-07-23 01:36:35  0  0      0 3028572      0 337996    0    0     0  4591  555  590  2  1 96  1  0
2026-07-23 01:36:40 procs -----------memory---------- ---swap-- -----io---- -system-- ------cpu-----
2026-07-23 01:36:40  r  b   swpd   free   buff  cache   si   so    bi    bo   in   cs us sy id wa st
2026-07-23 01:36:40  0  0      0 3028412      0 338060    0    0     0  4498  553  579  2  1 97  1  0
2026-07-23 01:36:45  0  0      0 3028320      0 338128    0    0     0  4498  521  536  2  1 97  0  0
2026-07-23 01:36:50  0  0      0 3028128      0 338240    0    0     0  2995  437  498  2  1 98  0  0
2026-07-23 01:36:55  0  0      0 3028112      0 338308    0    0     0  4535  553  603  2  1 97  0  0
2026-07-23 01:37:00  0  0      0 3028064      0 338376    0    0     0  3994  552  578  2  1 96  0  1
2026-07-23 01:37:05  0  0      0 3028020      0 338408    0    0     0  3563  571  587  2  1 94  0  2
2026-07-23 01:37:10  1  0      0 3026896      0 338456    0    0     0  4002  479  496  2  1 97  0  0
2026-07-23 01:37:15  0  0      0 3027700      0 338520    0    0     0  3494  461  551  2  1 97  0  0
2026-07-23 01:37:20  0  0      0 3027788      0 338588    0    0     0  4502  540  575  2  1 97  0  0
2026-07-23 01:37:25  0  0      0 3027620      0 338636    0    0     0  4517  549  599  2  1 96  0  0
2026-07-23 01:37:30  0  0      0 3027392      0 338764    0    0     0  4506  546  606  2  1 97  0  0
2026-07-23 01:37:35  0  0      0 3027308      0 338832    0    0     0  3002  401  441  2  1 98  0  0
2026-07-23 01:37:40  0  0      0 3027292      0 338900    0    0     0  4578  556  601  2  1 97  0  0
2026-07-23 01:37:45  0  0      0 3018320      0 347140    0    0     0  4509  523  533  2  1 96  1  0
2026-07-23 01:37:50  0  0      0 3018212      0 347228    0    0     0  4500  554  599  2  1 97  0  0
2026-07-23 01:37:55  1  0      0 3018064      0 347272    0    0     0  4008  466  546  2  1 97  0  0
2026-07-23 01:38:00  0  0      0 3018056      0 347340    0    0     0  3000  457  506  2  1 97  0  0
2026-07-23 01:38:05  0  0      0 3018428      0 347400    0    0     0  4006  569  592  2  1 94  0  2
2026-07-23 01:38:10  0  0      0 3017788      0 347452    0    0     0  4514  549  592  2  1 97  0  0
2026-07-23 01:38:15  0  0      0 3017772      0 347572    0    0     0  4590  544  592  2  1 96  0  0
2026-07-23 01:38:20  0  0      0 3017692      0 347636    0    0     0  3018  407  430  2  1 98  0  0
2026-07-23 01:38:25 procs -----------memory---------- ---swap-- -----io---- -system-- ------cpu-----
2026-07-23 01:38:25  r  b   swpd   free   buff  cache   si   so    bi    bo   in   cs us sy id wa st
2026-07-23 01:38:25  0  0      0 3017684      0 347684    0    0     0  4516  553  584  2  1 96  0  0
2026-07-23 01:38:30  0  0      0 3017480      0 347780    0    0     0  4507  545  570  2  1 97  0  0
2026-07-23 01:38:35  0  0      0 3017336      0 347852    0    0     0  4510  544  571  2  1 96  0  0
2026-07-23 01:38:40  2  0      0 3016260      0 347896    0    0     0  4008  492  506  2  1 97  0  0
2026-07-23 01:38:45  0  0      0 3017264      0 347960    0    0     0  3585  463  514  2  1 97  0  0
2026-07-23 01:38:50  0  0      0 3016952      0 348008    0    0     0  4521  545  567  2  1 97  0  0
2026-07-23 01:38:55  0  0      0 3016248      0 348104    0    0     0  4525  539  575  2  1 97  0  0
2026-07-23 01:39:00  0  0      0 3016176      0 348168    0    0     0  4520  542  570  2  1 96  0  0
2026-07-23 01:39:05  0  0      0 3016008      0 348240    0    0     0  2512  475  450  2  1 92  0  4
2026-07-23 01:39:10  0  0      0 3016196      0 348344    0    0     0  4517  538  592  2  1 96  0  0
2026-07-23 01:39:15  0  0      0 3016140      0 348412    0    0     0  4514  548  577  2  1 97  0  0
2026-07-23 01:39:20  0  0      0 3016076      0 348476    0    0     0  4593  520  521  2  1 97  0  0
2026-07-23 01:39:25  0  1      0 3015884      0 348524    0    0     0  4528  490  519  2  1 97  0  0
2026-07-23 01:39:30  0  0      0 3015932      0 348592    0    0     0  3010  453  504  2  1 97  0  0
2026-07-23 01:39:35  0  0      0 3015848      0 348660    0    0     0  4521  552  578  2  1 96  0  0
2026-07-23 01:39:40  0  0      0 3015620      0 348728    0    0     0  4527  539  561  2  1 96  0  0
2026-07-23 01:39:45  0  0      0 3008884      0 355468    0    0     0  4026  515  543  2  1 97  0  0
2026-07-23 01:39:50  0  0      0 3008964      0 355596    0    0     0  3088  410  459  2  1 97  0  0
2026-07-23 01:39:55  2  0      0 3008940      0 355640    0    0     0  4539  539  573  2  1 97  0  0
2026-07-23 01:40:00  0  0      0 3008840      0 355724    0    0     0  3522  515  585  2  1 96  0  1
2026-07-23 01:40:05  0  0      0 3008656      0 355800    0    0     0  4019  622  600  3  2 88  0  7
2026-07-23 01:40:10 procs -----------memory---------- ---swap-- -----io---- -system-- ------cpu-----
2026-07-23 01:40:10  r  b   swpd   free   buff  cache   si   so    bi    bo   in   cs us sy id wa st
2026-07-23 01:40:10  2  0      0 3008600      0 355844    0    0     0  4019  510  509  2  1 97  0  0
2026-07-23 01:40:15  0  0      0 3008600      0 355916    0    0     0  3517  472  547  2  1 97  0  0
2026-07-23 01:40:20  0  0      0 3008472      0 355980    0    0     0  4594  568  607  2  1 97  0  0
2026-07-23 01:40:25  0  0      0 3008324      0 356044    0    0     0  4038  529  578  2  1 97  0  0
2026-07-23 01:40:30  0  0      0 3008344      0 356088    0    0     0  4536  562  609  2  1 96  1  0
2026-07-23 01:40:35  0  0      0 3008180      0 356224    0    0     0  3032  420  478  2  1 98  0  0
2026-07-23 01:40:40  0  0      0 3008188      0 356288    0    0     0  4530  565  634  2  1 97  0  0
2026-07-23 01:40:45  0  0      0 3008116      0 356356    0    0     0  4534  563  612  2  1 96  0  0
2026-07-23 01:40:50  0  0      0 3007984      0 356404    0    0     0  4529  571  624  2  1 97  0  0
2026-07-23 01:40:55  2  0      0 3006748      0 356472    0    0     0  4031  515  545  2  1 97  0  0
2026-07-23 01:41:00  0  0      0 3007816      0 356540    0    0     0  3605  476  545  2  1 97  0  0
2026-07-23 01:41:05  0  0      0 3007680      0 356600    0    0     0  4035  724  669  3  2 90  0  4
2026-07-23 01:41:10  0  0      0 3039124      0 325376    0    0     0  4534  546  592  2  1 96  0  0
2026-07-23 01:41:15  0  0      0 3038828      0 325464    0    0     0  4542  575  618  2  1 97  1  0
2026-07-23 01:41:20  0  0      0 3038848      0 325548    0    0     0  3032  428  485  2  1 98  0  0
2026-07-23 01:41:25  0  0      0 3038840      0 325620    0    0     0  4558  571  635  2  1 96  1  0
2026-07-23 01:41:30  0  0      0 3039876      0 325708    0    0     0  4540  579  624  2  1 96  0  0
2026-07-23 01:41:35  0  0      0 3039844      0 325780    0    0     0  4626  561  609  2  1 96  1  0
2026-07-23 01:41:40  2  0      0 3038788      0 325824    0    0     0  4538  521  570  2  1 97  0  0
2026-07-23 01:41:45  0  0      0 3039800      0 325896    0    0     0  3528  466  546  2  1 97  0  0
2026-07-23 01:41:50  0  0      0 3039624      0 325960    0    0     0  4536  582  628  2  1 96  1  0
2026-07-23 01:41:55 procs -----------memory---------- ---swap-- -----io---- -system-- ------cpu-----
2026-07-23 01:41:55  r  b   swpd   free   buff  cache   si   so    bi    bo   in   cs us sy id wa st
2026-07-23 01:41:55  0  0      0 3039444      0 326004    0    0     0  4078  552  615  2  1 97  0  0
2026-07-23 01:42:00  0  0      0 3038764      0 326080    0    0     0  4548  538  586  2  1 97  0  0
2026-07-23 01:42:05  0  0      0 3038540      0 326152    0    0     0  2598  555  587  2  1 91  0  6
2026-07-23 01:42:10  0  0      0 3039176      0 326216    0    0     0  4559  576  652  2  1 97  0  0
2026-07-23 01:42:15  0  0      0 3038548      0 326340    0    0     0  4543  564  628  2  1 96  0  0
2026-07-23 01:42:20  0  0      0 3038400      0 326404    0    0     0  4543  571  643  2  1 97  0  0
2026-07-23 01:42:25  2  0      0 3037592      0 327164    0    0   150  4065  541  570  2  1 97  0  0
2026-07-23 01:42:30  0  0      0 3037532      0 327232    0    0     0  3534  482  546  2  1 97  0  0
2026-07-23 01:42:35  0  0      0 3037480      0 327296    0    0     0  4620  567  636  2  1 97  0  0
2026-07-23 01:42:40  0  0      0 3037364      0 327368    0    0     0  4559  575  623  2  1 97  1  0
2026-07-23 01:42:45  0  0      0 3037332      0 327412    0    0     0  4556  541  560  2  1 96  0  0
2026-07-23 01:42:50  0  0      0 3037308      0 327476    0    0     0  3038  466  537  2  1 97  0  0
2026-07-23 01:42:55  0  0      0 3037112      0 327612    0    0     0  4572  573  616  2  1 97  0  0
2026-07-23 01:43:00  0  0      0 3037020      0 327676    0    0     0  4045  552  591  2  1 96  0  0
2026-07-23 01:43:05  0  0      0 3036796      0 327744    0    0     6  3539  600  636  2  1 93  0  3
2026-07-23 01:43:10  0  1      0 3027496      0 335988    0    0     0  4627  440  421  2  1 97  0  0
2026-07-23 01:43:15  0  0      0 3028552      0 336056    0    0     0  3550  492  553  2  1 97  0  0
2026-07-23 01:43:20  0  0      0 3028412      0 336124    0    0     0  4550  552  615  2  1 96  0  0
2026-07-23 01:43:25  0  0      0 3028392      0 336172    0    0     0  4557  567  588  2  1 96  0  0
2026-07-23 01:43:30  0  0      0 3027572      0 336236    0    0     0  4560  516  532  2  1 97  0  0
2026-07-23 01:43:35  0  0      0 3027460      0 336352    0    0     0  3048  438  521  2  0 98  0  0
2026-07-23 01:43:40 procs -----------memory---------- ---swap-- -----io---- -system-- ------cpu-----
2026-07-23 01:43:40  r  b   swpd   free   buff  cache   si   so    bi    bo   in   cs us sy id wa st
2026-07-23 01:43:40  0  0      0 3027892      0 336420    0    0     0  4639  556  595  2  1 97  0  0
2026-07-23 01:43:45  0  0      0 3027748      0 336488    0    0     0  4573  541  577  2  1 97  0  0
2026-07-23 01:43:50  0  0      0 3027244      0 336552    0    0     0  4561  567  603  2  1 97  0  0
2026-07-23 01:43:55  1  0      0 3027256      0 336616    0    0     0  4570  499  504  2  1 97  0  0
2026-07-23 01:44:00  0  0      0 3027096      0 336684    0    0     0  3038  448  492  2  1 97  0  0
2026-07-23 01:44:05  1  0      0 3026968      0 336752    0    0     0  4558  622  637  3  1 94  0  2
2026-07-23 01:44:10  0  0      0 3026776      0 336816    0    0     0  4558  557  632  2  1 96  0  0
2026-07-23 01:44:15  0  0      0 3026752      0 336864    0    0     0  4652  552  628  2  1 96  0  0
2026-07-23 01:44:20  0  0      0 3026824      0 336952    0    0     0  3048  424  468  2  1 98  0  0
2026-07-23 01:44:25  0  0      0 3026712      0 337020    0    0     0  4580  578  621  2  1 97  0  0
2026-07-23 01:44:30  0  0      0 3026604      0 337132    0    0     0  4570  571  653  2  1 96  0  0
2026-07-23 01:44:35  0  0      0 3026508      0 337200    0    0     0  4565  566  637  2  1 97  0  0
2026-07-23 01:44:40  1  0      0 3026540      0 337244    0    0     0  4569  523  542  2  1 97  0  0
2026-07-23 01:44:45  1  0      0 3026432      0 337312    0    0     0  3043  468  544  2  1 97  0  0
2026-07-23 01:44:50  0  0      0 3026332      0 337380    0    0     0  4636  566  653  2  1 97  0  0
2026-07-23 01:44:55  0  0      0 3026380      0 337444    0    0     0  4579  572  639  2  1 96  0  0
2026-07-23 01:45:00  1  0      0 3026168      0 337492    0    0     0  4062  517  562  2  1 97  0  0
2026-07-23 01:45:05  1  0      0 3026012      0 337556    0    0     0  2542  502  559  2  1 95  0  2
2026-07-23 01:45:10  0  0      0 3019312      0 344316    0    0     0  4579  557  619  2  1 96  0  0
2026-07-23 01:45:15  0  0      0 3020416      0 344452    0    0     0  4583  581  649  2  1 96  0  0
2026-07-23 01:45:20  0  0      0 3020436      0 344496    0    0     0  5154  596  649  3  1 96  1  0
2026-07-23 01:45:25 procs -----------memory---------- ---swap-- -----io---- -system-- ------cpu-----
2026-07-23 01:45:25  r  b   swpd   free   buff  cache   si   so    bi    bo   in   cs us sy id wa st
2026-07-23 01:45:25  3  0      0 3019248      0 344564    0    0     0  4582  516  538  2  1 97  0  0
2026-07-23 01:45:30  0  0      0 3020612      0 344632    0    0     3  3048  474  567  2  1 97  0  0
2026-07-23 01:45:35  0  0      0 3018960      0 344700    0    0     0  4574  575  653  2  1 97  0  0
2026-07-23 01:45:40  0  0      0 3016156      0 344768    0    0     0  4574  567  628  2  1 97  0  0
2026-07-23 01:45:45  0  0      0 3016124      0 344812    0    0     0  4582  568  633  3  1 96  0  0
2026-07-23 01:45:50  0  0      0 3016008      0 344880    0    0     0  3058  427  472  2  1 98  0  0
2026-07-23 01:45:55  0  0      0 3015932      0 345008    0    0     0  4673  573  646  2  1 97  1  0
2026-07-23 01:46:00  0  0      0 3015904      0 345072    0    0     0  4084  564  590  2  1 95  0  1
2026-07-23 01:46:05  0  0      0 3015416      0 345120    0    0     0  4077  663  648  3  2 92  0  3
2026-07-23 01:46:10  0  0      0 3013364      0 345196    0    0     0  4582  522  550  2  1 97  1  0
2026-07-23 01:46:15  0  0      0 3015444      0 345260    0    0     0  3053  474  535  2  1 98  0  0
2026-07-23 01:46:20  0  0      0 3015344      0 345332    0    0     0  4579  559  632  3  1 97  0  0
2026-07-23 01:46:25  0  0      0 3015316      0 345376    0    0     0  4655  565  621  2  1 97  0  0
2026-07-23 01:46:30  0  0      0 3015228      0 345440    0    0     0  4084  551  597  2  1 97  0  0
2026-07-23 01:46:35  0  0      0 3030088      0 330620    0    0     0  3067  421  494  2  1 97  0  0
2026-07-23 01:46:40  0  0      0 3030044      0 330720    0    0     0  4593  571  616  2  1 96  0  0
2026-07-23 01:46:45  0  0      0 3030080      0 330788    0    0     0  4591  569  628  2  1 96  1  0
2026-07-23 01:46:50  0  0      0 3029916      0 330832    0    0     0  4590  569  635  2  1 96  0  0
2026-07-23 01:46:55  0  0      0 3028724      0 330936    0    0     0  4693  531  580  2  1 97  0  0
2026-07-23 01:47:00  0  0      0 3029744      0 331000    0    0     0  3057  463  533  2  0 97  0  1
2026-07-23 01:47:05  0  0      0 3030104      0 331064    0    0     0  4086  610  629  2  1 94  0  2
2026-07-23 01:47:10 procs -----------memory---------- ---swap-- -----io---- -system-- ------cpu-----
2026-07-23 01:47:10  r  b   swpd   free   buff  cache   si   so    bi    bo   in   cs us sy id wa st
2026-07-23 01:47:10  0  0      0 3030048      0 331132    0    0     0  4584  574  613  2  1 96  1  0
2026-07-23 01:47:15  0  0      0 3029992      0 331176    0    0     0  4586  585  670  2  1 97  0  0
2026-07-23 01:47:20  0  0      0 3029760      0 331252    0    0     0  3061  433  478  2  0 98  0  0
2026-07-23 01:47:25  0  0      0 3029772      0 331316    0    0     0  4613  568  628  2  1 96  0  0
2026-07-23 01:47:30  0  0      0 3029748      0 331388    0    0     0  4684  571  611  2  1 97  0  0
2026-07-23 01:47:35  0  0      0 3029644      0 331432    0    0     0  4614  567  627  2  1 97  1  0
2026-07-23 01:47:40  0  0      0 3028556      0 331500    0    0     0  4601  513  512  2  1 96  0  0
2026-07-23 01:47:45  0  0      0 3030396      0 331568    0    0     0  3067  446  519  2  1 98  0  0
2026-07-23 01:47:50  0  0      0 3030396      0 331636    0    0     0  4606  563  610  2  1 96  1  0
2026-07-23 01:47:55  0  0      0 3030288      0 331704    0    0     0  4601  550  575  2  1 96  1  0
2026-07-23 01:48:00  0  0      0 3030284      0 331748    0    0     0  4605  555  585  2  1 96  0  0
2026-07-23 01:48:05  0  0      0 3029312      0 331816    0    0     0  2628  466  467  2  2 91  0  5
2026-07-23 01:48:10  0  0      0 3029424      0 331884    0    0     0  4624  557  581  2  1 96  1  0
2026-07-23 01:48:15  0  0      0 3029540      0 331952    0    0     0  4614  553  572  2  1 96  1  0
2026-07-23 01:48:20  0  0      0 3029172      0 332020    0    0     0  4613  549  590  2  1 96  0  0
2026-07-23 01:48:25  0  0      0 3024948      0 332068    0    0     0  4612  509  531  2  1 97  0  0
2026-07-23 01:48:30  0  0      0 3027096      0 332136    0    0     0  3073  445  511  2  1 98  0  0
2026-07-23 01:48:35  0  0      0 3018748      0 340396    0    0     0  4610  547  580  2  1 97  0  0
2026-07-23 01:48:40  1  0      0 3018648      0 340464    0    0     0  4694  561  585  2  1 96  1  0
2026-07-23 01:48:45  0  0      0 3018604      0 340508    0    0     0  4106  531  567  2  1 97  0  0
2026-07-23 01:48:50  1  0      0 2984932      0 360072    0    0  4131  3072  587  694  3  1 95  2  0
2026-07-23 01:48:55 procs -----------memory---------- ---swap-- -----io---- -system-- ------cpu-----
2026-07-23 01:48:55  r  b   swpd   free   buff  cache   si   so    bi    bo   in   cs us sy id wa st
2026-07-23 01:48:55  0  0      0 2977488      0 378468    0    0  3798  4620  946 1050  6  2 88  3  0
2026-07-23 01:49:00  0  0      0 2979512      0 378536    0    0     0  4112  553  607  2  1 97  0  0
2026-07-23 01:49:05  0  0      0 2979584      0 378596    0    0     0  4109  630  638  2  1 93  0  2
2026-07-23 01:49:10  0  0      0 2977072      0 378648    0    0     0  4619  527  548  2  1 96  0  0
2026-07-23 01:49:15  0  0      0 2979232      0 378716    0    0     0  3162  456  524  2  1 97  0  0
2026-07-23 01:49:20  0  0      0 2979104      0 378784    0    0     0  4615  567  634  2  1 97  1  0
2026-07-23 01:49:25  0  0      0 2979284      0 378852    0    0     0  4651  571  616  2  1 96  0  0
2026-07-23 01:49:30  0  0      0 2980736      0 378900    0    0     0  4628  575  623  2  1 96  1  0
2026-07-23 01:49:35  0  0      0 2980676      0 378964    0    0     0  3081  427  470  2  1 98  0  0
2026-07-23 01:49:40  0  0      0 2980308      0 379036    0    0     0  4624  569  608  2  1 96  1  0
2026-07-23 01:49:45  0  0      0 2980452      0 379100    0    0     0  4701  576  630  2  1 96  1  0
2026-07-23 01:49:50  0  0      0 2978096      0 379172    0    0     0  4634  576  645  2  1 97  0  0
2026-07-23 01:49:55  0  0      0 2978100      0 379216    0    0     0  4622  525  549  2  1 96  1  0
2026-07-23 01:50:00  0  0      0 2980336      0 379280    0    0     0  3104  462  573  2  1 97  0  0
2026-07-23 01:50:05  0  0      0 2981236      0 379332    0    0     0  3595  564  503  3  2 90  0  6
2026-07-23 01:50:10  0  0      0 2976516      0 379384    0    0     0  4622  555  572  2  1 96  1  0
2026-07-23 01:50:15  0  0      0 2976212      0 379448    0    0     0  4696  554  604  2  1 96  0  0
2026-07-23 01:50:20  0  0      0 2976268      0 379520    0    0     0  3090  405  434  2  1 98  0  0
2026-07-23 01:50:25  0  0      0 2976028      0 379584    0    0     0  4632  550  577  2  1 97  0  0
2026-07-23 01:50:30  0  0      0 2976020      0 379656    0    0     0  4640  543  575  2  1 96  1  0
2026-07-23 01:50:35  0  0      0 2969320      0 386424    0    0     0  4642  530  542  2  1 96  1  0
2026-07-23 01:50:40 procs -----------memory---------- ---swap-- -----io---- -system-- ------cpu-----
2026-07-23 01:50:40  r  b   swpd   free   buff  cache   si   so    bi    bo   in   cs us sy id wa st
2026-07-23 01:50:40  0  0      0 2968048      0 386476    0    0     0  4631  511  519  2  1 96  0  0
2026-07-23 01:50:45  0  0      0 2969196      0 386540    0    0     0  3086  447  504  2  0 98  0  0
2026-07-23 01:50:50  0  0      0 2969068      0 386608    0    0     0  4704  535  565  2  1 96  0  0
2026-07-23 01:50:55  0  0      0 2969004      0 386676    0    0     0  4638  536  591  2  1 96  0  0
2026-07-23 01:51:00  0  0      0 2968920      0 386720    0    0     0  4631  562  595  2  1 96  1  0
2026-07-23 01:51:05  0  0      0 2968744      0 386796    0    0     0  2571  425  429  2  1 95  0  2
2026-07-23 01:51:10  0  0      0 2968704      0 386864    0    0     0  4630  540  573  2  1 96  0  0
2026-07-23 01:51:15  0  0      0 2968688      0 386912    0    0     0  4641  553  575  2  1 96  1  0
2026-07-23 01:51:20  0  0      0 2968528      0 386996    0    0     0  4717  587  597  3  1 95  1  0
2026-07-23 01:51:25  0  0      0 2967068      0 387064    0    0     0  4645  502  537  2  1 97  0  0
2026-07-23 01:51:30  0  0      0 2968524      0 387128    0    0     0  3096  427  500  2  1 97  0  0
2026-07-23 01:51:35  0  0      0 2968380      0 387204    0    0     0  5144  570  596  3  1 96  1  0
2026-07-23 01:51:40  0  0      0 2968436      0 387248    0    0     0  4634  547  562  2  1 96  0  0
2026-07-23 01:51:45  0  0      0 2968260      0 387312    0    0     0  4634  551  582  2  1 96  0  0
2026-07-23 01:51:50  0  0      0 2968204      0 387384    0    0     0  3086  410  441  2  0 98  0  0
2026-07-23 01:51:55  0  0      0 2968180      0 387448    0    0     0  4634  542  568  2  1 96  0  0
2026-07-23 01:52:00  0  0      0 2983044      0 372644    0    0     0  4272  539  580  2  1 95  0  1
2026-07-23 01:52:05  0  0      0 2983020      0 372684    0    0     0  4131  592  574  2  1 91  0  4
2026-07-23 01:52:10  0  0      0 2981228      0 372756    0    0     0  4651  488  499  2  1 97  1  0
2026-07-23 01:52:15  0  0      0 2982832      0 372816    0    0     0  2580  435  499  1  1 98  0  0
2026-07-23 01:52:20  0  0      0 2982788      0 372892    0    0     0  4637  560  611  2  1 96  0  0
2026-07-23 01:52:25 procs -----------memory---------- ---swap-- -----io---- -system-- ------cpu-----
2026-07-23 01:52:25  r  b   swpd   free   buff  cache   si   so    bi    bo   in   cs us sy id wa st
2026-07-23 01:52:25  0  0      0 2982708      0 372956    0    0     0  4637  549  567  2  1 96  1  0
2026-07-23 01:52:30  0  0      0 2982672      0 373004    0    0     0  4711  561  613  2  1 97  0  0
2026-07-23 01:52:35  0  0      0 2983436      0 373068    0    0     0  2587  383  417  1  1 98  0  0
2026-07-23 01:52:40  0  0      0 2983336      0 373136    0    0     0  4638  540  568  2  1 97  0  0
2026-07-23 01:52:45  0  0      0 2984320      0 373204    0    0     0  4646  560  591  2  1 96  0  0
2026-07-23 01:52:50  0  0      0 2984380      0 373252    0    0     0  4659  550  573  2  1 96  1  0
2026-07-23 01:52:55  0  0      0 2982956      0 373316    0    0     0  4656  505  550  2  1 97  1  0
2026-07-23 01:53:00  0  0      0 2984176      0 373388    0    0     0  3181  423  462  2  1 97  0  0
2026-07-23 01:53:05  0  0      0 2983916      0 373452    0    0     0  4141  606  591  3  1 92  0  4
2026-07-23 01:53:10  0  0      0 2984000      0 373500    0    0     0  4644  556  580  2  1 96  0  0
2026-07-23 01:53:15  0  0      0 2983992      0 373568    0    0     0  4644  553  604  2  1 97  0  0
2026-07-23 01:53:20  0  0      0 2983940      0 373636    0    0     0  3096  405  429  2  1 98  0  0
2026-07-23 01:53:25  0  0      0 2983816      0 373704    0    0     0  4644  557  593  2  1 96  1  0
2026-07-23 01:53:30  0  0      0 2983676      0 373772    0    0     0  4658  547  611  2  1 96  1  0
2026-07-23 01:53:35  0  0      0 2985152      0 373816    0    0     0  4752  548  594  2  1 96  0  0
2026-07-23 01:53:40  0  0      0 2983540      0 373888    0    0     0  4671  526  557  2  1 97  1  0
2026-07-23 01:53:45  0  0      0 2985040      0 373952    0    0     0  3110  447  496  2  1 97  0  0
2026-07-23 01:53:50  0  0      0 2984904      0 374020    0    0     0  4658  562  584  2  1 96  0  0
2026-07-23 01:53:55  0  0      0 2976600      0 382280    0    0     0  4651  522  545  2  1 96  1  0
2026-07-23 01:54:00  0  0      0 2976656      0 382348    0    0     0  4656  557  588  2  1 97  0  0
2026-07-23 01:54:05  0  0      0 2976440      0 382396    0    0     0  2584  498  495  2  2 92  0  4
2026-07-23 01:54:10 procs -----------memory---------- ---swap-- -----io---- -system-- ------cpu-----
2026-07-23 01:54:10  r  b   swpd   free   buff  cache   si   so    bi    bo   in   cs us sy id wa st
2026-07-23 01:54:10  0  0      0 2976492      0 382464    0    0     0  4738  551  599  2  1 96  1  0
2026-07-23 01:54:15  0  0      0 2976524      0 382532    0    0     0  4654  556  603  2  1 97  0  0
2026-07-23 01:54:20  0  0      0 2976412      0 382596    0    0     0  4154  530  558  2  1 97  0  0
2026-07-23 01:54:25  0  0      0 2975032      0 382640    0    0     0  4673  525  530  2  1 97  1  0
2026-07-23 01:54:30  0  0      0 2976320      0 382712    0    0     0  3112  445  522  2  1 97  0  0
2026-07-23 01:54:35  0  0      0 2976260      0 382776    0    0     0  4663  550  597  2  1 96  1  0
2026-07-23 01:54:40  0  0      0 2976068      0 382848    0    0     0  4730  550  567  2  1 97  0  0
2026-07-23 01:54:45  0  0      0 2976132      0 382892    0    0     0  4668  542  591  2  1 96  0  0
2026-07-23 01:54:50  0  0      0 2977060      0 382960    0    0     0  3106  414  443  2  1 98  0  0
2026-07-23 01:54:55  0  0      0 2974844      0 383028    0    0     0  4658  552  576  2  1 96  1  0
2026-07-23 01:55:00  0  0      0 2976940      0 383092    0    0     0  4146  542  568  2  1 96  0  1
2026-07-23 01:55:05  0  0      0 2974432      0 383136    0    0     0  4155  590  609  2  2 91  0  4
2026-07-23 01:55:10  0  0      0 2974368      0 383204    0    0     0  4678  524  512  2  1 97  0  0
2026-07-23 01:55:15  0  0      0 2977184      0 383272    0    0     0  3186  440  492  2  0 98  0  0
2026-07-23 01:55:20  0  0      0 2974868      0 383340    0    0     0  4682  565  586  2  1 96  1  0
2026-07-23 01:55:25  0  0      0 2977080      0 383412    0    0     0  4669  558  597  2  1 96  0  0
2026-07-23 01:55:30  0  0      0 2977080      0 383456    0    0     0  4669  548  569  2  1 96  1  0
2026-07-23 01:55:35  0  0      0 2976508      0 383520    0    0     0  3110  399  451  2  1 97  0  0
2026-07-23 01:55:40  0  0      0 2974028      0 383592    0    0     0  4674  559  588  2  1 96  0  0
2026-07-23 01:55:45  0  0      0 2974040      0 383656    0    0     0  4670  557  584  2  1 96  1  0
2026-07-23 01:55:50  0  0      0 2976264      0 383704    0    0     0  4767  558  586  2  1 96  0  0
2026-07-23 01:55:55 procs -----------memory---------- ---swap-- -----io---- -system-- ------cpu-----
2026-07-23 01:55:55  r  b   swpd   free   buff  cache   si   so    bi    bo   in   cs us sy id wa st
2026-07-23 01:55:55  0  0      0 2972480      0 383772    0    0     0  4678  507  534  2  1 96  1  0
2026-07-23 01:56:00  0  0      0 2967188      0 390540    0    0     0  3124  416  442  2  0 97  0  0
2026-07-23 01:56:05  0  0      0 2969332      0 390584    0    0     0  4156  634  649  2  2 90  0  5
2026-07-23 01:56:10  0  0      0 2967008      0 390672    0    0     0  4673  559  570  3  1 96  0  0
2026-07-23 01:56:15  0  0      0 2969136      0 390716    0    0     0  4673  553  586  2  1 96  0  0
2026-07-23 01:56:20  0  0      0 2966840      0 390788    0    0     0  3190  411  434  2  1 98  0  0
2026-07-23 01:56:25  0  0      0 2966760      0 390852    0    0     0  4682  555  589  2  1 96  1  0
2026-07-23 01:56:30  0  0      0 2966696      0 390920    0    0     0  4158  521  540  2  1 97  0  0
2026-07-23 01:56:35  0  0      0 2966588      0 390988    0    0     0  4680  548  591  2  1 97  0  0
2026-07-23 01:56:40  0  0      0 2964848      0 391032    0    0     0  4690  517  516  2  1 96  1  0
2026-07-23 01:56:45  0  0      0 2966512      0 391100    0    0     0  3124  444  528  2  1 97  0  0
2026-07-23 01:56:50  0  0      0 2966236      0 391148    0    0     0  4681  633  644  3  1 96  0  0
2026-07-23 01:56:55  0  0      0 2968720      0 391236    0    0     0  4770  547  574  2  1 96  0  0
2026-07-23 01:57:00  0  0      0 2966272      0 391284    0    0     0  4687  545  575  2  1 96  1  0
2026-07-23 01:57:05  0  0      0 2966120      0 391348    0    0     0  3120  492  494  2  1 94  0  2
2026-07-23 01:57:10  0  0      0 2966036      0 391420    0    0     0  4680  556  607  2  1 97  0  0
2026-07-23 01:57:15  0  0      0 2966032      0 391484    0    0     0  4680  553  558  2  1 96  1  0
2026-07-23 01:57:20  0  0      0 2965916      0 391532    0    0     0  4683  540  581  2  1 96  1  0
2026-07-23 01:57:25  0  0      0 2979312      0 376712    0    0     0  4766  522  546  2  1 96  0  0
2026-07-23 01:57:30  0  0      0 2980980      0 376780    0    0     0  3173  445  495  2  1 97  0  0
2026-07-23 01:57:35  0  0      0 2980872      0 376848    0    0     0  4698  576  593  2  1 96  1  0
2026-07-23 01:57:40 procs -----------memory---------- ---swap-- -----io---- -system-- ------cpu-----
2026-07-23 01:57:40  r  b   swpd   free   buff  cache   si   so    bi    bo   in   cs us sy id wa st
2026-07-23 01:57:40  0  0      0 2980788      0 376892    0    0     0  4687  555  582  2  1 96  1  0
2026-07-23 01:57:45  0  0      0 2980736      0 376960    0    0     0  4687  554  592  2  1 96  1  0
2026-07-23 01:57:50  0  0      0 2980664      0 377028    0    0     0  3125  415  439  2  1 98  0  0
2026-07-23 01:57:55  0  0      0 2980648      0 377100    0    0     0  4762  568  591  3  1 96  1  0
2026-07-23 01:58:00  0  0      0 2980604      0 377164    0    0     0  4194  545  574  2  1 96  0  0
2026-07-23 01:58:05  0  0      0 2982604      0 377224    0    0     0  4166  598  604  2  1 93  0  2
2026-07-23 01:58:10  0  0      0 2978812      0 377272    0    0     0  4698  526  526  2  1 96  1  0
2026-07-23 01:58:15  0  0      0 2980344      0 377340    0    0     0  3138  457  499  2  1 97  0  0
2026-07-23 01:58:20  0  0      0 2980256      0 377408    0    0     0  4701  556  575  2  1 96  1  0
2026-07-23 01:58:25  0  0      0 2982416      0 377480    0    0     0  4694  555  575  2  1 97  1  0
2026-07-23 01:58:30  0  0      0 2980116      0 377528    0    0     0  4785  553  592  2  1 96  0  0
2026-07-23 01:58:35  0  0      0 2981200      0 377592    0    0     0  3130  384  388  2  0 98  0  0
2026-07-23 01:58:40  0  0      0 2981100      0 377664    0    0     0  4698  555  584  2  1 96  1  0
2026-07-23 01:58:45  0  0      0 2981996      0 377728    0    0     0  4694  551  574  2  1 96  0  0
2026-07-23 01:58:50  1  0      0 2979864      0 377772    0    0     0  4694  551  574  2  1 96  0  0
2026-07-23 01:58:55  0  0      0 2978324      0 377844    0    0     0  4706  517  517  2  1 97  0  0
2026-07-23 01:59:00  0  0      0 2982020      0 377908    0    0     0  3144  449  501  2  0 97  0  0
2026-07-23 01:59:05  0  0      0 2979620      0 377980    0    0     0  4255  585  576  2  1 94  0  2
2026-07-23 01:59:10  1  0      0 2979584      0 378048    0    0     0  4717  564  574  2  1 96  0  0
2026-07-23 01:59:15  0  0      0 2979680      0 378088    0    0     0  4179  529  560  2  1 97  1  0
2026-07-23 01:59:20  0  0      0 2979572      0 378160    0    0     0  3134  414  441  2  1 97  0  0
2026-07-23 01:59:25 procs -----------memory---------- ---swap-- -----io---- -system-- ------cpu-----
2026-07-23 01:59:25  r  b   swpd   free   buff  cache   si   so    bi    bo   in   cs us sy id wa st
2026-07-23 01:59:25  0  0      0 2971212      0 386416    0    0     0  4702  548  553  2  1 97  0  0
2026-07-23 01:59:30  0  0      0 2971140      0 386488    0    0     0  4708  563  587  2  1 96  0  0
2026-07-23 01:59:35  0  0      0 2971024      0 386552    0    0     0  4782  559  577  2  1 96  1  0
2026-07-23 01:59:40  0  0      0 2969368      0 386600    0    0     0  4718  511  531  2  1 96  1  0
2026-07-23 01:59:45  0  0      0 2970912      0 386668    0    0     0  3144  443  495  2  1 97  0  0
2026-07-23 01:59:50  0  0      0 2970856      0 386736    0    0     0  4715  561  590  2  1 97  1  0
2026-07-23 01:59:55  0  0      0 2970772      0 386804    0    0     0  4713  546  563  2  1 96  1  0
2026-07-23 02:00:00  0  0      0 2970688      0 386848    0    0     0  4190  543  565  2  1 97  0  0
2026-07-23 02:00:05  0  0      0 2970476      0 386952    0    0     9  2093  484  458  2  2 88  0  8
2026-07-23 02:00:10  0  0      0 2971080      0 387016    0    0     0  4266  560  573  2  1 95  0  1
2026-07-23 02:00:15  0  0      0 2967808      0 387084    0    0     0  4718  575  575  2  1 96  0  0
2026-07-23 02:00:20  0  0      0 2967520      0 387144    0    0     0  4186  585  572  2  1 97  0  0
2026-07-23 02:00:25  0  0      0 2966516      0 387192    0    0     0  4709  548  514  2  1 96  1  0
2026-07-23 02:00:30  0  0      0 2970104      0 387260    0    0     0  3146  471  505  2  1 97  0  0
2026-07-23 02:00:35  0  0      0 2970080      0 387328    0    0     0  4730  585  601  3  1 96  1  0
2026-07-23 02:00:40  0  0      0 2970036      0 387396    0    0     0  4722  561  587  3  1 96  1  0
2026-07-23 02:00:45  0  0      0 2970460      0 387440    0    0     0  4814  565  593  2  1 96  1  0
2026-07-23 02:00:50  0  0      0 2970384      0 387508    0    0     0  3144  425  479  2  0 97  0  0
2026-07-23 02:00:55  0  0      0 2970188      0 387580    0    0     0  4721  572  586  2  1 96  0  0
2026-07-23 02:01:00  0  0      0 2970136      0 387644    0    0     0  4192  548  565  2  1 96  0  1
2026-07-23 02:01:05  0  0      0 2969004      0 387940    0    0    58  4193  712  680  3  2 88  1  6
2026-07-23 02:01:10 procs -----------memory---------- ---swap-- -----io---- -system-- ------cpu-----
2026-07-23 02:01:10  r  b   swpd   free   buff  cache   si   so    bi    bo   in   cs us sy id wa st
2026-07-23 02:01:10  0  0      0 2969920      0 387984    0    0     0  4192  512  515  2  1 97  0  0
2026-07-23 02:01:15  0  0      0 2969284      0 388052    0    0     0  3219  462  498  2  1 97  0  0
2026-07-23 02:01:20  0  0      0 2969148      0 388116    0    0     0  4738  582  584  2  1 96  1  0
2026-07-23 02:01:25  0  0      0 2962436      0 394888    0    0     0  4730  548  524  3  1 96  1  0
2026-07-23 02:01:30  0  0      0 2962356      0 394932    0    0     0  4725  565  567  2  1 96  1  0
2026-07-23 02:01:35  0  0      0 2962216      0 395000    0    0     0  3167  412  427  2  1 97  0  0
2026-07-23 02:01:40  0  0      0 2962184      0 395068    0    0     0  4723  564  568  2  1 96  1  0
2026-07-23 02:01:45  0  0      0 2964280      0 395136    0    0     0  4723  573  607  2  1 96  0  0
2026-07-23 02:01:50  0  0      0 2964196      0 395180    0    0     0  4811  561  572  2  1 96  0  0
2026-07-23 02:01:55  0  0      0 2962540      0 395248    0    0     0  4724  508  506  2  1 97  0  0
2026-07-23 02:02:00  0  0      0 2964120      0 395316    0    0     0  3149  450  506  2  1 97  0  0
2026-07-23 02:02:05  0  0      0 2961664      0 395376    0    0     0  4214  672  625  3  2 91  0  4
2026-07-23 02:02:10  0  0      0 2961744      0 395468    0    0     0  4741  580  589  2  1 97  1  0
2026-07-23 02:02:15  0  0      0 2961724      0 395512    0    0     0  4736  563  586  2  1 96  1  0
2026-07-23 02:02:20  0  0      0 2961632      0 395584    0    0     0  3158  409  435  2  1 97  0  0
2026-07-23 02:02:25  0  0      0 2961592      0 395648    0    0     0  4802  585  595  2  1 97  1  0
2026-07-23 02:02:30  0  0      0 2961448      0 395720    0    0     0  4739  556  608  2  1 96  1  0
2026-07-23 02:02:35  0  0      0 2961408      0 395784    0    0     0  4780  564  606  2  1 96  0  0
2026-07-23 02:02:40  0  0      0 2959692      0 395832    0    0     0  4736  512  516  2  1 96  0  0
2026-07-23 02:02:45  0  0      0 2961296      0 395900    0    0     0  3154  450  496  2  0 98  0  0
2026-07-23 02:02:50  0  0      0 2976252      0 381076    0    0     0  4741  563  590  2  1 96  0  0
2026-07-23 02:02:55 procs -----------memory---------- ---swap-- -----io---- -system-- ------cpu-----
2026-07-23 02:02:55  r  b   swpd   free   buff  cache   si   so    bi    bo   in   cs us sy id wa st
2026-07-23 02:02:55  0  0      0 2976108      0 381164    0    0     0  4818  550  613  3  1 96  1  0
2026-07-23 02:03:00  0  0      0 2976120      0 381212    0    0     0  4752  551  574  3  1 96  0  0
2026-07-23 02:03:05  0  0      0 2975924      0 381276    0    0     0  3160  465  479  2  1 96  0  1
2026-07-23 02:03:10  0  0      0 2975912      0 381320    0    0     0  4738  577  600  2  1 96  1  0
2026-07-23 02:03:15  0  0      0 2975848      0 381412    0    0     0  4738  571  586  2  1 96  0  0
2026-07-23 02:03:20  0  0      0 2975800      0 381476    0    0     0  4738  579  583  2  1 96  1  0
2026-07-23 02:03:25  0  0      0 2974044      0 381528    0    0     0  4738  529  535  2  1 96  0  0
2026-07-23 02:03:30  0  0      0 2975660      0 381592    0    0     0  3251  462  509  2  1 97  0  0
2026-07-23 02:03:35  0  0      0 2975604      0 381664    0    0     0  4759  543  563  3  1 96  1  0
2026-07-23 02:03:40  0  0      0 2975468      0 381708    0    0     0  4753  554  591  2  1 96  1  0
2026-07-23 02:03:45  0  0      0 2975408      0 381800    0    0     0  4750  555  572  2  1 97  0  0
2026-07-23 02:03:50  0  0      0 2975308      0 381844    0    0     0  3168  404  425  2  1 98  0  0
2026-07-23 02:03:55  0  0      0 2975252      0 381912    0    0     0  4749  559  600  2  1 96  0  0
2026-07-23 02:04:00  0  0      0 2975252      0 381976    0    0     0  4289  548  571  2  1 96  0  0
2026-07-23 02:04:05  0  0      0 2975180      0 382028    0    0     0  4768  712  681  3  2 91  0  4
2026-07-23 02:04:10  0  0      0 2974860      0 382092    0    0     0  4745  514  513  2  1 96  0  0
2026-07-23 02:04:16  0  0      0 2976192      0 382164    0    0     0  3163  451  492  2  1 97  0  0
2026-07-23 02:04:21  0  0      0 2976060      0 382228    0    0     0  4750  563  593  2  1 97  0  0
2026-07-23 02:04:26  0  0      0 2976032      0 382300    0    0     0  4758  558  570  2  1 96  1  0
2026-07-23 02:04:31  0  0      0 2976044      0 382344    0    0     0  4834  565  578  3  1 96  1  0
2026-07-23 02:04:36  0  0      0 2975916      0 382412    0    0     0  3192  411  442  2  1 98  0  0
2026-07-23 02:04:41 procs -----------memory---------- ---swap-- -----io---- -system-- ------cpu-----
2026-07-23 02:04:41  r  b   swpd   free   buff  cache   si   so    bi    bo   in   cs us sy id wa st
2026-07-23 02:04:41  0  0      0 2975808      0 382484    0    0     0  4752  555  588  2  1 96  0  0
2026-07-23 02:04:46  0  0      0 2967612      0 390728    0    0     0  4757  539  563  2  1 96  1  0
2026-07-23 02:04:51  0  0      0 2967872      0 390816    0    0     0  5280  573  589  3  1 96  0  0
2026-07-23 02:04:56  0  0      0 2966684      0 390864    0    0     0  4752  514  510  2  1 97  0  0
2026-07-23 02:05:01  0  0      0 2967316      0 390928    0    0     0  3168  451  497  2  1 97  0  0
2026-07-23 02:05:06  0  0      0 2967156      0 390992    0    0     0  4314  611  571  3  2 91  0  4
2026-07-23 02:05:11  0  0      0 2966708      0 391060    0    0     0  4776  604  574  3  1 96  1  0
2026-07-23 02:05:16  0  0      0 2967128      0 391128    0    0     0  4766  569  602  3  1 96  0  0
2026-07-23 02:05:21  0  0      0 2967076      0 391172    0    0     0  3173  421  454  2  1 97  0  0
2026-07-23 02:05:26  0  0      0 2966932      0 391240    0    0     0  4759  562  600  2  1 96  1  0
2026-07-23 02:05:31  0  0      0 2966840      0 391308    0    0     0  4759  550  560  3  1 96  0  0
2026-07-23 02:05:36  0  0      0 2966876      0 391352    0    0     0  4316  536  571  2  1 97  0  0
2026-07-23 02:05:41  0  0      0 2966004      0 391420    0    0     0  4768  511  526  2  1 96  1  0
2026-07-23 02:05:46  0  0      0 2966732      0 391488    0    0     0  3173  450  496  2  1 97  0  0
2026-07-23 02:05:51  0  0      0 2966628      0 391532    0    0     0  4766  533  541  2  1 96  1  0
2026-07-23 02:05:56  0  0      0 2966568      0 391624    0    0     0  4773  546  595  3  1 96  0  0
2026-07-23 02:06:01  0  0      0 2966424      0 391668    0    0     0  4772  535  550  2  1 96  0  0
2026-07-23 02:06:06  0  0      0 2966400      0 391732    0    0     0  2663  509  489  2  1 91  0  6
2026-07-23 02:06:11  0  0      0 2966300      0 391800    0    0     0  4239  533  561  2  1 97  0  0
2026-07-23 02:06:16  0  0      0 2966236      0 391868    0    0     0  4845  559  576  2  1 96  1  0
2026-07-23 02:06:21  0  0      0 2966220      0 391936    0    0     0  4775  553  566  3  1 96  0  0
2026-07-23 02:06:26 procs -----------memory---------- ---swap-- -----io---- -system-- ------cpu-----
2026-07-23 02:06:26  r  b   swpd   free   buff  cache   si   so    bi    bo   in   cs us sy id wa st
2026-07-23 02:06:26  0  0      0 2965212      0 391980    0    0     0  4766  512  504  2  1 96  1  0
2026-07-23 02:06:31  0  0      0 2966100      0 392048    0    0     0  3178  447  512  2  1 97  0  0
2026-07-23 02:06:36  0  0      0 2966512      0 392116    0    0     0  4772  557  575  3  1 96  0  0
2026-07-23 02:06:41  0  0      0 2966432      0 392164    0    0     0  4780  562  584  3  1 96  0  0
2026-07-23 02:06:46  0  0      0 2965856      0 392228    0    0     0  4856  551  575  2  1 96  1  0
2026-07-23 02:06:51  0  0      0 2959120      0 398996    0    0     0  3195  380  388  2  1 97  0  0
2026-07-23 02:06:56  0  0      0 2959036      0 399060    0    0     0  4774  552  587  3  1 96  1  0
2026-07-23 02:07:01  0  0      0 2959036      0 399128    0    0     0  4243  555  560  2  1 96  0  0
2026-07-23 02:07:06  0  0      0 2958868      0 399184    0    0     0  4246  656  613  3  2 91  0  3
2026-07-23 02:07:11  0  0      0 2957588      0 399228    0    0     0  4774  513  524  2  1 96  0  0
2026-07-23 02:07:16  0  0      0 2958704      0 399296    0    0     0  3182  434  503  2  0 98  0  0
2026-07-23 02:07:21  0  0      0 2958604      0 399364    0    0     0  4860  561  586  2  1 96  0  0
2026-07-23 02:07:26  0  0      0 2958512      0 399412    0    0     0  4786  549  588  2  1 96  1  0
2026-07-23 02:07:31  0  0      0 2958508      0 399480    0    0     0  4787  549  560  3  1 96  0  0
2026-07-23 02:07:36  0  0      0 2958440      0 399548    0    0     0  3235  420  470  2  1 98  0  0
2026-07-23 02:07:41  0  0      0 2958356      0 399596    0    0     0  4790  543  575  2  1 96  0  0
2026-07-23 02:07:46  0  0      0 2958280      0 399684    0    0     0  4782  546  588  2  1 96  0  0
2026-07-23 02:07:51  0  0      0 2958172      0 399756    0    0     0  4856  558  595  3  1 96  0  0
2026-07-23 02:07:56  0  0      0 2957428      0 399800    0    0     0  4790  508  508  2  1 96  1  0
2026-07-23 02:08:01  0  0      0 2958000      0 399868    0    0     0  3187  446  491  2  1 97  0  0
2026-07-23 02:08:06  0  0      0 2957980      0 399928    0    0     0  4263  650  646  3  2 91  0  4
2026-07-23 02:08:11 procs -----------memory---------- ---swap-- -----io---- -system-- ------cpu-----
2026-07-23 02:08:11  r  b   swpd   free   buff  cache   si   so    bi    bo   in   cs us sy id wa st
2026-07-23 02:08:11  0  0      0 2957868      0 399980    0    0     0  4786  578  587  2  1 96  1  0
2026-07-23 02:08:16  0  0      0 2972760      0 385184    0    0     0  4794  573  576  2  1 96  1  0
2026-07-23 02:08:21  0  0      0 2972772      0 385236    0    0     0  3197  415  442  2  1 97  0  0
2026-07-23 02:08:26  0  0      0 2972672      0 385300    0    0     0  4882  556  600  2  1 96  0  0
2026-07-23 02:08:31  0  0      0 2972580      0 385372    0    0     0  4787  555  564  3  1 96  1  0
2026-07-23 02:08:36  0  0      0 2972552      0 385436    0    0     0  4812  560  578  2  1 96  0  0
2026-07-23 02:08:41  0  0      0 2971760      0 385488    0    0     0  4793  526  515  2  1 96  0  0
2026-07-23 02:08:46  0  0      0 2972460      0 385552    0    0     0  3193  432  489  2  1 97  0  0
2026-07-23 02:08:51  0  0      0 2972336      0 385620    0    0     0  4788  544  569  2  1 96  0  0
2026-07-23 02:08:56  0  0      0 2972084      0 385688    0    0     0  4862  551  597  2  1 96  1  0
2026-07-23 02:09:01  0  0      0 2972204      0 385756    0    0     0  4810  552  568  2  1 96  1  0
2026-07-23 02:09:06  0  0      0 2971964      0 385804    0    0     0  2669  452  477  2  1 96  0  2
2026-07-23 02:09:11  0  0      0 2972044      0 385872    0    0     0  4800  556  618  2  1 96  1  0
2026-07-23 02:09:16  0  0      0 2971908      0 385940    0    0     0  4799  559  580  2  1 96  0  0
2026-07-23 02:09:21  0  0      0 2971912      0 385984    0    0     0  4788  553  593  3  1 96  0  0
2026-07-23 02:09:26  0  0      0 2971468      0 386056    0    0     0  4794  518  517  2  1 97  0  0
2026-07-23 02:09:31  0  0      0 2971712      0 386120    0    0     0  3271  444  493  2  1 97  0  0
2026-07-23 02:09:36  0  0      0 2971676      0 386192    0    0     0  4819  558  595  2  1 96  1  0
2026-07-23 02:09:41  0  0      0 2970936      0 386236    0    0     0  4800  555  617  3  1 96  0  0
2026-07-23 02:09:46  0  0      0 2970944      0 386304    0    0     0  4806  522  514  2  1 96  1  0
2026-07-23 02:09:51  1  0      0 2970852      0 386372    0    0     0  3206  409  430  2  1 97  0  0
2026-07-23 02:09:56 procs -----------memory---------- ---swap-- -----io---- -system-- ------cpu-----
2026-07-23 02:09:56  r  b   swpd   free   buff  cache   si   so    bi    bo   in   cs us sy id wa st
2026-07-23 02:09:56  0  0      0 2970716      0 386440    0    0     0  4806  553  572  2  1 96  0  0
2026-07-23 02:10:01  0  0      0 2970600      0 386500    0    0     0  3734  508  531  2  1 95  0  1
2026-07-23 02:10:06  0  0      0 2970312      0 386552    0    0     0  4346  644  630  3  2 89  0  6
2026-07-23 02:10:11  0  0      0 2958632      0 394720    0    0     0  4804  543  558  2  1 96  0  0
2026-07-23 02:10:16  0  0      0 2960884      0 394876    0    0     0  3197  480  507  2  1 97  0  0
2026-07-23 02:10:21  0  0      0 2961892      0 394948    0    0     0  4795  595  570  3  1 96  0  0
2026-07-23 02:10:26  0  0      0 2962212      0 395016    0    0     0  4795  577  595  2  1 96  0  0
2026-07-23 02:10:31  0  0      0 2962100      0 395056    0    0     0  4272  536  561  2  1 97  0  0
2026-07-23 02:10:36  0  0      0 2961188      0 395132    0    0     0  3304  407  447  2  1 98  0  0
2026-07-23 02:10:41  0  0      0 2961724      0 395196    0    0     0  4826  546  577  2  1 96  0  0
2026-07-23 02:10:46  0  0      0 2961552      0 395260    0    0     0  4279  526  555  2  1 97  0  0
2026-07-23 02:10:51  0  0      0 2961072      0 395308    0    0     0  4818  563  598  3  1 96  1  0
2026-07-23 02:10:56  0  0      0 2960504      0 395376    0    0     0  4802  515  516  2  1 96  0  0
2026-07-23 02:11:01  0  0      0 2960888      0 395440    0    0     0  3202  434  489  2  0 97  0  1
2026-07-23 02:11:06  0  0      0 2960576      0 395484    0    0     0  3749  575  599  2  1 92  0  4
2026-07-23 02:11:11  0  0      0 2960740      0 395552    0    0     0  4889  531  541  2  1 96  0  0
2026-07-23 02:11:16  0  0      0 2960544      0 395624    0    0     0  5341  578  587  3  1 96  1  0
2026-07-23 02:11:21  0  0      0 2960572      0 395688    0    0     0  3219  411  454  2  1 97  0  0
2026-07-23 02:11:26  0  0      0 2960480      0 395756    0    0     0  4822  570  584  2  1 96  1  0
2026-07-23 02:11:31  0  0      0 2960448      0 395824    0    0     0  4822  557  572  3  1 96  1  0
2026-07-23 02:11:36  0  0      0 2960412      0 395892    0    0     0  4823  555  599  2  1 96  1  0
2026-07-23 02:11:41 procs -----------memory---------- ---swap-- -----io---- -system-- ------cpu-----
2026-07-23 02:11:41  r  b   swpd   free   buff  cache   si   so    bi    bo   in   cs us sy id wa st
2026-07-23 02:11:41  0  0      0 2959528      0 395940    0    0     0  4881  519  557  2  1 96  0  0
2026-07-23 02:11:46  0  0      0 2960264      0 396008    0    0     0  3216  431  482  2  1 98  0  0
2026-07-23 02:11:51  0  0      0 2960164      0 396072    0    0     0  4810  555  571  3  1 96  0  0
2026-07-23 02:11:56  0  0      0 2960024      0 396144    0    0     0  4810  551  562  2  1 96  1  0
2026-07-23 02:12:01  0  0      0 2959964      0 396208    0    0     0  4810  551  566  3  1 96  0  0
2026-07-23 02:12:06  0  0      0 2959752      0 396252    0    0     0  2687  434  412  2  1 93  0  4
2026-07-23 02:12:11  0  0      0 2960180      0 396320    0    0     0  4906  567  584  3  1 96  0  0
2026-07-23 02:12:16  0  0      0 2953412      0 403084    0    0     0  4834  550  562  3  1 96  1  0
2026-07-23 02:12:21  0  0      0 2953156      0 403152    0    0     0  4817  608  596  3  1 95  0  0
2026-07-23 02:12:26  0  0      0 2952696      0 403200    0    0     0  4821  529  511  3  1 96  0  0
2026-07-23 02:12:31  0  0      0 2953040      0 403264    0    0     0  3211  442  511  2  1 97  0  0
2026-07-23 02:12:36  0  0      0 2953028      0 403308    0    0     0  4825  553  598  2  1 96  1  0
2026-07-23 02:12:41  0  0      0 2952908      0 403400    0    0     0  4867  566  608  2  1 96  0  0
2026-07-23 02:12:46  0  0      0 2952804      0 403444    0    0     0  4901  547  589  3  1 96  0  0
2026-07-23 02:12:51  0  0      0 2952644      0 403516    0    0     0  3223  408  438  2  1 97  0  0
2026-07-23 02:12:56  0  0      0 2952692      0 403580    0    0     0  4846  530  540  2  1 96  1  0
2026-07-23 02:13:01  0  0      0 2952608      0 403628    0    0     0  3763  506  529  2  1 97  0  1
2026-07-23 02:13:06  0  0      0 2952536      0 403712    0    0     0  3762  570  588  2  1 95  0  1
2026-07-23 02:13:11  0  0      0 2952000      0 403756    0    0     0  4835  521  519  2  1 96  1  0
2026-07-23 02:13:16  0  0      0 2952392      0 403820    0    0     0  3216  447  516  2  0 97  0  0
2026-07-23 02:13:21  0  0      0 2952264      0 403892    0    0     0  4824  555  573  2  1 96  0  0
2026-07-23 02:13:26 procs -----------memory---------- ---swap-- -----io---- -system-- ------cpu-----
2026-07-23 02:13:26  r  b   swpd   free   buff  cache   si   so    bi    bo   in   cs us sy id wa st
2026-07-23 02:13:26  0  0      0 2952192      0 403956    0    0     0  4909  554  574  2  1 96  0  0
2026-07-23 02:13:31  0  0      0 2952164      0 404028    0    0     0  4824  559  599  2  1 96  0  0
2026-07-23 02:13:36  0  0      0 2952136      0 404072    0    0     0  3218  407  454  2  0 98  0  0
2026-07-23 02:13:41  0  0      0 2967028      0 389264    0    0     0  4862  544  574  3  1 96  0  0
2026-07-23 02:13:46  0  0      0 2966900      0 389332    0    0     0  4844  564  581  2  1 96  0  0
2026-07-23 02:13:51  0  0      0 2966848      0 389380    0    0     0  4840  566  616  2  1 96  1  0
2026-07-23 02:13:56  0  0      0 2965504      0 389444    0    0     0  4906  514  539  2  1 97  0  0
2026-07-23 02:14:01  0  0      0 2967684      0 389516    0    0     0  3230  443  500  2  1 97  0  0
2026-07-23 02:14:06  1  0      0 2965288      0 389576    0    0     0  4294  611  612  3  2 90  0  5
2026-07-23 02:14:11  0  0      0 2967504      0 389624    0    0     0  4841  560  583  2  1 96  0  0
2026-07-23 02:14:16  0  0      0 2965168      0 389712    0    0     0  4831  557  595  2  1 96  0  0
2026-07-23 02:14:21  2  0      0 2965204      0 389760    0    0     0  3221  428  470  2  0 98  0  0
2026-07-23 02:14:26  1  0      0 2965168      0 389828    0    0     0  4922  548  571  2  1 96  1  0
2026-07-23 02:14:31  0  0      0 2965044      0 389896    0    0     0  4858  566  583  3  1 96  0  0
2026-07-23 02:14:36  0  0      0 2965088      0 389940    0    0     0  4849  564  591  2  1 96  1  0
2026-07-23 02:14:41  0  0      0 2964844      0 390008    0    0     0  4853  528  561  2  1 97  0  0
2026-07-23 02:14:46  1  0      0 2964888      0 390076    0    0     0  3226  437  486  2  1 97  0  0
2026-07-23 02:14:51  0  0      0 2964824      0 390148    0    0     0  4838  551  589  2  1 96  0  0
2026-07-23 02:14:56  0  0      0 2964788      0 390212    0    0     0  4838  566  619  2  1 97  0  0
2026-07-23 02:15:01  0  0      0 2964656      0 390260    0    0     0  4389  559  569  2  1 96  0  0
2026-07-23 02:15:06  2  0      0 2964396      0 390320    0    0     0  2688  496  514  2  1 93  0  3
2026-07-23 02:15:11 procs -----------memory---------- ---swap-- -----io---- -system-- ------cpu-----
2026-07-23 02:15:11  r  b   swpd   free   buff  cache   si   so    bi    bo   in   cs us sy id wa st
2026-07-23 02:15:11  1  0      0 2964516      0 390388    0    0     0  4856  550  559  2  1 96  0  0
2026-07-23 02:15:16  0  0      0 2964516      0 390456    0    0     0  4858  568  581  2  1 96  0  0
2026-07-23 02:15:21  0  0      0 2964380      0 390504    0    0     0  4852  568  573  2  1 96  0  0
2026-07-23 02:15:26  0  0      0 2963148      0 390568    0    0     0  4848  530  511  2  1 96  1  0
2026-07-23 02:15:31  0  0      0 2964232      0 390640    0    0     0  3305  449  487  2  1 97  0  0
2026-07-23 02:15:36  0  0      0 2957048      0 398896    0    0     0  4858  550  537  2  1 96  1  0
2026-07-23 02:15:41  0  0      0 2956912      0 398948    0    0     0  4852  570  576  2  1 96  0  0
2026-07-23 02:15:46  0  0      0 2957968      0 399028    0    0     0  4307  529  575  2  1 97  0  0
2026-07-23 02:15:51  1  0      0 2955752      0 399076    0    0     0  3234  420  449  2  0 98  0  0
2026-07-23 02:15:56  0  0      0 2955604      0 399144    0    0     0  4849  553  596  2  1 96  0  0
2026-07-23 02:16:01  0  0      0 2955552      0 399204    0    0     0  3780  528  549  2  1 96  0  1
2026-07-23 02:16:06  0  0      0 2955552      0 399252    0    0     0  4402  626  581  3  1 92  0  4
2026-07-23 02:16:11  0  0      0 2954060      0 399320    0    0     0  4862  526  517  2  1 96  1  0
2026-07-23 02:16:16  0  0      0 2955384      0 399384    0    0     0  2700  436  490  2  1 98  0  0
2026-07-23 02:16:21  0  0      0 2955692      0 399452    0    0     0  4853  550  567  2  1 96  1  0
2026-07-23 02:16:26  0  0      0 2955668      0 399500    0    0     0  4853  566  580  3  1 96  0  0
2026-07-23 02:16:31  0  0      0 2955136      0 399568    0    0     0  4853  558  604  2  1 96  0  0
2026-07-23 02:16:36  0  0      0 2955096      0 399632    0    0     0  3239  426  456  2  0 98  0  0
2026-07-23 02:16:41  0  0      0 2955124      0 399696    0    0     0  4402  524  558  2  1 97  0  0
2026-07-23 02:16:46  0  0      0 2954892      0 399764    0    0     0  4870  560  587  3  1 96  0  0
2026-07-23 02:16:51  0  0      0 2954848      0 399836    0    0     0  4866  565  589  2  1 96  0  0
2026-07-23 02:16:56 procs -----------memory---------- ---swap-- -----io---- -system-- ------cpu-----
2026-07-23 02:16:56  r  b   swpd   free   buff  cache   si   so    bi    bo   in   cs us sy id wa st
2026-07-23 02:16:56  0  0      0 2954844      0 399884    0    0     0  4866  538  542  2  1 97  0  0
2026-07-23 02:17:01  0  0      0 2954712      0 399952    0    0     0  3240  458  532  2  0 97  0  0
2026-07-23 02:17:06  0  0      0 2954508      0 400016    0    0     0  4320  598  582  3  1 94  0  2
2026-07-23 02:17:11  0  0      0 2954652      0 400060    0    0     0  4936  568  586  3  1 96  1  0
2026-07-23 02:17:16  0  0      0 2954652      0 400128    0    0     0  4869  557  614  2  1 96  0  0
2026-07-23 02:17:21  1  0      0 2954520      0 400196    0    0     0  3781  424  441  2  1 97  0  0
2026-07-23 02:17:26  0  0      0 2954304      0 400264    0    0     0  4320  537  562  2  1 96  0  0
2026-07-23 02:17:31  0  0      0 2954196      0 400312    0    0     0  4866  555  566  2  1 96  0  0
2026-07-23 02:17:36  0  0      0 2954216      0 400376    0    0     0  4875  562  584  3  1 96  1  0
2026-07-23 02:17:41  0  0      0 2947360      0 407160    0    0     0  4880  505  498  2  1 96  0  0
2026-07-23 02:17:46  0  0      0 2947324      0 407224    0    0     0  3329  436  505  2  0 97  0  0
2026-07-23 02:17:51  0  0      0 2947636      0 407304    0    0     0  4886  643  650  3  1 95  1  0
2026-07-23 02:17:56  0  0      0 2947784      0 407352    0    0     0  4867  553  573  2  1 96  0  0
2026-07-23 02:18:01  0  0      0 2947300      0 407440    0    0     0  4867  545  593  3  1 96  0  0
2026-07-23 02:18:06  1  0      0 2946968      0 407484    0    0     0  2704  486  519  2  1 93  0  4
2026-07-23 02:18:11  0  0      0 2946964      0 407552    0    0     0  4875  558  596  2  1 96  1  0
2026-07-23 02:18:16  0  0      0 2946940      0 407596    0    0     0  4941  577  607  2  1 96  0  0
2026-07-23 02:18:21  0  0      0 2946828      0 407688    0    0     0  4889  584  642  3  1 96  0  0
2026-07-23 02:18:26  0  0      0 2946184      0 407732    0    0     0  4883  520  530  2  1 96  1  0
2026-07-23 02:18:31  0  0      0 2946768      0 407804    0    0     0  3253  450  549  2  1 97  0  0
2026-07-23 02:18:36  0  0      0 2946628      0 407868    0    0     0  4879  568  591  3  1 96  0  0
2026-07-23 02:18:41 procs -----------memory---------- ---swap-- -----io---- -system-- ------cpu-----
2026-07-23 02:18:41  r  b   swpd   free   buff  cache   si   so    bi    bo   in   cs us sy id wa st
2026-07-23 02:18:41  0  0      0 2946360      0 407936    0    0     0  4916  562  581  3  1 96  1  0
2026-07-23 02:18:46  0  0      0 2946312      0 407984    0    0     0  4950  547  584  2  1 96  0  0
2026-07-23 02:18:51  0  1      0 2946228      0 408052    0    0     0  3800  427  449  2  1 97  0  0
2026-07-23 02:18:56  0  0      0 2946200      0 408120    0    0     0  4333  534  567  2  1 97  0  0
2026-07-23 02:19:01  0  0      0 2946088      0 408184    0    0     0  4333  536  552  2  1 96  0  0
2026-07-23 02:19:06  0  0      0 2960940      0 393380    0    0     0  4346  626  633  3  1 93  0  3
2026-07-23 02:19:11  0  0      0 2960840      0 393436    0    0     0  4896  531  568  2  1 96  1  0
2026-07-23 02:19:16  0  0      0 2960760      0 393500    0    0     0  3258  460  526  2  1 97  0  0
2026-07-23 02:19:21  0  0      0 2960708      0 393572    0    0     0  4964  567  597  3  1 96  0  0
2026-07-23 02:19:26  0  0      0 2960752      0 393636    0    0     0  4890  576  603  2  1 96  1  0
2026-07-23 02:19:31  0  0      0 2960652      0 393708    0    0     0  4882  581  639  2  1 96  0  0
2026-07-23 02:19:36  1  0      0 2960564      0 393752    0    0     0  3260  447  487  2  1 97  0  0
2026-07-23 02:19:41  0  0      0 2960528      0 393820    0    0     0  4886  547  580  2  1 97  0  0
2026-07-23 02:19:46  0  0      0 2960444      0 393892    0    0     0  5424  594  622  3  1 96  1  0
2026-07-23 02:19:51  0  0      0 2960232      0 393980    0    0     0  4894  572  600  3  1 96  0  0
2026-07-23 02:19:56  0  0      0 2960244      0 394024    0    0     0  4439  508  518  2  1 96  0  0
2026-07-23 02:20:01  0  0      0 2960172      0 394092    0    0     0  3264  458  515  2  0 97  0  0
2026-07-23 02:20:06  0  0      0 2959912      0 394156    0    0     0  3808  607  601  3  2 89  0  6
2026-07-23 02:20:11  0  0      0 2959404      0 394200    0    0     0  4355  530  538  2  1 97  0  0
2026-07-23 02:20:16  0  0      0 2959344      0 394272    0    0     0  4896  602  590  2  1 96  1  0
2026-07-23 02:20:21  2  0      0 2957892      0 394336    0    0     0  3809  446  445  2  1 97  0  0
2026-07-23 02:20:26 procs -----------memory---------- ---swap-- -----io---- -system-- ------cpu-----
2026-07-23 02:20:26  r  b   swpd   free   buff  cache   si   so    bi    bo   in   cs us sy id wa st
2026-07-23 02:20:26  0  0      0 2958968      0 394404    0    0     0  4352  517  505  2  1 97  0  0
2026-07-23 02:20:31  0  0      0 2958932      0 394472    0    0     0  4974  570  573  3  1 96  1  0
2026-07-23 02:20:36  0  0      0 2958128      0 394540    0    0     0  4912  577  593  3  1 96  0  0
2026-07-23 02:20:41  0  0      0 2957468      0 394588    0    0     0  4929  528  512  2  1 96  1  0
2026-07-23 02:20:46  0  0      0 2958000      0 394652    0    0     0  3272  444  517  2  1 97  0  0
2026-07-23 02:20:51  0  0      0 2957828      0 394724    0    0     0  4928  556  568  2  1 96  1  0
2026-07-23 02:20:56  0  0      0 2957744      0 394788    0    0     0  4918  528  528  2  1 96  1  0
2026-07-23 02:21:01  0  0      0 2949496      0 403052    0    0     0  4910  537  516  2  1 96  1  0
2026-07-23 02:21:06  2  0      0 2949480      0 403096    0    0     0  3362  470  488  2  1 96  0  0
2026-07-23 02:21:11  0  0      0 2949480      0 403164    0    0     0  4382  557  568  2  1 97  0  0
2026-07-23 02:21:16  0  0      0 2950568      0 403232    0    0     0  4910  562  568  3  1 96  1  0
2026-07-23 02:21:21  0  0      0 2950468      0 403300    0    0     0  4913  560  593  3  1 96  0  0
2026-07-23 02:21:26  0  0      0 2950220      0 403344    0    0     0  4380  484  477  2  1 97  1  0
2026-07-23 02:21:31  0  0      0 2950220      0 403408    0    0     0  3288  432  483  2  1 97  0  0
2026-07-23 02:21:36  0  0      0 2950256      0 403480    0    0     0  4998  568  603  3  1 96  1  0
2026-07-23 02:21:41  0  0      0 2950172      0 403540    0    0     0  4385  527  571  2  1 97  0  0
2026-07-23 02:21:46  0  0      0 2949304      0 403588    0    0     0  4922  550  563  2  1 96  1  0
2026-07-23 02:21:51  1  0      0 2949252      0 403656    0    0     0  3825  442  456  2  1 97  0  0
2026-07-23 02:21:56  0  0      0 2949420      0 403724    0    0     0  4371  509  540  2  1 97  1  0
2026-07-23 02:22:01  0  0      0 2949548      0 403768    0    0     0  4371  545  560  2  1 96  0  1
2026-07-23 02:22:06  0  0      0 2949048      0 403852    0    0     0  3898  598  614  2  1 92  0  4
2026-07-23 02:22:11 procs -----------memory---------- ---swap-- -----io---- -system-- ------cpu-----
2026-07-23 02:22:11  r  b   swpd   free   buff  cache   si   so    bi    bo   in   cs us sy id wa st
2026-07-23 02:22:11  0  0      0 2948480      0 403896    0    0     0  4939  535  521  3  1 96  1  0
2026-07-23 02:22:16  0  0      0 2948964      0 403964    0    0     0  3289  449  493  2  1 97  0  0
2026-07-23 02:22:21  0  0      0 2948936      0 404008    0    0     0  4939  570  574  2  1 96  1  0
2026-07-23 02:22:26  0  0      0 2948760      0 404076    0    0     0  4926  567  616  3  1 96  0  0
2026-07-23 02:22:31  0  0      0 2948708      0 404144    0    0     0  4925  549  569  2  1 96  1  0
2026-07-23 02:22:36  0  0      0 2948592      0 404212    0    0     0  3287  418  438  2  1 97  0  0
2026-07-23 02:22:41  0  0      0 2948628      0 404276    0    0     0  4471  522  547  2  1 97  1  0
2026-07-23 02:22:46  0  0      0 2948488      0 404320    0    0     0  4925  565  580  3  1 96  1  0
2026-07-23 02:22:51  0  0      0 2948436      0 404396    0    0     0  4925  546  565  2  1 96  1  0
2026-07-23 02:22:56  0  0      0 2948288      0 404460    0    0     0  4932  515  506  3  1 96  1  0
2026-07-23 02:23:01  0  0      0 2948344      0 404532    0    0     0  3295  438  487  2  1 97  0  0
2026-07-23 02:23:06  0  0      0 2941272      0 411292    0    0     0  4398  637  604  3  1 93  0  2
2026-07-23 02:23:11  0  0      0 2941332      0 411360    0    0     0  5017  565  577  3  1 96  1  0
2026-07-23 02:23:16  0  0      0 2941192      0 411408    0    0     0  4942  552  562  2  1 96  0  0
2026-07-23 02:23:21  0  0      0 2941224      0 411472    0    0     0  3837  431  438  2  1 97  0  0
2026-07-23 02:23:26  0  0      0 2941084      0 411544    0    0     0  4384  536  570  2  1 97  0  0
2026-07-23 02:23:31  0  0      0 2941056      0 411608    0    0     0  4932  571  589  2  1 96  1  0
2026-07-23 02:23:36  0  0      0 2940948      0 411680    0    0     0  4932  547  563  3  1 96  0  0
2026-07-23 02:23:41  0  0      0 2940760      0 411724    0    0     0  4980  525  511  3  1 96  1  0
2026-07-23 02:23:46  0  0      0 2940672      0 411788    0    0     0  3378  439  490  2  1 97  0  0
2026-07-23 02:23:51  0  0      0 2940700      0 411860    0    0     0  4956  552  569  3  1 96  1  0
2026-07-23 02:23:56 procs -----------memory---------- ---swap-- -----io---- -system-- ------cpu-----
2026-07-23 02:23:56  r  b   swpd   free   buff  cache   si   so    bi    bo   in   cs us sy id wa st
2026-07-23 02:23:56  0  0      0 2940664      0 411904    0    0     0  4954  544  556  3  1 96  1  0
2026-07-23 02:24:01  0  0      0 2940616      0 411972    0    0     0  4945  539  566  2  1 96  0  0
2026-07-23 02:24:06  0  0      0 2939876      0 412040    0    0     0  3293  501  480  2  1 92  0  4
2026-07-23 02:24:11  0  0      0 2940488      0 412108    0    0     0  4403  520  551  2  1 97  0  0
2026-07-23 02:24:16  1  0      0 2940452      0 412176    0    0     0  4939  560  564  2  1 96  0  0
2026-07-23 02:24:21  0  0      0 2940424      0 412224    0    0     0  5018  557  592  3  1 96  0  0
2026-07-23 02:24:26  0  0      0 2940364      0 412288    0    0     0  4952  516  502  2  1 96  1  0
2026-07-23 02:24:31  0  0      0 2955304      0 397464    0    0     0  3305  411  456  2  1 97  0  0
2026-07-23 02:24:36  0  0      0 2955192      0 397528    0    0     0  4961  561  573  2  1 96  1  0
2026-07-23 02:24:41  0  0      0 2955072      0 397600    0    0     0  4954  566  581  2  1 96  0  0
2026-07-23 02:24:46  0  0      0 2954992      0 397664    0    0     0  4951  551  588  3  1 96  1  0
2026-07-23 02:24:51  0  0      0 2954944      0 397712    0    0     0  3922  449  467  2  1 97  0  0
2026-07-23 02:24:56  0  0      0 2954944      0 397780    0    0     0  4406  518  543  2  1 97  0  0
2026-07-23 02:25:01  0  0      0 2954788      0 397824    0    0     0  4398  541  558  2  1 96  0  1
2026-07-23 02:25:06  0  0      0 2954832      0 397888    0    0     0  4397  609  566  2  2 91  0  5
2026-07-23 02:25:11  0  0      0 2954104      0 397956    0    0     0  4946  525  512  3  1 96  1  0
2026-07-23 02:25:16  0  0      0 2954696      0 398024    0    0     0  3306  457  503  2  1 97  0  0
2026-07-23 02:25:21  0  0      0 2954752      0 398068    0    0     0  4964  560  571  2  1 96  1  0
2026-07-23 02:25:26  0  0      0 2954576      0 398136    0    0     0  5044  547  563  2  1 96  1  0
2026-07-23 02:25:31  0  0      0 2954508      0 398204    0    0     0  4966  555  601  3  1 96  1  0
2026-07-23 02:25:36  0  0      0 2954308      0 398272    0    0     0  3857  433  447  2  1 97  0  0
2026-07-23 02:25:41 procs -----------memory---------- ---swap-- -----io---- -system-- ------cpu-----
2026-07-23 02:25:41  r  b   swpd   free   buff  cache   si   so    bi    bo   in   cs us sy id wa st
2026-07-23 02:25:41  0  0      0 2954316      0 398340    0    0     0  4403  513  549  2  1 97  0  0
2026-07-23 02:25:46  0  0      0 2954148      0 398408    0    0     0  4970  548  571  3  1 96  1  0
2026-07-23 02:25:51  0  0      0 2954000      0 398480    0    0     0  4958  550  566  3  1 96  1  0
2026-07-23 02:25:56  1  0      0 2953928      0 398524    0    0     0  5029  520  514  3  1 96  1  0
2026-07-23 02:26:01  0  0      0 2953900      0 398596    0    0     0  3313  440  491  2  1 97  0  0
2026-07-23 02:26:06  0  0      0 2953676      0 398660    0    0     0  4969  609  565  3  1 93  1  3
2026-07-23 02:26:11  0  0      0 2953564      0 398728    0    0     0  4975  573  565  3  1 96  1  0
2026-07-23 02:26:16  0  0      0 2953624      0 398776    0    0     0  4965  530  530  3  1 96  0  0
2026-07-23 02:26:21  0  0      0 2952788      0 398840    0    0     0  3859  434  450  2  0 97  0  0
2026-07-23 02:26:26  0  0      0 2953580      0 398912    0    0     0  4481  525  546  2  1 96  1  0
2026-07-23 02:26:31  0  0      0 2945340      0 407168    0    0     0  4970  538  537  3  1 96  1  0
2026-07-23 02:26:36  0  0      0 2945232      0 407216    0    0     0  4965  561  569  3  1 96  1  0
2026-07-23 02:26:41  0  0      0 2945148      0 407284    0    0     0  4961  526  528  2  1 96  0  0
2026-07-23 02:26:46  0  0      0 2945012      0 407352    0    0     0  3312  438  485  2  0 97  0  0
2026-07-23 02:26:51  0  0      0 2945096      0 407400    0    0     0  5534  581  589  3  1 96  1  0
2026-07-23 02:26:56  0  0      0 2944944      0 407468    0    0     0  4974  560  569  2  1 96  1  0
2026-07-23 02:27:01  0  0      0 2945740      0 407540    0    0     0  5060  562  592  2  1 96  1  0
2026-07-23 02:27:06  0  0      0 2943880      0 407612    0    0     0  3874  520  511  2  1 94  0  2
2026-07-23 02:27:11  0  0      0 2944572      0 407680    0    0     0  4416  533  544  2  1 97  0  0
2026-07-23 02:27:16  0  0      0 2944660      0 407728    0    0     0  4976  583  579  3  1 96  1  0
2026-07-23 02:27:21  0  0      0 2944580      0 407796    0    0     0  4968  563  563  2  1 96  0  0
2026-07-23 02:27:26 procs -----------memory---------- ---swap-- -----io---- -system-- ------cpu-----
2026-07-23 02:27:26  r  b   swpd   free   buff  cache   si   so    bi    bo   in   cs us sy id wa st
2026-07-23 02:27:26  0  0      0 2944496      0 407864    0    0     0  4968  533  520  2  1 96  1  0
2026-07-23 02:27:31  0  0      0 2944328      0 407932    0    0     0  3869  477  509  2  1 97  0  0
2026-07-23 02:27:36  0  0      0 2944368      0 408004    0    0     0  4983  565  570  2  1 96  1  0
2026-07-23 02:27:41  0  0      0 2944316      0 408048    0    0     0  5073  560  588  3  1 96  1  0
2026-07-23 02:27:46  1  0      0 2944528      0 408112    0    0     0  4987  556  567  3  1 96  1  0
2026-07-23 02:27:51  0  0      0 2944476      0 408164    0    0     0  3870  455  456  2  1 97  0  0
2026-07-23 02:27:56  0  0      0 2945096      0 408248    0    0     0  4422  499  528  2  1 96  0  0
2026-07-23 02:28:01  0  0      0 2942780      0 408312    0    0     0  4422  543  550  2  1 95  0  1
2026-07-23 02:28:06  1  0      0 2913488      0 408360    0    0     0  4422  678  599  3  2 87  0  7
2026-07-23 02:28:11  0  0      0 2890812      0 408428    0    0     0  5045  522  510  3  1 96  1  0
2026-07-23 02:28:16  0  0      0 2890644      0 408500    0    0     0  3338  436  491  2  1 97  0  0
2026-07-23 02:28:21  0  0      0 2890564      0 408564    0    0     0  4987  551  563  2  1 96  1  0
2026-07-23 02:28:26  0  0      0 2885292      0 408636    0    0     0  4989  564  580  3  1 96  1  0
2026-07-23 02:28:31  0  0      0 2877536      0 415396    0    0     0  4983  545  575  3  1 96  1  0
2026-07-23 02:28:36  1  0      0 2877448      0 415444    0    0     0  3880  464  478  2  1 97  0  0
2026-07-23 02:28:41  0  0      0 2877404      0 415512    0    0     0  4506  497  536  2  1 97  1  0
2026-07-23 02:28:46  0  0      0 2877340      0 415580    0    0     0  5037  553  598  3  1 96  1  0
2026-07-23 02:28:51  0  0      0 2877256      0 415644    0    0     0  4982  566  578  3  1 96  1  0
2026-07-23 02:28:56  0  0      0 2876912      0 415692    0    0     0  4982  514  510  2  1 96  1  0
2026-07-23 02:29:01  0  0      0 2876920      0 415764    0    0     0  3322  440  493  2  1 97  0  0
2026-07-23 02:29:06  0  0      0 2876740      0 415832    0    0     0  4436  601  600  3  1 94  0  1
2026-07-23 02:29:11 procs -----------memory---------- ---swap-- -----io---- -system-- ------cpu-----
2026-07-23 02:29:11  r  b   swpd   free   buff  cache   si   so    bi    bo   in   cs us sy id wa st
2026-07-23 02:29:11  0  0      0 2876340      0 415900    0    0     0  4997  564  567  3  1 96  1  0
2026-07-23 02:29:16  0  0      0 2876928      0 415972    0    0     0  5084  558  599  3  1 96  1  0
2026-07-23 02:29:21  1  1      0 2876248      0 416016    0    0     0  4442  483  498  2  1 97  0  0
2026-07-23 02:29:26  0  0      0 2876484      0 416084    0    0     0  3882  495  527  2  1 97  0  0
2026-07-23 02:29:31  0  0      0 2876468      0 416152    0    0     0  4990  560  577  3  1 96  0  0
2026-07-23 02:29:36  0  0      0 2875988      0 416196    0    0     0  4998  554  580  3  1 96  1  0
2026-07-23 02:29:41  0  0      0 2876032      0 416264    0    0     0  4990  519  515  2  1 96  1  0
2026-07-23 02:29:46  0  0      0 2875820      0 416332    0    0     0  3406  438  514  2  1 97  0  0
2026-07-23 02:29:51  0  0      0 2875692      0 416400    0    0     0  5006  560  571  3  1 96  1  0
2026-07-23 02:29:56  0  0      0 2890776      0 401580    0    0     0  5002  564  587  3  1 96  1  0
2026-07-23 02:30:01  0  0      0 2890564      0 401628    0    0     0  4448  541  564  2  1 96  0  0
2026-07-23 02:30:06  3  0      0 2889260      0 401688    0    0     0  3331  551  530  2  2 89  0  7
2026-07-23 02:30:11  0  0      0 2890516      0 401752    0    0     0  4442  520  535  2  1 97  1  0
2026-07-23 02:30:16  0  0      0 2890300      0 401804    0    0     0  4446  556  564  2  1 97  0  0
2026-07-23 02:30:21  0  0      0 2890260      0 401888    0    0     0  5082  568  581  2  1 96  1  0
2026-07-23 02:30:26  0  0      0 2890116      0 401932    0    0     0  4998  526  511  2  1 96  1  0
2026-07-23 02:30:31  0  0      0 2890044      0 402000    0    0     0  3331  455  496  2  1 97  0  0
2026-07-23 02:30:36  0  0      0 2889932      0 402068    0    0     0  5004  558  566  3  1 96  1  0
2026-07-23 02:30:41  0  0      0 2889916      0 402112    0    0     0  5010  568  573  3  1 96  1  0
2026-07-23 02:30:46  0  0      0 2889812      0 402184    0    0     0  5013  559  607  3  1 96  1  0
2026-07-23 02:30:51  1  0      0 2889660      0 402248    0    0     0  4462  479  500  2  1 97  0  0
2026-07-23 02:30:56 procs -----------memory---------- ---swap-- -----io---- -system-- ------cpu-----
2026-07-23 02:30:56  r  b   swpd   free   buff  cache   si   so    bi    bo   in   cs us sy id wa st
2026-07-23 02:30:56  0  0      0 2889624      0 402320    0    0     0  3963  487  516  2  1 97  0  0
2026-07-23 02:31:01  0  0      0 2889508      0 402384    0    0     0  4458  536  547  2  1 95  0  1
2026-07-23 02:31:06  0  0      0 2888880      0 402448    0    0     0  4448  558  554  3  1 93  1  2
2026-07-23 02:31:11  0  0      0 2888568      0 402496    0    0     0  5004  538  520  3  1 96  1  0
2026-07-23 02:31:16  0  0      0 2888640      0 402560    0    0     0  3347  452  530  2  1 97  0  0
2026-07-23 02:31:21  0  0      0 2888576      0 402632    0    0     0  5004  545  557  2  1 96  1  0
2026-07-23 02:31:26  0  0      0 2888456      0 402696    0    0     0  5090  557  571  3  1 96  1  0
2026-07-23 02:31:31  0  0      0 2888484      0 402740    0    0     0  5026  557  592  3  1 96  1  0
2026-07-23 02:31:36  0  1      0 2888480      0 402812    0    0     0  4460  472  488  2  1 97  0  0
2026-07-23 02:31:41  1  0      0 2888308      0 402876    0    0     0  3905  495  556  2  1 97  0  0
2026-07-23 02:31:46  0  0      0 2888160      0 402944    0    0     0  5021  544  562  3  1 96  1  0
2026-07-23 02:31:51  0  0      0 2879932      0 411200    0    0     0  5011  549  557  3  1 96  1  0
2026-07-23 02:31:56  0  0      0 2879852      0 411256    0    0     0  5011  509  543  2  1 96  1  0
2026-07-23 02:32:01  0  0      0 2879824      0 411320    0    0     0  3424  439  497  2  0 97  0  0
2026-07-23 02:32:06  0  0      0 2879684      0 411396    0    0     0  5020  633  657  3  1 94  0  1
2026-07-23 02:32:11  0  0      0 2878760      0 411464    0    0     0  5024  572  583  3  1 96  1  0
2026-07-23 02:32:16  0  0      0 2878784      0 411508    0    0     0  5026  546  561  3  1 96  0  0
2026-07-23 02:32:21  0  1      0 2878740      0 411576    0    0     0  4462  479  495  2  0 97  0  0
2026-07-23 02:32:26  0  0      0 2878656      0 411644    0    0     0  3904  483  510  2  1 97  0  0
2026-07-23 02:32:31  0  0      0 2879132      0 411692    0    0     0  4461  532  555  2  1 96  0  0
2026-07-23 02:32:36  0  0      0 2879208      0 411780    0    0     0  5109  550  564  3  1 96  1  0
2026-07-23 02:32:41 procs -----------memory---------- ---swap-- -----io---- -system-- ------cpu-----
2026-07-23 02:32:41  r  b   swpd   free   buff  cache   si   so    bi    bo   in   cs us sy id wa st
2026-07-23 02:32:41  0  0      0 2877188      0 411824    0    0     0  5021  541  553  3  1 96  0  0
2026-07-23 02:32:46  0  0      0 2877180      0 411892    0    0     0  3351  450  497  2  1 97  0  0
2026-07-23 02:32:51  0  0      0 2876264      0 411936    0    0     0  5018  561  579  3  1 96  1  0
2026-07-23 02:32:56  0  0      0 2876244      0 412028    0    0     0  5026  555  569  3  1 96  1  0
2026-07-23 02:33:01  0  0      0 2872504      0 412076    0    0     0  5030  581  595  3  1 96  0  0
2026-07-23 02:33:06  2  0      0 2873924      0 412140    0    0     0  3984  512  525  2  1 95  0  2
2026-07-23 02:33:11  0  0      0 2871992      0 412204    0    0     0  3918  508  534  2  1 97  0  0
2026-07-23 02:33:16  0  0      0 2871868      0 412276    0    0     0  5032  571  578  2  1 96  1  0
2026-07-23 02:33:21  0  0      0 2869676      0 412340    0    0     0  5029  588  569  3  1 95  1  0
2026-07-23 02:33:26  0  0      0 2869876      0 412384    0    0     0  5030  524  520  3  1 96  1  0
2026-07-23 02:33:31  0  0      0 2869496      0 412456    0    0     0  3350  446  500  2  1 97  0  0
2026-07-23 02:33:36  0  0      0 2869432      0 412520    0    0     0  5104  554  574  2  1 96  1  0
2026-07-23 02:33:41  0  0      0 2867332      0 412592    0    0     0  5038  556  566  3  1 96  1  0
2026-07-23 02:33:46  0  0      0 2867236      0 412636    0    0     0  5068  549  561  3  1 96  1  0
2026-07-23 02:33:51  1  0      0 2865472      0 412704    0    0     0  3920  483  486  2  1 97  1  0
2026-07-23 02:33:56  0  0      0 2858804      0 419468    0    0     0  3918  433  486  2  1 97  0  0
2026-07-23 02:34:01  0  0      0 2857064      0 419528    0    0     0  4474  557  566  2  1 95  0  1
2026-07-23 02:34:06  0  0      0 2850544      0 419592    0    0     0  4474  602  599  2  1 93  0  2
2026-07-23 02:34:11  0  0      0 2850324      0 419636    0    0     0  5119  521  517  3  1 96  1  0
2026-07-23 02:34:16  0  0      0 2850328      0 419708    0    0     0  3369  451  503  2  1 97  0  0
2026-07-23 02:34:21  0  0      0 2850236      0 419772    0    0     0  5033  569  615  3  1 96  1  0
2026-07-23 02:34:26 procs -----------memory---------- ---swap-- -----io---- -system-- ------cpu-----
2026-07-23 02:34:26  r  b   swpd   free   buff  cache   si   so    bi    bo   in   cs us sy id wa st
2026-07-23 02:34:26  0  0      0 2850292      0 419844    0    0     0  5033  580  595  2  1 96  1  0
2026-07-23 02:34:31  0  0      0 2847900      0 419888    0    0     0  5045  559  574  3  1 96  1  0
2026-07-23 02:34:36  1  0      0 2849164      0 419956    0    0     0  4486  479  513  2  1 97  0  0
2026-07-23 02:34:41  0  0      0 2849080      0 420024    0    0     0  3928  499  562  2  1 97  0  0
2026-07-23 02:34:46  0  0      0 2846948      0 420092    0    0     0  5135  576  617  3  1 96  0  0
2026-07-23 02:34:51  0  0      0 2846928      0 420156    0    0     0  5049  573  618  3  1 96  1  0
2026-07-23 02:34:56  0  0      0 2846828      0 420208    0    0     0  5040  528  529  2  1 96  1  0
2026-07-23 02:35:01  0  0      0 2846764      0 420272    0    0     0  3360  450  493  2  1 97  0  0
2026-07-23 02:35:06  0  0      0 2846592      0 420324    0    0     0  4480  625  599  3  2 91  0  4
2026-07-23 02:35:11  0  0      0 2846560      0 420412    0    0     0  5040  588  583  3  1 96  1  0
2026-07-23 02:35:16  0  0      0 2861584      0 405660    0    0     0  5051  563  581  3  1 96  1  0
2026-07-23 02:35:21  4  0      0 2861000      0 405640    0    0     0  4580  509  505  2  1 97  0  0
2026-07-23 02:35:26  0  0      0 2861644      0 405708    0    0     0  3929  490  522  2  1 97  0  0
2026-07-23 02:35:31  0  0      0 2861664      0 405752    0    0     0  5054  584  597  2  1 96  1  0
2026-07-23 02:35:36  0  0      0 2861300      0 405844    0    0     0  5051  582  647  2  1 96  0  0
2026-07-23 02:35:41  0  0      0 2861248      0 405888    0    0     0  5050  535  529  2  1 96  0  0
2026-07-23 02:35:46  0  0      0 2861124      0 405956    0    0     0  3369  459  511  2  1 97  0  0
2026-07-23 02:35:51  0  0      0 2861140      0 406024    0    0     0  5124  572  611  3  1 96  1  0
2026-07-23 02:35:56  0  0      0 2860940      0 406072    0    0     0  5057  553  621  3  1 96  0  0
2026-07-23 02:36:01  0  0      0 2860696      0 406140    0    0     0  5053  574  611  3  1 95  0  1
2026-07-23 02:36:06  1  0      0 2859460      0 406204    0    0     0  3941  590  541  2  1 90  0  5
2026-07-23 02:36:11 procs -----------memory---------- ---swap-- -----io---- -system-- ------cpu-----
2026-07-23 02:36:11  r  b   swpd   free   buff  cache   si   so    bi    bo   in   cs us sy id wa st
2026-07-23 02:36:11  0  0      0 2860784      0 406272    0    0     0  3936  467  508  2  1 97  0  0
2026-07-23 02:36:16  0  0      0 2860752      0 406340    0    0     0  5059  549  577  3  1 96  1  0
2026-07-23 02:36:21  0  0      0 2860616      0 406408    0    0     0  5129  560  577  3  1 96  1  0
2026-07-23 02:36:26  0  0      0 2860628      0 406452    0    0     0  5063  528  518  3  1 96  1  0
2026-07-23 02:36:31  0  0      0 2860512      0 406520    0    0     0  3370  438  510  2  1 97  0  0
2026-07-23 02:36:36  0  0      0 2860460      0 406588    0    0     0  5058  559  586  2  1 96  1  0
2026-07-23 02:36:41  0  0      0 2860352      0 406636    0    0     0  5054  559  600  3  1 96  0  0
2026-07-23 02:36:46  0  0      0 2860172      0 406724    0    0     0  5059  563  581  3  1 96  1  0
2026-07-23 02:36:51  2  0      0 2859156      0 406772    0    0     0  4511  510  504  2  1 96  1  0
2026-07-23 02:36:56  0  0      0 2860168      0 406836    0    0     0  4022  474  509  2  1 97  0  0
2026-07-23 02:37:01  1  0      0 2860112      0 406900    0    0     0  3946  526  541  2  1 96  0  1
2026-07-23 02:37:06  0  0      0 2860172      0 406944    0    0     0  4499  594  563  3  1 92  0  4
2026-07-23 02:37:11  0  0      0 2859868      0 407012    0    0     0  5062  543  517  3  1 96  0  0
2026-07-23 02:37:16  0  0      0 2859908      0 407080    0    0     0  3374  473  513  2  1 97  0  0
2026-07-23 02:37:21  0  0      0 2851632      0 415356    0    0     0  5063  568  577  3  1 96  0  0
2026-07-23 02:37:26  0  0      0 2851520      0 415424    0    0     0  5136  563  580  3  1 96  1  0
2026-07-23 02:37:31  0  0      0 2851468      0 415472    0    0     0  4508  545  581  2  1 97  0  0
2026-07-23 02:37:36  1  0      0 2850320      0 415536    0    0     0  4514  502  500  2  1 97  0  0
2026-07-23 02:37:41  0  0      0 2851352      0 415600    0    0     0  3382  448  487  2  1 97  0  0
2026-07-23 02:37:46  0  0      0 2851216      0 415668    0    0     0  5076  572  604  3  1 96  0  0
2026-07-23 02:37:51  0  0      0 2851104      0 415736    0    0     0  5075  571  585  2  1 96  1  0
2026-07-23 02:37:56 procs -----------memory---------- ---swap-- -----io---- -system-- ------cpu-----
2026-07-23 02:37:56  r  b   swpd   free   buff  cache   si   so    bi    bo   in   cs us sy id wa st
2026-07-23 02:37:56  0  0      0 2855044      0 415780    0    0     0  5069  521  521  3  1 96  1  0
2026-07-23 02:38:01  0  0      0 2849476      0 415852    0    0     0  3453  449  497  2  1 97  0  0
2026-07-23 02:38:06  0  0      0 2849308      0 415920    0    0     0  4514  590  589  3  2 93  0  2
2026-07-23 02:38:11  0  0      0 2849176      0 415992    0    0     0  5069  574  589  3  1 96  0  0
2026-07-23 02:38:16  0  0      0 2849200      0 416036    0    0     0  5069  563  590  3  1 96  1  0
2026-07-23 02:38:21  0  1      0 2849032      0 416104    0    0     0  5081  525  506  2  1 96  1  0
2026-07-23 02:38:26  0  0      0 2849156      0 416172    0    0     0  3389  463  507  2  1 97  0  0
2026-07-23 02:38:31  0  0      0 2849128      0 416240    0    0     0  5081  569  576  3  1 96  1  0
2026-07-23 02:38:36  0  0      0 2848984      0 416308    0    0     0  5168  564  600  3  1 96  1  0
2026-07-23 02:38:41  0  0      0 2848812      0 416364    0    0     0  5094  511  527  3  1 96  1  0
2026-07-23 02:38:46  0  0      0 2848840      0 416428    0    0     0  3384  433  480  2  1 97  0  0
2026-07-23 02:38:51  0  0      0 2848604      0 416500    0    0     0  5081  639  639  3  1 95  1  0
2026-07-23 02:38:56  0  0      0 2848744      0 416568    0    0     0  5076  560  569  3  1 96  1  0
2026-07-23 02:39:01  0  0      0 2848660      0 416636    0    0     0  5076  551  571  3  1 96  0  0
2026-07-23 02:39:06  2  0      0 2846112      0 416680    0    0     0  3951  551  534  2  2 92  0  4
2026-07-23 02:39:11  0  0      0 2848464      0 416748    0    0     0  4046  485  501  2  1 97  0  0
2026-07-23 02:39:16  0  0      0 2848328      0 416816    0    0     0  5090  555  559  3  1 96  1  0
2026-07-23 02:39:21  0  0      0 2841656      0 423588    0    0     0  5096  567  572  3  1 96  1  0
2026-07-23 02:39:26  0  0      0 2841692      0 423632    0    0     0  5090  541  515  3  1 96  1  0
2026-07-23 02:39:31  0  0      0 2841544      0 423700    0    0     0  3389  447  484  2  1 97  0  0
2026-07-23 02:39:36  0  0      0 2841508      0 423772    0    0     0  5652  577  597  3  1 96  1  0
2026-07-23 02:39:41 procs -----------memory---------- ---swap-- -----io---- -system-- ------cpu-----
2026-07-23 02:39:41  r  b   swpd   free   buff  cache   si   so    bi    bo   in   cs us sy id wa st
2026-07-23 02:39:41  0  0      0 2841344      0 423840    0    0     0  5159  577  572  3  1 96  1  0
2026-07-23 02:39:46  0  0      0 2841292      0 423908    0    0     0  5092  560  581  3  1 96  0  0
2026-07-23 02:39:51  2  0      0 2839984      0 423952    0    0     0  4563  506  501  2  1 96  0  0
2026-07-23 02:39:56  0  0      0 2841168      0 424020    0    0     0  3962  468  520  2  1 97  0  0
2026-07-23 02:40:01  0  0      0 2841132      0 424084    0    0     0  4534  562  557  2  1 95  0  1
2026-07-23 02:40:06  0  0      0 2840800      0 424132    0    0     0  3960  589  590  2  2 90  0  5
2026-07-23 02:40:11  0  0      0 2840240      0 424200    0    0     0  5085  529  499  2  1 96  0  0
2026-07-23 02:40:16  0  0      0 2840732      0 424268    0    0     0  3480  457  490  2  1 97  0  0
2026-07-23 02:40:21  0  0      0 2839904      0 424312    0    0     0  5093  569  557  3  1 96  1  0
2026-07-23 02:40:26  0  0      0 2839712      0 424404    0    0     0  5090  566  564  3  1 96  1  0
2026-07-23 02:40:31  0  0      0 2839564      0 424448    0    0     0  5090  554  562  3  1 96  1  0
2026-07-23 02:40:36  1  0      0 2838068      0 424520    0    0     0  5097  520  503  3  1 96  1  0
2026-07-23 02:40:41  0  0      0 2839584      0 424584    0    0     0  3401  452  510  2  1 97  0  0
2026-07-23 02:40:46  0  0      0 2854408      0 409784    0    0     0  5173  559  593  3  1 96  1  0
2026-07-23 02:40:51  0  0      0 2854260      0 409848    0    0     0  5121  554  565  3  1 96  1  0
2026-07-23 02:40:56  0  0      0 2854228      0 409900    0    0     0  5090  527  513  2  1 96  0  0
2026-07-23 02:41:01  0  0      0 2854164      0 409964    0    0     0  3394  441  483  2  1 97  0  0
2026-07-23 02:41:06  0  0      0 2853920      0 410032    0    0     0  4526  580  557  3  1 95  0  1
2026-07-23 02:41:11  0  0      0 2854020      0 410076    0    0     0  5090  592  581  3  1 96  1  0
2026-07-23 02:41:16  0  0      0 2854004      0 410148    0    0     0  5170  590  583  3  1 96  0  0
2026-07-23 02:41:21  0  1      0 2853404      0 410220    0    0     0  5105  529  511  2  1 96  1  0
2026-07-23 02:41:26 procs -----------memory---------- ---swap-- -----io---- -system-- ------cpu-----
2026-07-23 02:41:26  r  b   swpd   free   buff  cache   si   so    bi    bo   in   cs us sy id wa st
2026-07-23 02:41:26  1  0      0 2853832      0 410284    0    0     0  3402  469  509  2  1 97  0  0
2026-07-23 02:41:31  0  0      0 2853804      0 410352    0    0     0  5107  565  584  3  1 96  1  0
2026-07-23 02:41:36  0  0      0 2855216      0 410416    0    0     0  4544  541  575  2  1 96  0  0
2026-07-23 02:41:41  0  0      0 2855092      0 410464    0    0     0  5109  521  519  3  1 96  1  0
2026-07-23 02:41:46  0  0      0 2855080      0 410532    0    0     0  3399  442  513  2  1 97  0  0
2026-07-23 02:41:51  0  0      0 2854972      0 410576    0    0     0  5105  559  598  3  1 96  0  0
2026-07-23 02:41:56  0  0      0 2855028      0 410668    0    0     0  5186  560  574  3  1 96  0  0
2026-07-23 02:42:01  0  0      0 2854888      0 410736    0    0     0  5098  556  576  3  1 96  0  0
2026-07-23 02:42:06  2  0      0 2853364      0 410776    0    0     0  3965  549  541  2  1 91  0  5
2026-07-23 02:42:11  0  0      0 2855688      0 410844    0    0     0  3398  459  484  2  1 97  0  0
2026-07-23 02:42:16  0  0      0 2853412      0 410908    0    0     0  5117  569  569  3  1 96  0  0
2026-07-23 02:42:21  0  0      0 2853312      0 410980    0    0     0  5119  567  604  3  1 96  0  0
2026-07-23 02:42:26  0  0      0 2855536      0 411024    0    0     0  5191  541  524  3  1 96  0  0
2026-07-23 02:42:31  0  0      0 2855416      0 411092    0    0     0  3415  447  546  2  1 97  0  0
2026-07-23 02:42:36  0  0      0 2855328      0 411160    0    0     0  5111  567  579  3  1 96  1  0
2026-07-23 02:42:41  0  0      0 2847080      0 419420    0    0     0  5106  544  576  3  1 96  0  0
2026-07-23 02:42:46  0  0      0 2846988      0 419488    0    0     0  5105  551  576  2  1 96  1  0
2026-07-23 02:42:51  2  0      0 2843572      0 419536    0    0     0  5110  516  542  2  1 96  0  0
2026-07-23 02:42:56  0  0      0 2844648      0 419600    0    0     0  3479  450  514  2  1 97  0  0
2026-07-23 02:43:01  0  0      0 2846716      0 419660    0    0     0  3994  516  535  2  1 97  0  0
2026-07-23 02:43:06  0  0      0 2846652      0 419728    0    0     0  3987  619  629  2  1 93  0  3
2026-07-23 02:43:11 procs -----------memory---------- ---swap-- -----io---- -system-- ------cpu-----
2026-07-23 02:43:11  r  b   swpd   free   buff  cache   si   so    bi    bo   in   cs us sy id wa st
2026-07-23 02:43:11  0  0      0 2844176      0 419776    0    0     0  5118  536  563  3  1 96  1  0
2026-07-23 02:43:16  0  0      0 2844344      0 419840    0    0     0  3408  452  542  2  1 97  0  0
2026-07-23 02:43:21  0  0      0 2844344      0 419912    0    0     0  5123  576  613  2  1 96  0  0
2026-07-23 02:43:26  0  0      0 2844344      0 419976    0    0     0  5112  573  629  3  1 96  0  0
2026-07-23 02:43:31  0  0      0 2843880      0 420024    0    0     0  5189  568  596  3  1 96  0  0
2026-07-23 02:43:36  4  0      0 2842696      0 420092    0    0     0  5126  530  565  3  1 96  1  0
2026-07-23 02:43:41  0  0      0 2845904      0 420156    0    0     0  3409  461  540  2  1 97  0  0
2026-07-23 02:43:46  0  0      0 2845776      0 420224    0    0     0  5119  575  599  3  1 96  1  0
2026-07-23 02:43:51  0  0      0 2843656      0 420292    0    0     0  5142  583  607  2  1 96  1  0
2026-07-23 02:43:56  1  0      0 2843576      0 420344    0    0     0  5137  547  545  2  1 96  1  0
2026-07-23 02:44:01  0  0      0 2845644      0 420408    0    0     0  3490  457  519  2  1 97  0  0
2026-07-23 02:44:06  0  0      0 2845424      0 420472    0    0     0  4559  776  708  3  2 88  0  6
2026-07-23 02:44:11  0  0      0 2843376      0 420544    0    0     0  5119  580  596  3  1 96  1  0
2026-07-23 02:44:16  0  0      0 2843348      0 420592    0    0     0  5119  586  613  3  1 96  1  0
2026-07-23 02:44:21  2  0      0 2842036      0 420656    0    0     0  5127  533  541  3  1 96  0  0
2026-07-23 02:44:26  0  0      0 2843104      0 420728    0    0     0  3413  466  547  2  1 97  0  0
2026-07-23 02:44:31  0  0      0 2843084      0 420792    0    0     0  5122  576  601  3  1 96  0  0
2026-07-23 02:44:36  0  0      0 2842964      0 420864    0    0     0  5221  571  588  3  1 96  1  0
2026-07-23 02:44:41  2  0      0 2848208      0 420908    0    0     0  5150  549  558  3  1 96  1  0
2026-07-23 02:44:46  0  0      0 2836216      0 427672    0    0     0  3422  416  433  2  1 97  0  0
2026-07-23 02:44:51  0  0      0 2836524      0 427740    0    0     0  5168  563  602  3  1 96  0  0
2026-07-23 02:44:56 procs -----------memory---------- ---swap-- -----io---- -system-- ------cpu-----
2026-07-23 02:44:56  r  b   swpd   free   buff  cache   si   so    bi    bo   in   cs us sy id wa st
2026-07-23 02:44:56  0  0      0 2835248      0 427808    0    0     0  5126  558  610  3  1 96  1  0
2026-07-23 02:45:01  0  0      0 2835120      0 427852    0    0     0  5126  579  598  3  1 96  1  0
2026-07-23 02:45:06  2  0      0 2832648      0 427920    0    0     0  4557  580  563  3  1 92  0  3
2026-07-23 02:45:11  0  0      0 2837076      0 427984    0    0     0  3492  491  518  2  1 97  0  0
2026-07-23 02:45:16  0  0      0 2835708      0 428056    0    0     0  5138  606  598  3  1 96  1  0
2026-07-23 02:45:21  0  0      0 2835448      0 428120    0    0     0  5156  589  577  3  1 96  0  0
2026-07-23 02:45:26  0  0      0 2838152      0 428168    0    0     0  5717  596  589  3  1 96  1  0
2026-07-23 02:45:31  0  0      0 2836088      0 428248    0    0     0  5145  540  519  3  1 96  1  0
2026-07-23 02:45:36  0  0      0 2834300      0 428324    0    0     0  6846  732  690  3  1 95  1  0
2026-07-23 02:45:41  0  0      0 2824600      0 428400    0    0     0  6922  685  650  3  1 95  1  0
2026-07-23 02:45:46  0  0      0 2812892      0 428456    0    0     0  6855  725  706  3  1 95  1  0
2026-07-23 02:45:51  0  0      0 2800012      0 428532    0    0     0  6283  629  549  3  1 96  1  0
2026-07-23 02:45:56  0  0      0 2804000      0 428608    0    0     0  5150  618  602  2  1 96  0  0
2026-07-23 02:46:01  0  0      0 2790064      0 428676    0    0     0  5723  640  592  3  1 95  1  1
2026-07-23 02:46:06  0  0      0 2774476      0 413864    0    0     0  6301  729  622  3  2 89  1  5
2026-07-23 02:46:11  0  0      0 2739432      0 413920    0    0     0  6362  682  618  3  1 96  1  0
2026-07-23 02:46:16  0  0      0 2731164      0 413996    0    0     0  5155  590  543  2  1 96  0  0
2026-07-23 02:46:21  0  0      0 2723064      0 414068    0    0     0  6856  699  638  3  1 95  1  0
2026-07-23 02:46:26  0  0      0 2699424      0 414128    0    0     0  6854  707  702  3  1 95  1  0
2026-07-23 02:46:31  0  0      0 2679868      0 414204    0    0     0  6874  701  634  3  1 95  1  0
2026-07-23 02:46:36  0  0      0 2653332      0 414276    0    0     0  6312  677  665  3  1 95  1  0
2026-07-23 02:46:41 procs -----------memory---------- ---swap-- -----io---- -system-- ------cpu-----
2026-07-23 02:46:41  r  b   swpd   free   buff  cache   si   so    bi    bo   in   cs us sy id wa st
2026-07-23 02:46:41  0  0      0 2657936      0 414356    0    0     0  5228  583  540  2  1 96  0  0
2026-07-23 02:46:46  0  0      0 2648560      0 414432    0    0     0  6874  706  644  3  1 95  1  0
2026-07-23 02:46:51  0  0      0 2619084      0 414484    0    0     0  6870  688  632  3  1 95  1  0
2026-07-23 02:46:56  0  0      0 2609328      0 414580    0    0     0  6292  674  631  3  1 96  1  0
2026-07-23 02:47:01  0  0      0 2593552      0 414640    0    0     0  5148  586  522  2  1 96  0  0
2026-07-23 02:47:06  0  0      0 2589404      0 414712    0    0     0  6306  724  676  3  2 92  1  3
2026-07-23 02:47:11  0  0      0 2569468      0 414784    0    0     0  6394  660  612  3  1 95  1  0
2026-07-23 02:47:16  0  0      0 2562864      0 414860    0    0     0  6892  679  609  3  1 95  1  0
2026-07-23 02:47:21  0  0      0 2550052      0 414920    0    0     0  5734  623  567  3  1 96  1  0
2026-07-23 02:47:26  0  0      0 2534724      0 414992    0    0     0  5155  601  562  3  1 96  1  0
2026-07-23 02:47:31  0  0      0 2530680      0 415072    0    0     0  6874  695  630  3  1 95  1  0
2026-07-23 02:47:36  0  0      0 2518904      0 415148    0    0     0  6878  684  627  3  1 95  1  0
2026-07-23 02:47:41  0  0      0 2506132      0 415200    0    0     0  6318  665  626  3  1 96  1  0
2026-07-23 02:47:46  0  0      0 2493944      0 415276    0    0     0  5263  591  554  2  1 96  1  0
2026-07-23 02:47:51  0  0      0 2469692      0 423548    0    0     0  6903  719  699  3  1 95  1  0
2026-07-23 02:47:56  0  0      0 2458256      0 423624    0    0     0  6883  692  625  3  1 95  1  0
2026-07-23 02:48:01  0  0      0 2447632      0 423696    0    0     0  6883  727  685  3  1 94  1  0
2026-07-23 02:48:06  0  0      0 2437760      0 423752    0    0     0  5736  664  592  3  2 89  0  6
2026-07-23 02:48:11  0  0      0 2420172      0 423828    0    0     0  5162  598  587  2  1 96  1  0
2026-07-23 02:48:16  0  0      0 2401320      0 423904    0    0     0  6982  674  601  3  1 95  1  0
2026-07-23 02:48:21  0  0      0 2380888      0 423976    0    0     0  6917  680  624  3  1 95  1  0
2026-07-23 02:48:26 procs -----------memory---------- ---swap-- -----io---- -system-- ------cpu-----
2026-07-23 02:48:26  r  b   swpd   free   buff  cache   si   so    bi    bo   in   cs us sy id wa st
2026-07-23 02:48:26  0  0      0 2376568      0 424048    0    0     0  6322  619  555  3  1 96  1  0
2026-07-23 02:48:31  0  0      0 2364988      0 424112    0    0     0  5170  585  547  3  1 96  1  0
2026-07-23 02:48:36  0  0      0 2342908      0 424168    0    0     0  6894  672  612  3  1 95  1  0
2026-07-23 02:48:41  0  0      0 2330436      0 424256    0    0     0  6322  677  654  3  1 96  1  0
2026-07-23 02:48:46  0  0      0 2308192      0 424316    0    0     0  6893  663  588  3  1 95  1  0
2026-07-23 02:48:51  0  0      0 2294860      0 424392    0    0     0  6415  648  586  3  1 96  1  0
2026-07-23 02:48:56  0  0      0 2275944      0 424468    0    0     0  5187  617  615  2  1 96  1  0
2026-07-23 02:49:01  0  0      0 2260328      0 424540    0    0     0  5771  664  605  3  1 95  1  1
2026-07-23 02:49:06  0  0      0 2244484      0 424612    0    0     0  6327  727  633  3  2 91  1  3
2026-07-23 02:49:11  0  0      0 2242260      0 424684    0    0     0  6331  638  575  3  1 96  1  0
2026-07-23 02:49:16  0  0      0 2229684      0 424744    0    0     0  5177  558  517  3  1 96  1  0
2026-07-23 02:49:21  0  0      0 2213920      0 424816    0    0     0  6980  716  679  3  1 95  1  0
2026-07-23 02:49:26  0  0      0 2189012      0 424900    0    0     0  6922  692  632  3  1 95  1  0
2026-07-23 02:49:31  0  0      0 2175960      0 424948    0    0     0  6929  710  681  3  1 95  1  0
2026-07-23 02:49:36  0  0      0 2161024      0 425032    0    0     0  6338  597  513  3  1 95  1  0
2026-07-23 02:49:41  0  0      0 2141628      0 431800    0    0     0  5186  580  536  3  1 96  0  0
2026-07-23 02:49:46  0  0      0 2140972      0 431872    0    0     0  6336  674  652  3  1 96  1  0
2026-07-23 02:49:51  0  0      0 2129636      0 431952    0    0     0  6990  784  704  3  2 94  1  0
2026-07-23 02:49:56  0  0      0 2122508      0 432024    0    0     0  6348  653  598  3  1 95  1  0
2026-07-23 02:50:01  0  0      0 2122184      0 432080    0    0     0  5195  557  511  2  1 96  0  1
2026-07-23 02:50:06  0  0      0 2102664      0 432152    0    0     0  5787  734  678  3  2 86  1  9
2026-07-23 02:50:11 procs -----------memory---------- ---swap-- -----io---- -system-- ------cpu-----
2026-07-23 02:50:11  r  b   swpd   free   buff  cache   si   so    bi    bo   in   cs us sy id wa st
2026-07-23 02:50:11  0  0      0 2102428      0 432224    0    0     0  6353  665  613  3  1 96  1  0
2026-07-23 02:50:16  0  0      0 2089684      0 432304    0    0     0  6922  687  595  3  1 95  1  0
2026-07-23 02:50:21  0  0      0 2079260      0 432360    0    0     0  6422  642  566  3  1 96  1  0
2026-07-23 02:50:26  0  0      0 2066056      0 432436    0    0     0  5232  612  583  3  1 96  1  0
2026-07-23 02:50:31  0  0      0 2050972      0 432504    0    0     0  6345  694  608  3  1 95  1  0
2026-07-23 02:50:36  0  0      0 2039952      0 432592    0    0     0  7526  733  671  3  1 95  1  0
2026-07-23 02:50:41  0  0      0 2015468      0 432660    0    0     0  5784  610  534  3  1 96  1  0
2026-07-23 02:50:46  0  0      0 1996124      0 432724    0    0     0  5778  602  556  3  1 96  1  0
2026-07-23 02:50:51  0  0      0 1994812      0 417912    0    0     0  7011  736  681  3  1 95  1  0
2026-07-23 02:50:56  0  0      0 1982684      0 417988    0    0     0  6942  724  683  3  1 95  1  0
2026-07-23 02:51:01  0  0      0 1970564      0 418056    0    0     0  6354  697  649  3  1 95  1  0
2026-07-23 02:51:06  0  0      0 1959056      0 418116    0    0     0  4054  576  522  2  1 95  0  1
2026-07-23 02:51:11  0  0      0 1945516      0 418184    0    0     0  4631  611  590  2  1 96  0  0
2026-07-23 02:51:16  0  0      0 1936612      0 418260    0    0     0  6948  683  608  3  1 95  1  0
2026-07-23 02:51:21  0  0      0 1924216      0 418316    0    0     0  7027  720  704  3  1 95  1  0
2026-07-23 02:51:26  0  0      0 1904588      0 418408    0    0     0  5800  651  585  3  1 95  1  0
2026-07-23 02:51:31  0  0      0 1909972      0 418464    0    0     0  5206  612  583  2  1 96  1  0
2026-07-23 02:51:36  0  0      0 1902200      0 418540    0    0     0  6368  709  671  3  1 95  1  0
2026-07-23 02:51:41  0  0      0 1891556      0 418616    0    0     0  6951  728  680  3  1 95  1  0
2026-07-23 02:51:46  0  0      0 1877000      0 418672    0    0     0  6950  708  658  3  1 95  1  0
2026-07-23 02:51:51  0  0      0 1866468      0 418748    0    0     0  5878  625  583  3  1 96  1  0
2026-07-23 02:51:56 procs -----------memory---------- ---swap-- -----io---- -system-- ------cpu-----
2026-07-23 02:51:56  r  b   swpd   free   buff  cache   si   so    bi    bo   in   cs us sy id wa st
2026-07-23 02:51:56  0  0      0 1858852      0 418824    0    0     0  5807  623  584  3  1 96  1  0
2026-07-23 02:52:01  0  0      0 1842456      0 418900    0    0     0  6375  687  615  3  1 95  1  1
2026-07-23 02:52:06  0  0      0 1833108      0 418968    0    0     0  5792  701  667  3  1 93  1  3
2026-07-23 02:52:11  0  0      0 1829068      0 419020    0    0     0  5797  653  620  3  1 96  1  0
2026-07-23 02:52:16  0  0      0 1821124      0 419100    0    0     0  5802  615  567  3  1 96  1  0
2026-07-23 02:52:21  0  0      0 1805760      0 419176    0    0     0  6954  734  681  3  1 95  1  0
2026-07-23 02:52:26  0  0      0 1787112      0 419228    0    0     0  7052  682  624  3  1 95  1  0
2026-07-23 02:52:31  0  0      0 1776376      0 419300    0    0     0  6964  674  607  3  1 95  1  0
2026-07-23 02:52:36  0  0      0 1756376      0 427572    0    0     0  5221  603  554  3  1 96  1  0
2026-07-23 02:52:41  0  0      0 1744844      0 427644    0    0     0  5223  590  538  2  1 96  0  0
2026-07-23 02:52:46  0  0      0 1733628      0 427724    0    0     0  6960  701  631  3  1 95  1  0
2026-07-23 02:52:51  0  0      0 1714192      0 427772    0    0     0  6971  706  678  3  1 95  1  0
2026-07-23 02:52:56  0  0      0 1698864      0 427848    0    0     0  5888  630  587  3  1 96  1  0
2026-07-23 02:53:01  0  0      0 1686980      0 427928    0    0     0  5815  626  599  2  1 96  0  0
2026-07-23 02:53:06  0  0      0 1666760      0 427996    0    0     0  6394  774  708  3  2 91  1  3
2026-07-23 02:53:11  0  0      0 1652264      0 428072    0    0     0  6974  689  652  3  1 95  1  0
2026-07-23 02:53:16  0  0      0 1634212      0 428128    0    0     0  6970  679  615  3  1 95  1  0
2026-07-23 02:53:21  0  0      0 1620308      0 428212    0    0     0  5818  646  600  3  1 96  1  0
2026-07-23 02:53:26  0  0      0 1605936      0 428288    0    0     0  5888  641  638  3  1 96  1  0
2026-07-23 02:53:31  0  0      0 1593636      0 428368    0    0     0  6976  700  659  3  1 95  1  0
2026-07-23 02:53:36  0  0      0 1589940      0 428444    0    0     0  6990  685  618  3  1 96  1  0
2026-07-23 02:53:41 procs -----------memory---------- ---swap-- -----io---- -system-- ------cpu-----
2026-07-23 02:53:41  r  b   swpd   free   buff  cache   si   so    bi    bo   in   cs us sy id wa st
2026-07-23 02:53:41  0  0      0 1586592      0 428512    0    0     0  5824  640  619  3  1 96  1  0
2026-07-23 02:53:46  0  0      0 1585604      0 428568    0    0     0  4653  569  564  3  1 96  0  0
2026-07-23 02:53:51  0  0      0 1573112      0 428636    0    0     0  6989  683  601  3  1 95  1  0
2026-07-23 02:53:56  0  0      0 1564768      0 428720    0    0     0  6480  673  626  3  1 96  1  0
2026-07-23 02:54:01  0  0      0 1543604      0 428772    0    0     0  5818  636  563  3  1 95  0  1
2026-07-23 02:54:06  0  0      0 1535148      0 428840    0    0     0  5234  647  600  3  2 90  1  5
2026-07-23 02:54:11  0  0      0 1524876      0 428916    0    0     0  5841  621  564  3  1 96  1  0
2026-07-23 02:54:16  0  0      0 1508568      0 428972    0    0     0  7006  709  687  3  1 95  1  0
2026-07-23 02:54:21  0  0      0 1500932      0 429068    0    0     0  6417  707  676  3  1 95  1  0
2026-07-23 02:54:26  0  0      0 1478784      0 435828    0    0     0  5923  633  577  3  1 96  1  0
2026-07-23 02:54:31  0  0      0 1468444      0 435892    0    0     0  5833  600  565  2  1 96  1  0
2026-07-23 02:54:36  0  0      0 1454216      0 435968    0    0     0  7002  716  672  3  1 95  1  0
2026-07-23 02:54:41  0  0      0 1442784      0 436052    0    0     0  7000  690  605  3  1 95  1  0
2026-07-23 02:54:46  0  0      0 1424280      0 436116    0    0     0  7014  693  640  3  1 95  1  0
2026-07-23 02:54:51  0  0      0 1406764      0 436176    0    0     0  6433  740  680  3  1 95  1  0
2026-07-23 02:54:56  0  0      0 1390848      0 436256    0    0     0  5939  657  633  3  1 96  1  0
2026-07-23 02:55:01  0  0      0 1372932      0 436336    0    0     0  7009  696  630  3  1 94  1  1
2026-07-23 02:55:06  0  0      0 1341176      0 436428    0    0     0  7008  750  684  3  2 90  1  4
2026-07-23 02:55:11  0  0      0 1324868      0 436496    0    0     0  5844  604  555  3  1 96  1  0
2026-07-23 02:55:16  0  0      0 1302480      0 436552    0    0     0  5845  611  567  3  1 96  1  0
2026-07-23 02:55:21  0  0      0 1268028      0 436620    0    0     0  7024  701  641  3  1 95  1  0
2026-07-23 02:55:26 procs -----------memory---------- ---swap-- -----io---- -system-- ------cpu-----
2026-07-23 02:55:26  r  b   swpd   free   buff  cache   si   so    bi    bo   in   cs us sy id wa st
2026-07-23 02:55:26  0  0      0 1236444      0 436700    0    0     0  7148  743  701  3  1 95  1  0
2026-07-23 02:55:31  0  0      0 1209104      0 436760    0    0     0  7030  707  662  3  1 95  1  0
2026-07-23 02:55:36  0  0      0 1201408      0 421952    0    0     0  5852  669  621  3  1 96  1  0
2026-07-23 02:55:41  0  0      0 1185596      0 422028    0    0     0  5848  649  634  3  1 96  1  0
2026-07-23 02:55:46  0  0      0 1175276      0 422104    0    0     0  6433  694  671  3  1 95  1  0
2026-07-23 02:55:51  0  0      0 1164412      0 422156    0    0     0  7027  722  695  3  1 95  1  0
2026-07-23 02:55:56  0  0      0 1152860      0 422244    0    0     0  5877  630  593  3  1 96  1  0
2026-07-23 02:56:01  0  0      0 1136632      0 422308    0    0     0  5942  582  513  3  1 96  0  0
2026-07-23 02:56:06  0  0      0 1101592      0 422384    0    0     0  5870  749  686  3  2 85  1  9
2026-07-23 02:56:11  0  0      0 1080032      0 422464    0    0     0  7614  757  708  3  1 95  1  0
2026-07-23 02:56:16  0  0      0 1062016      0 422512    0    0     0  6442  672  633  3  1 96  1  0
2026-07-23 02:56:21  0  0      0 1052024      0 422596    0    0     0  5856  641  606  3  1 96  1  0
2026-07-23 02:56:26  0  0      0 1046664      0 422664    0    0     0  5864  637  621  3  1 96  1  0
2026-07-23 02:56:31  0  0      0 1018664      0 422744    0    0     0  6535  653  580  3  1 95  1  0
2026-07-23 02:56:36  0  0      0 998744      0 422800    0    0     0  7058  705  647  3  1 95  1  0
2026-07-23 02:56:41  0  0      0 977824      0 422888    0    0     0  5867  662  633  3  1 96  1  0
2026-07-23 02:56:46  0  0      0 957068      0 422948    0    0     0  5864  599  564  3  1 96  1  0
2026-07-23 02:56:51  0  0      0 940100      0 423028    0    0     0  7037  689  617  3  1 95  1  0
2026-07-23 02:56:56  0  0      0 911800      0 423080    0    0     0  7044  736  695  3  1 95  1  0
2026-07-23 02:57:01  0  0      0 895360      0 423172    0    0     0  7635  709  634  3  1 95  1  1
2026-07-23 02:57:06  0  0      0 885872      0 423252    0    0     0  5975  706  699  3  1 93  1  3
2026-07-23 02:57:11 procs -----------memory---------- ---swap-- -----io---- -system-- ------cpu-----
2026-07-23 02:57:11  r  b   swpd   free   buff  cache   si   so    bi    bo   in   cs us sy id wa st
2026-07-23 02:57:11  0  0      0 870792      0 423328    0    0     0  5889  615  578  3  1 96  1  0
2026-07-23 02:57:16  0  0      0 856936      0 423404    0    0     0  7046  707  689  3  1 95  1  0
2026-07-23 02:57:21  0  0      0 840644      0 431648    0    0     0  7046  717  666  3  1 95  1  0
2026-07-23 02:57:26  0  0      0 830320      0 431744    0    0     0  5873  651  622  3  1 96  1  0
2026-07-23 02:57:31  0  0      0 819508      0 431808    0    0     0  6459  655  620  3  1 96  1  0
2026-07-23 02:57:36  0  0      0 799076      0 431876    0    0     0  7144  719  702  3  1 95  1  0
2026-07-23 02:57:41  0  0      0 784264      0 431964    0    0     0  7074  716  680  3  1 95  1  0
2026-07-23 02:57:46  0  0      0 773880      0 432028    0    0     0  7059  714  660  3  1 95  1  0
2026-07-23 02:57:51  0  0      0 753296      0 432092    0    0     0  5880  616  554  3  1 96  1  0
2026-07-23 02:57:56  0  0      0 730276      0 432168    0    0     0  5889  620  586  3  1 96  1  0
2026-07-23 02:58:01  0  0      0 719044      0 432236    0    0     0  6473  717  694  3  1 95  1  1
2026-07-23 02:58:06  0  0      0 706388      0 432316    0    0     0  5958  725  683  3  2 92  0  3
2026-07-23 02:58:11  0  0      0 696296      0 432384    0    0     0  5891  659  651  3  1 96  1  0
2026-07-23 02:58:16  0  0      0 670984      0 432444    0    0     0  5905  652  618  3  1 96  1  0
2026-07-23 02:58:21  0  0      0 657232      0 432512    0    0     0  6482  697  685  3  1 96  1  0
2026-07-23 02:58:26  0  0      0 633988      0 432596    0    0     0  7067  723  678  3  1 95  1  0
2026-07-23 02:58:31  0  0      0 628196      0 432644    0    0     0  6477  697  666  3  1 96  1  0
2026-07-23 02:58:36  0  0      0 619728      0 432724    0    0     0  5971  628  565  3  1 96  1  0
2026-07-23 02:58:41  0  0      0 613800      0 432800    0    0     0  5888  641  630  3  1 96  1  0
2026-07-23 02:58:46  0  0      0 603592      0 432868    0    0     0  7086  732  699  3  1 95  1  0
2026-07-23 02:58:51  0  0      0 599828      0 432928    0    0     0  7082  721  678  3  1 95  1  0
2026-07-23 02:58:56 procs -----------memory---------- ---swap-- -----io---- -system-- ------cpu-----
2026-07-23 02:58:56  r  b   swpd   free   buff  cache   si   so    bi    bo   in   cs us sy id wa st
2026-07-23 02:58:56  0  0      0 580016      0 433008    0    0     0  6494  656  583  3  1 96  1  0
2026-07-23 02:59:01  0  0      0 558744      0 433088    0    0     0  5901  632  605  3  1 95  1  0
2026-07-23 02:59:06  0  0      0 536300      0 433164    0    0     0  6566  765  679  3  2 91  0  4
2026-07-23 02:59:11  0  0      0 512920      0 439940    0    0     0  7075  707  635  3  1 95  1  0
2026-07-23 02:59:16  0  0      0 495720      0 439988    0    0     0  7077  666  593  3  1 95  1  0
2026-07-23 02:59:21  0  0      0 472160      0 440064    0    0     0  5910  660  621  3  1 96  1  0
2026-07-23 02:59:26  0  0      0 442128      0 440144    0    0     0  5922  612  552  3  1 96  1  0
2026-07-23 02:59:31  0  0      0 413876      0 440220    0    0     0  7089  710  669  3  1 95  1  0
2026-07-23 02:59:36  0  0      0 386808      0 440284    0    0     0  7085  722  680  3  1 95  1  0
2026-07-23 02:59:41  0  0      0 360060      0 440352    0    0     0  5989  642  614  3  1 96  1  0
2026-07-23 02:59:46  0  0      0 349976      0 440428    0    0     0  5904  623  580  3  1 96  1  0
2026-07-23 02:59:51  0  0      0 324132      0 440496    0    0     0  7086  692  609  3  1 95  1  0
2026-07-23 02:59:56  0  0      0 294712      0 440584    0    0     0  7117  681  615  3  1 95  1  0
2026-07-23 03:00:01  1  0      0 273904      0 440636    0    0     0  6514  724  637  4  1 93  1  1
2026-07-23 03:00:06  0  0      0 268956      0 440720    0    0     0  5323  774  647  3  2 83  1 11
2026-07-23 03:00:11  0  0      0 256024      0 440792    0    0     0  5399  617  610  2  1 96  0  0
2026-07-23 03:00:16  0  0      0 238508      0 440868    0    0     0  7094  685  641  3  1 95  1  0
2026-07-23 03:00:21  0  0      0 229172      0 426048    0    0     0  7094  695  658  3  1 95  1  0
2026-07-23 03:00:26  0  0      0 206752      0 426104    0    0     0  5917  632  621  3  1 96  1  0
2026-07-23 03:00:31  0  0      0 189240      0 426180    0    0     0  5938  617  587  3  1 96  1  0
2026-07-23 03:00:36  0  0      0 172660      0 426256    0    0     0  7117  690  651  3  1 95  1  0
2026-07-23 03:00:41 procs -----------memory---------- ---swap-- -----io---- -system-- ------cpu-----
2026-07-23 03:00:41  r  b   swpd   free   buff  cache   si   so    bi    bo   in   cs us sy id wa st
2026-07-23 03:00:41  0  0      0 154824      0 426332    0    0     0  7187  705  688  3  1 95  1  0
2026-07-23 03:00:46  0  0      0 133512      0 426384    0    0     0  7104  715  670  3  1 95  1  0
2026-07-23 03:00:51  0  0      0 121612      0 426460    0    0     0  5920  623  561  3  1 96  1  0
2026-07-23 03:00:56  0  0      0 104944      0 426536    0    0     0  5969  648  653  3  1 96  1  0
2026-07-23 03:01:01  3  1      0 104612      0 407160    0    0   850  7193  754  671  3  2 93  1  1
2026-07-23 03:01:06  0  0      0 113528      0 400500    0    0     0  5955  747  712  3  2 89  0  5
2026-07-23 03:01:11  0  0      0 103888      0 394040    0    0     0  5952  653  610  3  1 95  1  0
2026-07-23 03:01:16  0  0      0 103088      0 374508    0    0     0  5939  617  611  3  1 96  1  0
2026-07-23 03:01:21  0  0      0  99152      0 364516    0    0     0  6521  714  688  3  1 95  1  0
2026-07-23 03:01:26  0  0      0 102748      0 353868    0    0     0  6521  701  675  3  1 95  1  0
2026-07-23 03:01:31  0  0      0 102220      0 340160    0    0     0  7126  690  621  3  1 95  1  0
2026-07-23 03:01:36  0  0      0 102600      0 332968    0    0     0  5928  645  612  3  1 96  1  0
2026-07-23 03:01:41  0  0      0 101292      0 323528    0    0     0  5942  615  594  3  1 96  1  0
2026-07-23 03:01:46  0  0      0 104672      0 309944    0    0     0  7841  698  612  3  1 95  1  0
2026-07-23 03:01:51  0  0      0 100476      0 300840    0    0     2  7144  719  681  3  1 95  1  0
2026-07-23 03:01:56  0  0      0 101584      0 288004    0    0    10  5954  664  638  3  1 96  1  0
2026-07-23 03:02:01  0  0      0 112520      0 248940    0    0   718  5988  684  617  3  1 95  1  1
2026-07-23 03:02:06  0  0      0 105980      0 237232    0    0  4722  6546  881  809  3  3 87  2  6
2026-07-23 03:02:11  0  0      0  99564      0 214892    0    0  5245  7255  934  970  3  2 93  2  0
2026-07-23 03:02:16  4  2      0  84912      0 219484    0    0 137256  2436 1918 1259  2  8 38 52  0
2026-07-23 03:02:21  0  5      0  85464      0 216220    0    0 132242  1810 2508 1710  2 11  5 82  0
2026-07-23 03:02:26 procs -----------memory---------- ---swap-- -----io---- -system-- ------cpu-----
2026-07-23 03:02:27  r  b   swpd   free   buff  cache   si   so    bi    bo   in   cs us sy id wa st
2026-07-23 03:02:28  2  8      0  88184      0 210172    0    0 132026  1834 2464 1747  1 11  6 82  0
2026-07-23 03:02:32  0  7      0  87308      0 212564    0    0 133980   611 2158 1541  1 16  2 81  0
2026-07-23 03:02:38  0  8      0  87244      0 214360    0    0 163964   617 2575 1866  1 17  2 79  0
2026-07-23 03:02:46  0 17      0  86604      0 214464    0    0 204258    12 3013 2172  1 19  3 77  0
2026-07-23 03:02:52  2  4      0  93860      0 206928    0    0 145210   608 3084 2152  1 19  3 78  0
2026-07-23 03:02:57  1  3      0  86216      0 213164    0    0 129997   618 2476 1786  1 15  5 79  0
2026-07-23 03:03:02  2  4      0  90140      0 208908    0    0 132443   643 2189 1533  1 13  7 74  6
2026-07-23 03:03:07  0 13      0  86892      0 213516    0    0 133979   612 2444 1829  1 16  3 79  1
2026-07-23 03:03:13  0  8      0  88620      0 211392    0    0 133912   614 2335 1774  1 14  4 81  0
2026-07-23 03:03:21  0 16      0  89092      0 213264    0    0 226690   669 3505 2595  1 20  2 77  0
2026-07-23 03:03:30  0 11      0  86596      0 216256    0    0 207982    53 2985 1967  1 18  1 80  0
2026-07-23 03:03:39  1 20      0  87064      0 213748    0    0 256014   614 3119 2166  1 18  3 78  0
2026-07-23 03:03:45  0 14      0  86864      0 211504    0    0 139423   618 4379 3270  1 21  2 76  0
2026-07-23 03:03:52  5  4      0  87220      0 213576    0    0 175305   613 3020 2129  1 18  5 76  0
2026-07-23 03:03:58  1 19      0  86832      0 213608    0    0 147991    15 2610 1936  1 21  3 76  0
2026-07-23 03:04:03  0  8      0  87360      0 213260    0    0 152346    20 2623 1616  0 29  1 62  7
2026-07-23 03:04:28  6 12      0  88488      0 210724    0    0 599664  1209 3706 2623  1 23  3 73  0
2026-07-23 03:04:42  6 12      0  86684      0 213580    0    0 391877    15 12722 7578  0 41  1 58  0
2026-07-23 03:04:47  0  4      0  87328      0 215404    0    0 132819  1214 3564 2525  2 19  5 74  0
2026-07-23 03:04:53  0  8      0  90388      0 211932    0    0 137248  1222 2203 1564  1 11  7 80  0
2026-07-23 03:04:59  1 14      0  86264      0 217748    0    0 144372  1886 2261 1800  2 13 11 73  0
2026-07-23 03:05:04 procs -----------memory---------- ---swap-- -----io---- -system-- ------cpu-----
2026-07-23 03:05:04  r  b   swpd   free   buff  cache   si   so    bi    bo   in   cs us sy id wa st
2026-07-23 03:05:05  3 10      0  87044      0 217096    0    0 142673   622 2569 1824  1 12  6 72  9
2026-07-23 03:05:10  0 14      0  87208      0 215932    0    0 135324  1808 2189 1692  1 11  7 81  0
2026-07-23 03:05:15  0  6      0  87300      0 216056    0    0 140051  1216 2604 2033  2 11 10 78  0
2026-07-23 03:05:20  0 13      0  89832      0 213468    0    0 136394  1214 2364 1880  1 11  9 80  0
2026-07-23 03:05:26  3  3      0  90484      0 210092    0    0 132005  1212 2387 1950  1 11  5 82  0
2026-07-23 03:05:32  0 13      0  86940      0 215844    0    0 159233   657 2703 2085  1 13  4 82  0
2026-07-23 03:05:37  0 18      0  89448      0 211496    0    0 130030  1212 2341 1902  1 10  5 83  0
2026-07-23 03:05:42  2  2      0  89000      0 211432    0    0 129867  1263 2518 2104  2 13  7 77  0
2026-07-23 03:05:47  2 10      0  90260      0 211588    0    0 134332  1818 2269 1797  2 10 10 79  0
2026-07-23 03:05:53  4  2      0  86348      0 216648    0    0 137878  1210 2317 1691  1 12  2 85  0
2026-07-23 03:05:58  0 14      0  88164      0 215220    0    0 131818   647 2359 1782  1 12  5 82  0
2026-07-23 03:06:03  0  5      0  86768      0 216284    0    0 129011   613 2303 1659  1 14  2 68 15
2026-07-23 03:06:08  0  5      0  90840      0 212788    0    0 135526  1231 2238 1689  1 12  6 80  0
2026-07-23 03:06:13  0  4      0  86924      0 215456    0    0 133447   613 2427 1841  1 12  6 81  0
2026-07-23 03:06:19  2  2      0  87276      0 215332    0    0 131418  1207 2336 1819  1 14  3 82  0
2026-07-23 03:06:24  8  8      0  90212      0 212548    0    0 145262   614 2641 2040  1 12  6 80  0
2026-07-23 03:06:30  0  5      0  87096      0 215568    0    0 137993  1261 2538 1963  1 12  6 81  0
2026-07-23 03:06:35  2  1      0  86728      0 216200    0    0 129719  1245 2463 1925  2 11  6 81  0
2026-07-23 03:06:40  1  2      0  87208      0 214668    0    0 128478   616 2102 1555  1 13  6 80  0
2026-07-23 03:06:45  4  1      0  87144      0 216312    0    0 132403  1206 2142 1558  1 11 10 78  0
2026-07-23 03:06:50  0  9      0  87076      0 213572    0    0 131086  1215 2340 1787  1 12  4 83  0
2026-07-23 03:06:55 procs -----------memory---------- ---swap-- -----io---- -system-- ------cpu-----
2026-07-23 03:06:56  r  b   swpd   free   buff  cache   si   so    bi    bo   in   cs us sy id wa st
2026-07-23 03:06:56  2  6      0  92684      0 212848    0    0 134187  2426 2349 1825  2 10 11 78  0
2026-07-23 03:07:01  2  4      0  91664      0 213292    0    0 129483  1844 2232 1620  2  8  6 82  2
2026-07-23 03:07:06  0 10      0  93784      0 214512    0    0 136540  2895 2280 1789  2  9 11 73  6
2026-07-23 03:07:12  3  2      0  87140      0 219748    0    0 135798  2530 2119 1503  2  8  8 81  0
2026-07-23 03:07:17  0  0      0  91560      0 220980    0    0 124257  3595 2195 1599  2  9 19 70  0
2026-07-23 03:07:22  0  4      0  87052      0 232648    0    0 125108  6122 2291 1526  4 12 13 71  0
2026-07-23 03:07:27  0  4      0  88740      0 229652    0    0 123811  6435 2200 1488  5 14 15 66  0
2026-07-23 03:07:32  0 18      0  96056      0 223664    0    0 126781  4812 2201 1634  4 10 13 73  0
2026-07-23 03:07:37  2  3      0  92056      0 227144    0    0 123391  7170 2231 1682  5 11 10 74  0
2026-07-23 03:07:42  0  3      0  97548      0 219728    0    0 126419  5976 2271 1604  4 10 15 71  0
2026-07-23 03:07:47 10  0      0  95864      0 223372    0    0 128639  5387 2262 1607  4 10  8 78  0
2026-07-23 03:07:52  1  2      0  92484      0 224328    0    0 125439  4805 2226 1608  4 10 16 70  0
2026-07-23 03:07:58  2  5      0  92176      0 226804    0    0 124915  5994 2075 1409  4  9 32 55  0
2026-07-23 03:08:03  0  5      0  86960      0 231040    0    0 124904  4807 2346 1550  4 12  7 67 10
2026-07-23 03:08:08  2  5      0 101284      0 222048    0    0 125059  5982 2199 1511  4  9 19 67  0
2026-07-23 03:08:13  3  4      0  97656      0 224748    0    0 133403  5383 2857 1896  5 14  4 77  0
2026-07-23 03:08:18  1  4      0  97012      0 231628    0    0 124643  7220 2826 1678 10 17 10 64  0
2026-07-23 03:08:24  0  5      0  86480      0 244120    0    0 125773  8405 2565 1679  8 11 18 64  0
2026-07-23 03:08:29  0  3      0  89708      0 237960    0    0 127738  3618 2434 1681  4 11  4 80  0
2026-07-23 03:08:34  1  0      0  87316      0 242100    0    0 114422  6138 2323 1598  8 12 12 68  0
2026-07-23 03:08:39  0 11      0  92544      0 238004    0    0 134590  6034 2416 1628  6 11 19 64  0
2026-07-23 03:08:44 procs -----------memory---------- ---swap-- -----io---- -system-- ------cpu-----
2026-07-23 03:08:44  r  b   swpd   free   buff  cache   si   so    bi    bo   in   cs us sy id wa st
2026-07-23 03:08:44  2  3      0 103112      0 237328    0    0 69448 10194 1961 1315 10  9 46 34  0
2026-07-23 03:08:49  0  0      0  90484      0 248376    0    0 86991 13177 2064 1205 12 10 68 10  0
2026-07-23 03:08:54  0  1      0  93240      0 236972    0    0 123008  9605 2461 1614 10 12 29 49  0
2026-07-23 03:08:59  0  4      0  89252      0 238124    0    0 126763  4842 2413 1622  5 10  8 77  0
2026-07-23 03:09:04  0  3      0  88740      0 239128    0    0 126999  4258 2375 1490  5 12  7 64 12
2026-07-23 03:09:09  4  2      0  86780      0 240624    0    0 124718  4222 2398 1629  4 10  8 77  0
2026-07-23 03:09:14  1  3      0  87012      0 237716    0    0 126067  3636 2452 1669  7 13  7 73  0
2026-07-23 03:09:20  0  6      0  87412      0 236840    0    0 136091  3612 2343 1686  2  9  9 80  0
2026-07-23 03:09:25  0  9      0  95348      0 227564    0    0 127859  3058 2677 1789  7 15  3 75  0
2026-07-23 03:09:30  1  3      0  89560      0 234780    0    0 129800  2459 2449 1727  5 12  8 76  0
2026-07-23 03:09:35  1  4      0  87908      0 235656    0    0 129351  2450 2236 1588  3 12  9 76  0
2026-07-23 03:09:41  2 14      0  89440      0 229492    0    0 151749  1858 2510 1759  4 13  6 77  0
2026-07-23 03:09:47  2  3      0  90672      0 227656    0    0 150063  1229 2704 1714  2 13  4 81  0
2026-07-23 03:09:54  3  6      0  88520      0 233120    0    0 174426  1214 2766 1937  1 13  7 79  0
2026-07-23 03:09:59  3  5      0  87060      0 233540    0    0 139787  1216 2601 1904  1 12  6 81  0
2026-07-23 03:10:06  3 11      0  88112      0 231104    0    0 180591   651 2487 1713  1 13  7 68 11
2026-07-23 03:10:12  4  1      0  88264      0 229752    0    0 128887  1807 2279 1722  1 11  6 82  0
2026-07-23 03:10:17  5  8      0  87088      0 231188    0    0 130011  1213 2075 1525  1 11  9 79  0
2026-07-23 03:10:23  1 12      0  87256      0 232496    0    0 156686   618 2365 1691  1 12  7 80  0
2026-07-23 03:10:28  2 10      0  86728      0 231772    0    0 128208  1845 2785 2105  6 15  6 73  0
2026-07-23 03:10:33  0  7      0  95864      0 221840    0    0 131746  1362 2606 1919  5 14  3 78  0
2026-07-23 03:10:38 procs -----------memory---------- ---swap-- -----io---- -system-- ------cpu-----
2026-07-23 03:10:39  r  b   swpd   free   buff  cache   si   so    bi    bo   in   cs us sy id wa st
2026-07-23 03:10:39  4 17      0  88156      0 231100    0    0 128610  1256 2426 1684  5 17  3 74  0
2026-07-23 03:10:43  1 13      0  89068      0 229640    0    0 130173   628 2058 1442  2 14  2 82  0
2026-07-23 03:10:48  0  5      0  91228      0 225992    0    0 132673  1267 2980 2271  8 16  6 71  0
2026-07-23 03:10:54  3  4      0  86688      0 232732    0    0 129446  1210 2269 1898  1 10  5 84  0
2026-07-23 03:10:59  0  5      0  88232      0 231412    0    0 131223   628 2386 1836  1 11  3 85  0
2026-07-23 03:11:04  0  6      0  89936      0 230360    0    0 141506   676 2447 1820  1 14  5 67 13
2026-07-23 03:11:10  2  4      0  88852      0 228780    0    0 138730  1246 2423 1865  3 13  4 81  0
2026-07-23 03:11:15  0 12      0  86868      0 232924    0    0 133983  1221 2365 1900  1 11  7 81  0
2026-07-23 03:11:20  0 15      0  87808      0 231728    0    0 136137   640 2550 2083  3 12  6 79  0
2026-07-23 03:11:25  0  5      0  95576      0 227804    0    0 130555  1239 2493 2015  4 13  1 83  0
2026-07-23 03:11:31  0  3      0  95456      0 229488    0    0 128153  3065 2382 1528  2  7 29 62  0
2026-07-23 03:11:36  1  4      0  98092      0 226664    0    0 128215  3618 2068 1427  2  7 27 65  0
2026-07-23 03:11:41  0  0      0  87824      0 236796    0    0 122298  3614 2195 1509  2  7  9 81  0
2026-07-23 03:11:46  0  9      0  90684      0 234036    0    0 127686  3610 2087 1431  2  8 17 73  0
2026-07-23 03:11:51  1  5      0  95136      0 230496    0    0 129881  3605 2209 1426  2  8 10 80  0
2026-07-23 03:11:56  0  4      0  88152      0 237940    0    0 125286  4198 2117 1521  2  8  9 80  0
2026-07-23 03:12:02  5  2      0  93848      0 230796    0    0 151165  4210 2284 1566  2  8 19 64  6
2026-07-23 03:12:07  1  0      0 100492      0 230856    0    0 105138  4212 2468 1446  6 16 17 51 10
2026-07-23 03:12:12  0  3      0  86596      0 244804    0    0 144575  4808 2502 1729  5 12 11 72  0
2026-07-23 03:12:17  0  4      0  93040      0 237428    0    0 126420  4806 2243 1442  5 11  6 78  0
2026-07-23 03:12:22  3  7      0  91148      0 241056    0    0 128641  4223 2231 1586  4 10 13 73  0
2026-07-23 03:12:27 procs -----------memory---------- ---swap-- -----io---- -system-- ------cpu-----
2026-07-23 03:12:28  r  b   swpd   free   buff  cache   si   so    bi    bo   in   cs us sy id wa st
2026-07-23 03:12:28  7  1      0  94372      0 235172    0    0 123528  6649 2264 1691  5 10  8 77  0
2026-07-23 03:12:32  0  0      0  89220      0 241868    0    0 114296  5419 2101 1390  5 11 17 68  0
2026-07-23 03:12:38  1  2      0  94028      0 237528    0    0 131810  7214 2544 1640  7 13 12 68  0
2026-07-23 03:12:43  0  4      0  97784      0 238912    0    0 125980  4809 2683 1472  9 21  9 61  0
2026-07-23 03:12:48  0  3      0  92036      0 243928    0    0 125454  5406 2714 1527  9 17  6 68  0
2026-07-23 03:12:53  2  2      0  96144      0 242616    0    0 122441  6011 2323 1485  6 14  6 74  0
2026-07-23 03:12:58  0  7      0 101276      0 234476    0    0 125266  5411 2464 1556  7 15  9 68  0
2026-07-23 03:13:03  2  1      0  93532      0 242884    0    0 125343  4214 2352 1477  5 13  7 66  9
2026-07-23 03:13:08  1  3      0  89400      0 246840    0    0 123503  6635 2448 1605  8 14 14 64  0
2026-07-23 03:13:13  0  6      0  88336      0 248984    0    0 126242  5271 2297 1524  5 12  7 76  0
2026-07-23 03:13:18  1  4      0  92512      0 244564    0    0 128739  5589 2376 1595  5 12 22 61  0
2026-07-23 03:13:24  0  3      0 100492      0 234812    0    0 127667  4821 2427 1672  5 11  9 75  0
2026-07-23 03:13:29  1  4      0  88976      0 253896    0    0 125427  4210 2402 1670  5 12  9 74  0
2026-07-23 03:13:34  6  2      0  96924      0 247228    0    0 131268  5418 2615 1481  9 20  6 64  0
2026-07-23 03:13:39  0  6      0  93908      0 246532    0    0 125428  7030 2545 1560  9 16  7 67  0
2026-07-23 03:13:44  1  6      0  93144      0 248376    0    0 124475  6214 2581 1621  9 15  6 69  0
2026-07-23 03:13:49  0  6      0 100348      0 240872    0    0 126984  3562 2291 1402  7 12 23 58  0
2026-07-23 03:13:54  0  6      0  97284      0 243400    0    0 126456  4290 2283 1395  7 13 31 49  0
2026-07-23 03:14:00  2  1      0  92000      0 248644    0    0 128006  4234 2411 1620  6 12 17 64  0
2026-07-23 03:14:05  6  0      0  99600      0 241604    0    0 123538  4832 2286 1387  6 14 12 53 15
2026-07-23 03:14:10  6  3      0  88100      0 252124    0    0 129526  4218 2149 1408  6 12 21 61  0
2026-07-23 03:14:15 procs -----------memory---------- ---swap-- -----io---- -system-- ------cpu-----
2026-07-23 03:14:15  r  b   swpd   free   buff  cache   si   so    bi    bo   in   cs us sy id wa st
2026-07-23 03:14:15  0  4      0  96116      0 244964    0    0 127526  4221 2422 1672  4 10  5 80  0
2026-07-23 03:14:20  0  3      0  93940      0 245340    0    0 128108  6028 2379 1633  5 10  7 77  0
2026-07-23 03:14:25  0  6      0  94412      0 246816    0    0 129027  5244 2289 1523  5 12 14 69  0
2026-07-23 03:14:30  0  4      0  88404      0 252040    0    0 126517  4819 2274 1482  4 11 30 55  0
2026-07-23 03:14:36  0  5      0  99548      0 241004    0    0 131048  3824 2431 1674  5 11  6 78  0
2026-07-23 03:14:41  0  0      0 104920      0 233900    0    0 121279  5449 2350 1667  4 10 12 75  0
2026-07-23 03:14:46  0  6      0  91472      0 249416    0    0 133835  6044 2509 1815  5 10 12 73  0
2026-07-23 03:14:51  0  4      0  89248      0 252640    0    0 127427  4655 2477 1654  6 13  6 75  0
2026-07-23 03:14:56  1  5      0  94432      0 245716    0    0 127743  5012 2341 1544  4 10 12 74  0
2026-07-23 03:15:02  2  4      0  87048      0 253616    0    0 127569  3641 2274 1495  4 13  4 70  9
2026-07-23 03:15:07  0  0      0  99296      0 240492    0    0 109338  4222 2129 1292  5 12 35 40  8
2026-07-23 03:15:12  0  4      0  96908      0 244416    0    0 140728  4833 2093 1443  3  9 26 62  0
2026-07-23 03:15:17  1  2      0  97104      0 241916    0    0 133428  3626 2412 1657  4 10 15 71  0
2026-07-23 03:15:22  0  1      0  91108      0 248468    0    0 122838  4227 2096 1450  4 10 31 55  0
2026-07-23 03:15:27  0  5      0  92072      0 248508    0    0 130007  4655 2135 1427  3  9 29 60  0
2026-07-23 03:15:32  1  3      0  97628      0 241180    0    0 126107  4428 2175 1375  6 13 13 68  0
2026-07-23 03:15:37  0  6      0  94200      0 247736    0    0 126083  5266 2161 1456  5 10 22 63  0
2026-07-23 03:15:43  3  8      0  96296      0 244088    0    0 132104  5037 2294 1497  4  9 20 67  0
2026-07-23 03:15:48  0  8      0  89700      0 248200    0    0 126674  7262 2290 1676  4  8 17 71  0
2026-07-23 03:15:53  0  3      0  92688      0 247868    0    0 124652  5443 2109 1483  4  9 25 62  0
2026-07-23 03:15:58  0  4      0  98976      0 254604    0    0 124487  6123 2455 1478 10 16 30 44  0
2026-07-23 03:16:03 procs -----------memory---------- ---swap-- -----io---- -system-- ------cpu-----
2026-07-23 03:16:03  r  b   swpd   free   buff  cache   si   so    bi    bo   in   cs us sy id wa st
2026-07-23 03:16:03  1  4      0  88832      0 264760    0    0 124208  6728 2783 1525 13 22  8 43 13
2026-07-23 03:16:08  2  4      0  96560      0 257100    0    0 123248  6122 2967 1729 18 29  6 48  0
2026-07-23 03:16:14  1  8      0  86564      0 266876    0    0 125741  6708 2966 1939 12 22  4 61  0
2026-07-23 03:16:19  2  4      0  95896      0 259172    0    0 124376  6120 2681 1595 14 23 15 48  0
2026-07-23 03:16:24  0 10      0 100396      0 253468    0    0 124580  7924 2682 1314 18 26 19 37  0
2026-07-23 03:16:29  2  1      0 102440      0 250804    0    0 103916  8497 2637 1496 17 23 27 33  0
2026-07-23 03:16:34  0  0      0 104172      0 258408    0    0 86391 10347 2375 1279 19 23 32 26  0
2026-07-23 03:16:39  1  0      0 111400      0 249500    0    0 93435 14616 2615 1322 23 25 46  6  0
2026-07-23 03:16:44  2  5      0 104760      0 255424    0    0 119654 12154 2902 1599 19 23 45 14  0
2026-07-23 03:16:49  2  2      0 105564      0 254580    0    0 100560 13972 2820 1392 24 27 35 15  0
2026-07-23 03:16:54  0  6      0 105368      0 252760    0    0 141133  3694 3063 1898 12 18  3 67  0
2026-07-23 03:16:59  3  5      0 104144      0 254664    0    0 128258  4280 2858 1813 12 18  3 67  0
2026-07-23 03:17:05  2  7      0  89676      0 269332    0    0 132247  1897 2418 2043  1  8  1 84  6
2026-07-23 03:17:10  2  7      0 103744      0 254904    0    0 129499  1908 3427 2318 17 27  2 55  0
2026-07-23 03:17:15  3  1      0 107168      0 251212    0    0 125988  3074 3034 2218  9 16  2 73  0
2026-07-23 03:17:20  1  3      0 106352      0 252884    0    0 128396  4929 3007 1671 16 24 17 43  0
2026-07-23 03:17:25  2  1      0 107944      0 252548    0    0 52032  9733 2036 1170 16 20 54 10  0
2026-07-23 03:17:30  0  0      0 114892      0 255552    0    0 49530  8504 1882  951 17 20 60  3  0
2026-07-23 03:17:35  0  0      0 108788      0 263448    0    0  6881  9780 1462  772 19 20 59  1  0
2026-07-23 03:17:40  1  0      0 112576      0 257056    0    0 18571  9785 1621  910 18 20 60  2  0
2026-07-23 03:17:45  1  0      0 110020      0 260656    0    0 24717  8569 1566  919 15 17 66  2  0
2026-07-23 03:17:50 procs -----------memory---------- ---swap-- -----io---- -system-- ------cpu-----
2026-07-23 03:17:50  r  b   swpd   free   buff  cache   si   so    bi    bo   in   cs us sy id wa st
2026-07-23 03:17:50  0  0      0 110752      0 260664    0    0 58600  7368 1840  909 15 19 62  4  0
2026-07-23 03:17:55  2  0      0 106052      0 264428    0    0 60510  9732 1996  916 19 22 56  4  0
2026-07-23 03:18:00  1  0      0 112964      0 256936    0    0 61036  9731 2048 1023 19 21 56  4  0
2026-07-23 03:18:05  2  3      0  93484      0 275972    0    0 138647  6870 2721 1546 13 21 24 22 21
2026-07-23 03:18:10  1  1      0 105788      0 263320    0    0 65839  9764 2222 1150 20 24 51  5  0
2026-07-23 03:18:15  0  0      0 108904      0 261388    0    0 41245 10965 1882 1002 19 20 58  3  0
2026-07-23 03:18:20  0  0      0 104568      0 267496    0    0 60818 10350 2234 1223 20 22 53  5  0
2026-07-23 03:18:25  1  0      0 108080      0 262872    0    0 52296 10961 2032 1016 19 21 57  3  0
2026-07-23 03:18:30  2  1      0 107752      0 261556    0    0 59520 11591 2030 1038 19 21 56  4  0
2026-07-23 03:18:35  0 12      0  95356      0 259192    0    0 127473  6787 2494 1281 15 23 37 24  0
2026-07-23 03:18:41  0  8      0  99284      0 256656    0    0 131311  3066 2343 1636  3 11  9 77  0
2026-07-23 03:18:46  1  4      0  96048      0 259604    0    0 127571  3103 2472 1530  8 17  4 71  0
2026-07-23 03:18:51  0 10      0  94388      0 261904    0    0 130231  3707 2615 1641  8 18  2 72  0
2026-07-23 03:18:56  0  8      0  94476      0 262932    0    0 126709  3711 2715 1505 12 23  4 62  0
2026-07-23 03:19:01  4  1      0  93244      0 261040    0    0 131442  2473 2326 1534  5 14  2 75  3
2026-07-23 03:19:06  0  8      0  96896      0 257432    0    0 126911  3219 2724 1585  9 20  3 61  6
2026-07-23 03:19:12  1  8      0  89876      0 265916    0    0 128254  3751 2626 1571  9 19  4 67  0
2026-07-23 03:19:17  1  3      0  86812      0 264432    0    0 126236  3109 2643 1545 10 20  3 67  0
2026-07-23 03:19:22  0  7      0  87876      0 262972    0    0 129000  1278 2373 1496  6 15  2 77  0
2026-07-23 03:19:27  0  4      0  88772      0 262748    0    0 129174  3109 2539 1543 11 19  5 65  0
2026-07-23 03:19:32  0  6      0  87704      0 265468    0    0 132035  3119 2722 1624 11 19  6 64  0
2026-07-23 03:19:37 procs -----------memory---------- ---swap-- -----io---- -system-- ------cpu-----
2026-07-23 03:19:37  r  b   swpd   free   buff  cache   si   so    bi    bo   in   cs us sy id wa st
2026-07-23 03:19:37  1 11      0  86924      0 265616    0    0 128386  1315 2277 1418  5 16  5 74  0
2026-07-23 03:19:43  5  8      0  89456      0 262776    0    0 139365  3552 2942 1757 13 24  9 54  0
2026-07-23 03:19:48  1  9      0  90712      0 261008    0    0 129856  2085 2864 1692 11 19  4 66  0
2026-07-23 03:19:53  0  7      0  93672      0 260908    0    0 128594  1886 2589 1638  9 18  3 70  0
2026-07-23 03:19:58  0  1      0  93252      0 278212    0    0 96472  6734 2196 1216 14 19 34 33  0
2026-07-23 03:20:03  1  9      0  96020      0 275212    0    0 152015  5533 2910 1687 10 21 13 33 23
2026-07-23 03:20:08  1  0      0 105508      0 284468    0    0 79217 11172 3048 1848 25 31 25 17  2
2026-07-23 03:20:13  0  0      0 107732      0 283456    0    0  1785 13432 1807 1248 21 22 54  3  0
2026-07-23 03:20:18  1  0      0 107220      0 273552    0    0  6700 14675 1693  963 23 22 53  2  0
2026-07-23 03:20:23  3  2      0  98676      0 272844    0    0 73205  8651 2253 1325 16 19 47 18  0
2026-07-23 03:20:28  0  2      0  90032      0 283628    0    0 130490  6747 2655 1393 15 22 27 35  0
2026-07-23 03:20:33  1  0      0  93488      0 273340    0    0 120985  7357 2544 1373 17 24 28 31  0
2026-07-23 03:20:39  3  4      0  90772      0 267456    0    0 138472  3771 2523 1712  6 15  8 70  0
2026-07-23 03:20:44  4 11      0  91344      0 267672    0    0 136145   650 2409 1581  4 17  2 77  0
2026-07-23 03:20:49  3  3      0  89092      0 270404    0    0 134887  1237 2309 1644  2 12  5 81  0
2026-07-23 03:20:55  2  4      0  89860      0 268752    0    0 132844  1238 2084 1460  1 12 10 76  0
2026-07-23 03:21:00  0  5      0  89624      0 268584    0    0 132693  1250 2322 1630  2 13  6 78  1
2026-07-23 03:21:05  3  3      0  86772      0 269768    0    0 132913  1875 2443 1635  2 15  6 71  6
2026-07-23 03:21:11  3  1      0  87332      0 271400    0    0 137887   670 2420 1696  3 14  5 78  0
2026-07-23 03:21:17  1  6      0  94256      0 264944    0    0 169477  1257 2676 1738  3 17  3 78  0
2026-07-23 03:21:23  1 15      0  91388      0 266644    0    0 143934   646 2343 1630  2 14  2 81  0
2026-07-23 03:21:28 procs -----------memory---------- ---swap-- -----io---- -system-- ------cpu-----
2026-07-23 03:21:28  r  b   swpd   free   buff  cache   si   so    bi    bo   in   cs us sy id wa st
2026-07-23 03:21:28  1  4      0  87448      0 269804    0    0 137653  1255 2507 1720  3 15  2 80  0
2026-07-23 03:21:33  0  4      0  88772      0 270740    0    0 133590   652 2513 1745  4 15  2 79  0
2026-07-23 03:21:39  9  2      0  88776      0 271416    0    0 140675  1317 2547 1743  5 16  6 74  0
2026-07-23 03:21:44  7  9      0  90396      0 267656    0    0 137929   658 2405 1609  4 16  3 77  0
2026-07-23 03:21:50  1  6      0  88872      0 270944    0    0 132604  1224 2283 1708  2 14  3 81  0
2026-07-23 03:21:55  0 14      0  92044      0 265572    0    0 129596   688 2419 1701  4 17  3 76  0
2026-07-23 03:22:00  1  4      0  91280      0 267136    0    0 131402   650 2320 1573  4 16  2 77  1
2026-07-23 03:22:05 11  1      0  87232      0 271336    0    0 136343   664 2283 1426  2 15  3 71 10
2026-07-23 03:22:11  4  4      0  88316      0 269644    0    0 141126  1078 2481 1850  4 15  2 80  0
2026-07-23 03:22:16  4  9      0  91336      0 267640    0    0 131299  1470 2602 1710  7 18  3 72  0
2026-07-23 03:22:22  2  6      0  87892      0 271172    0    0 148014  1066 2474 1692  4 16  1 79  0
2026-07-23 03:22:27  0  6      0  87420      0 271660    0    0 136452   838 2730 2039  3 16  2 79  0
2026-07-23 03:22:32  2 12      0  86624      0 271972    0    0 129788  1256 2332 1703  3 16  2 79  0
2026-07-23 03:22:37  0 13      0  90540      0 269088    0    0 132204  1315 2406 1768  3 14  3 80  0
2026-07-23 03:22:43  0  7      0  88024      0 271836    0    0 131805   642 2409 1836  2 14  3 82  0
2026-07-23 03:22:48  1  8      0  92868      0 266652    0    0 147439  1261 2601 1964  3 16  3 79  0
2026-07-23 03:22:54  1  7      0  88660      0 270576    0    0 134127   638 2124 1471  2 14  3 81  0
2026-07-23 03:22:59  2 14      0  95760      0 261572    0    0 133766  1275 2625 1885  6 17  4 73  0
2026-07-23 03:23:04  1  5      0  87204      0 271288    0    0 137174   645 2369 1652  3 16  2 70  9
2026-07-23 03:23:10  2  3      0  87116      0 271552    0    0 132695   718 2519 1837  4 14  4 78  0
2026-07-23 03:23:15  1  7      0  88276      0 272156    0    0 128285  1873 2362 1690  4 15  2 79  0
2026-07-23 03:23:20 procs -----------memory---------- ---swap-- -----io---- -system-- ------cpu-----
2026-07-23 03:23:20  r  b   swpd   free   buff  cache   si   so    bi    bo   in   cs us sy id wa st
2026-07-23 03:23:20  1  3      0  87692      0 270380    0    0 131413   643 2409 1766  4 16  3 78  0
2026-07-23 03:23:25  0  6      0  88608      0 269532    0    0 132123  1269 2327 1521  5 17  6 72  0
2026-07-23 03:23:30  6 13      0  87268      0 270552    0    0 134713  1268 2482 1791  4 13  4 79  0
2026-07-23 03:23:35  2  5      0  94068      0 264000    0    0 130370   794 2500 1655  6 18  6 70  0
2026-07-23 03:23:41  5  2      0  86824      0 271904    0    0 140478  2388 2597 1689  7 17  6 70  0
2026-07-23 03:23:47  1 16      0  91992      0 266312    0    0 150934   654 2454 1698  3 15  4 77  0
2026-07-23 03:23:52  2  6      0  89800      0 269992    0    0 131413  2491 2763 1797  7 18  2 73  0
2026-07-23 03:23:57  1  6      0  95848      0 273284    0    0 133326  1897 2758 1754  8 18  3 72  0
2026-07-23 03:24:03  3 13      0  94640      0 274616    0    0 130174  4325 2457 1243 11 22  6 41 20
2026-07-23 03:24:08  0  4      0 100896      0 266904    0    0 126009  4408 2705 1526 15 25 11 47  1
2026-07-23 03:24:13  0  4      0  92208      0 277856    0    0 124083  5548 2635 1429 15 25 10 50  0
2026-07-23 03:24:18  1  2      0  92708      0 275100    0    0 126330  6170 2582 1297 14 25  7 53  0
2026-07-23 03:24:23  2  4      0  97836      0 268796    0    0 124863  6190 2697 1470 15 24  5 56  0
2026-07-23 03:24:28  0 10      0  97552      0 268912    0    0 129250  4910 2494 1635  7 14  4 76  0
2026-07-23 03:24:33  2  4      0  92036      0 282456    0    0 124468  5518 2468 1590  7 15  4 74  0
2026-07-23 03:24:38  5  3      0 108452      0 274448    0    0 128266  3729 2404 1503  6 14  4 76  0
2026-07-23 03:24:43  1  0      0  88984      0 294472    0    0 101936 14086 2634 1195 25 29 21 26  0
2026-07-23 03:24:48  1  0      0  91600      0 292660    0    0 117710 12892 2702 1227 23 29 23 24  0
2026-07-23 03:24:53  1  3      0 107308      0 276948    0    0 126112 12294 2812 1270 23 29 19 29  0
2026-07-23 03:24:58  1  0      0  90332      0 293520    0    0 111844 14115 2822 1298 25 31 23 21  0
2026-07-23 03:25:04  0  7      0  95384      0 287012    0    0 125033  9841 2861 1517 17 24  9 33 17
2026-07-23 03:25:09 procs -----------memory---------- ---swap-- -----io---- -system-- ------cpu-----
2026-07-23 03:25:09  r  b   swpd   free   buff  cache   si   so    bi    bo   in   cs us sy id wa st
2026-07-23 03:25:09 10  0      0  87024      0 295732    0    0 122239  6928 2894 1916 16 24 10 50  0
2026-07-23 03:25:14  0  6      0 104772      0 279052    0    0 126575  8650 2909 1621 18 26 13 42  0
2026-07-23 03:25:19  1  0      0  89520      0 295040    0    0 111828 12898 2662 1286 22 26 18 34  0
2026-07-23 03:25:24  2  3      0  99372      0 282360    0    0 122829 11701 2797 1315 22 28 20 30  0
2026-07-23 03:25:29  2  2      0  87780      0 295280    0    0 120055  9244 2733 1339 21 28 19 32  0
2026-07-23 03:25:34  2  0      0  91964      0 291528    0    0 117151 11100 2825 1394 22 27 20 32  0
2026-07-23 03:25:39  1  0      0  97324      0 286640    0    0 110053  5016 2586 1356 19 25 20 35  0
2026-07-23 03:25:44  1  1      0 102076      0 280500    0    0 78424  4940 2236 1015 23 30 37 10  0
2026-07-23 03:25:49  0  7      0  92720      0 292532    0    0 119073  3724 2457 1131 16 23 41 20  0
2026-07-23 03:25:54  1  0      0 102472      0 280120    0    0 97367  6168 2301 1257 15 21 40 24  0
2026-07-23 03:25:59  1  0      0 121080      0 280360    0    0 105962  6780 2487 1255 17 22 39 21  0
2026-07-23 03:26:04  1  0      0 108164      0 292604    0    0 19061  8603 1838 1031 17 20 52  3  7
2026-07-23 03:26:09  1  0      0 111112      0 289032    0    0  8052  9269 1612  972 20 21 56  2  0
2026-07-23 03:26:14  0  1      0 104720      0 295976    0    0 10307  9299 1642 1084 18 19 61  3  0
2026-07-23 03:26:19  0  0      0 109640      0 290460    0    0  7154  8632 1611  934 20 21 57  2  0
2026-07-23 03:26:24  1  0      0 105060      0 295108    0    0  8393  9234 1544  985 17 18 63  2  0
2026-07-23 03:26:29  1  0      0 107992      0 292784    0    0 15137 10471 1730 1027 20 22 56  2  0
2026-07-23 03:26:34  1  0      0 111404      0 288868    0    0 10323  9254 1669 1039 18 20 59  3  0
2026-07-23 03:26:39  0  0      0 109580      0 292272    0    0 10635  8640 1624  889 21 23 55  2  0
2026-07-23 03:26:44  1  0      0 110636      0 288232    0    0 19869 11123 1962 1205 20 22 55  4  0
2026-07-23 03:26:49  1  0      0 107664      0 287548    0    0 66628 10486 2286 1041 20 24 52  3  0
2026-07-23 03:26:54 procs -----------memory---------- ---swap-- -----io---- -system-- ------cpu-----
2026-07-23 03:26:54  r  b   swpd   free   buff  cache   si   so    bi    bo   in   cs us sy id wa st
2026-07-23 03:26:54  2  0      0  87200      0 300800    0    0 90406  6786 2194 1138 16 22 46 16  0
2026-07-23 03:26:59  2  2      0  97272      0 290556    0    0 66388  9888 2077 1103 19 22 48 11  0
2026-07-23 03:27:04  2  9      0 101708      0 285532    0    0 127916  4361 2863 1688 14 22 17 35 12
2026-07-23 03:27:10  1  5      0  98860      0 290100    0    0 127932  4445 2870 1794 13 22 17 48  0
2026-07-23 03:27:15  3  1      0 103668      0 284836    0    0 125872  7490 2918 1559 19 24 16 42  0
2026-07-23 03:27:20  2  1      0 106264      0 281672    0    0 123129  5604 2655 1418 16 23  8 53  0
2026-07-23 03:27:25  0  7      0  88948      0 289956    0    0 128416  6198 2548 1300 15 22 21 43  0
2026-07-23 03:27:30  7  0      0  94860      0 282856    0    0 131694  1260 2246 1582  3 13  2 82  0
2026-07-23 03:27:36  0  7      0  95656      0 283632    0    0 140149  1885 2386 1575  3 14  6 77  0
2026-07-23 03:27:41  1  4      0  87048      0 292124    0    0 129757  1333 2369 1591  5 16  2 77  0
2026-07-23 03:27:46  1  3      0  93384      0 285836    0    0 127295  1278 2398 1545  6 17  3 74  0
2026-07-23 03:27:51  2  6      0  93652      0 283752    0    0 134199  1282 2532 1754  6 16  3 75  0
2026-07-23 03:27:56  2  3      0  86556      0 293652    0    0 129068  1879 2566 1810  5 14  4 77  0
2026-07-23 03:28:02  7  3      0  86204      0 291860    0    0 126726  1886 2368 1583  5 16  2 74  3
2026-07-23 03:28:07  2 10      0  91560      0 285620    0    0 133039  1264 2253 1455  4 16  2 71  8
2026-07-23 03:28:12  0 13      0  87268      0 291304    0    0 131725   684 2355 1587  3 15  3 79  0
2026-07-23 03:28:18  0  5      0  88872      0 289560    0    0 151189  1893 2771 1866  4 15  5 75  0
2026-07-23 03:28:24  2 14      0  88156      0 287676    0    0 149218   659 2519 1619  4 18  1 76  0
2026-07-23 03:28:29  1  4      0 102264      0 284276    0    0 129863  1891 2676 1741  5 17  3 75  0
2026-07-23 03:28:34  7  0      0 105408      0 284864    0    0 123258  2539 2942 1768 14 23  1 62  0
2026-07-23 03:28:39  1  5      0  96364      0 293312    0    0 133257  4412 2935 1397 16 30 10 44  0
2026-07-23 03:28:44 procs -----------memory---------- ---swap-- -----io---- -system-- ------cpu-----
2026-07-23 03:28:44  r  b   swpd   free   buff  cache   si   so    bi    bo   in   cs us sy id wa st
2026-07-23 03:28:44  0  3      0  89576      0 297476    0    0 125244  4377 2705 1595 13 21  8 58  0
2026-07-23 03:28:50  2  4      0 102192      0 286608    0    0 139580  2482 2343 1456  7 12 13 68  0
2026-07-23 03:28:55  3  3      0  87580      0 300520    0    0 127422  4326 2537 1631  7 13 11 69  0
2026-07-23 03:29:00  0  4      0  96732      0 287920    0    0 125351  4325 2051 1446  3  8 16 71  1
2026-07-23 03:29:05  0  0      0  97076      0 289500    0    0 120152  4939 1984 1350  3  9 21 61  5
2026-07-23 03:29:10  0  3      0  99008      0 287136    0    0 131433  3741 2217 1390  5  9 31 56  0
2026-07-23 03:29:15  0  9      0  97248      0 289568    0    0 129189  3098 2403 1777  2  6  7 85  0
2026-07-23 03:29:20  1  3      0 101264      0 286536    0    0 128023  3719 2346 1672  2  7 16 74  0
2026-07-23 03:29:25  2  4      0  97668      0 290628    0    0 127153  3097 2392 1664  2  6 15 76  0
2026-07-23 03:29:30  2  3      0  93248      0 294096    0    0 126058  3709 2423 1661  4  8  6 83  0
2026-07-23 03:29:36  0  4      0  88900      0 298976    0    0 130115  3100 2448 1642  2  6  4 88  0
2026-07-23 03:29:41  0  2      0  94908      0 292100    0    0 131476  4952 2514 1717  2  6  7 85  0
2026-07-23 03:29:46  0  6      0  93740      0 294368    0    0 127414  3524 2376 1727  2  6 10 82  0
2026-07-23 03:29:51  0 13      0  95308      0 292184    0    0 127461  3301 2402 1748  2  7  5 86  0
2026-07-23 03:29:56  0  0      0  96848      0 290756    0    0 114066  2476 2001 1440  2  6 19 73  0
2026-07-23 03:30:01  1  3      0  97328      0 288468    0    0 142610  4343 2306 1489  2  7 21 64  6
2026-07-23 03:30:07  1  2      0  99568      0 288372    0    0 132313  3713 2225 1449  3 10 18 59 10
2026-07-23 03:30:12  1  2      0  92360      0 295424    0    0 130009  2483 2478 1742  3  8  8 82  0
2026-07-23 03:30:17  1  1      0  95828      0 292020    0    0 124113  4329 2322 1645  2  6 14 77  0
2026-07-23 03:30:22  2  6      0  94400      0 293664    0    0 127597  3104 2176 1464  2  6 10 82  0
2026-07-23 03:30:27  2  0      0  97524      0 290460    0    0 122649  2482 2136 1583  2  8 11 79  0
2026-07-23 03:30:32 procs -----------memory---------- ---swap-- -----io---- -system-- ------cpu-----
2026-07-23 03:30:32  r  b   swpd   free   buff  cache   si   so    bi    bo   in   cs us sy id wa st
2026-07-23 03:30:32  0  0      0  96920      0 290156    0    0 125167  3095 2188 1464  3  6 22 69  0
2026-07-23 03:30:37  3  3      0  94076      0 292000    0    0 135482  3713 2279 1392  2  7 27 64  0
2026-07-23 03:30:42  0  4      0 100420      0 287672    0    0 127006  4341 2329 1526  2  7 14 76  0
2026-07-23 03:30:48  0  4      0  94964      0 292652    0    0 130475  3110 2398 1722  2  7  5 86  0
2026-07-23 03:30:53  1  4      0  91384      0 297004    0    0 127859  4345 2306 1491  3  8 17 71  0
2026-07-23 03:30:58  7  1      0  89580      0 297300    0    0 125182  4331 1941 1285  2  5 36 56  0
2026-07-23 03:31:03  0  0      0  98776      0 288776    0    0 112280  3106 1904 1312  2  7 18 63  9
2026-07-23 03:31:08  0  0      0  99268      0 287888    0    0 128871  4955 1992 1233  3  7 55 36  0
2026-07-23 03:31:13  5  8      0  94184      0 292620    0    0 139695  2497 2211 1495  2  6 24 69  0
2026-07-23 03:31:18  4  4      0  95304      0 292376    0    0 132604  3102 2236 1610  2  6 13 79  0
2026-07-23 03:31:23  5  0      0 104544      0 290592    0    0 123968  3720 2359 1482  5 10 10 76  0
2026-07-23 03:31:29  0  3      0  99600      0 290892    0    0 129915  6190 2760 1534 12 20 10 58  0
2026-07-23 03:31:34  0  3      0  93448      0 298356    0    0 128416  3722 2154 1356  4  8 28 59  0
2026-07-23 03:31:39  1  2      0  95452      0 297804    0    0 125683  6198 1911 1324  3  7 53 37  0
2026-07-23 03:31:44  0  4      0  94152      0 299088    0    0 130202  3581 2105 1449  2  7 12 79  0
2026-07-23 03:31:49  0  5      0  89072      0 303764    0    0 123979  6364 2100 1463  3  7 33 57  0
2026-07-23 03:31:55  0  5      0 100872      0 291132    0    0 125399  6195 2165 1523  3  6 26 65  0
2026-07-23 03:32:00  2  3      0  94500      0 296220    0    0 126303  4962 2183 1525  3  7 17 72  1
2026-07-23 03:32:05  0  3      0 100252      0 292776    0    0 128190  3733 2300 1574  2  8 12 70  7
2026-07-23 03:32:10  1  2      0  89240      0 303748    0    0 124128  5574 2319 1664  3  7 20 70  0
2026-07-23 03:32:15  0  6      0  88804      0 305288    0    0 127400  4961 2115 1503  2  7 16 75  0
2026-07-23 03:32:20 procs -----------memory---------- ---swap-- -----io---- -system-- ------cpu-----
2026-07-23 03:32:20  r  b   swpd   free   buff  cache   si   so    bi    bo   in   cs us sy id wa st
2026-07-23 03:32:20  0  5      0  91072      0 300780    0    0 132160  4238 2453 1819  2  7 14 77  0
2026-07-23 03:32:26  0  2      0  90588      0 301904    0    0 129194  4454 2266 1572  2  7 19 72  0
2026-07-23 03:32:31  0  4      0  96976      0 294464    0    0 128245  5594 2300 1562  3  7 13 77  0
2026-07-23 03:32:36  1  1      0 100796      0 316948    0    0 124669  3737 2371 1763  2  7  5 85  0
2026-07-23 03:32:41  1  2      0  95864      0 319528    0    0 125252  3783 2224 1515  3  5  9 83  0
2026-07-23 03:32:46  0  0      0 108028      0 309012    0    0 61025  8054 1634 1357  4  4 61 32  0
2026-07-23 03:32:51  1  0      0 110204      0 306844    0    0 24451  9285 1092  948  4  2 91  4  0
2026-07-23 03:32:56  0  0      0 106728      0 310472    0    0 18830 11145 1118  992  4  2 90  4  0
2026-07-23 03:33:01  0  0      0 107304      0 307432    0    0 26697 11166 1329 1225  4  3 86  5  2
2026-07-23 03:33:06  0  0      0 108592      0 305984    0    0 104069  8702 2124 1482  4  7 71 10  8
2026-07-23 03:33:11  0  0      0 109320      0 307028    0    0 16391  9359 1074 1048  4  2 91  4  0
2026-07-23 03:33:16  0  0      0 108088      0 308196    0    0  9253  9918  985  932  4  2 91  3  0
2026-07-23 03:33:21  0  0      0 109940      0 305640    0    0 20298 11159 1149  977  4  2 90  4  0
2026-07-23 03:33:26  0  0      0 110288      0 306548    0    0 23327 11190 1193 1064  4  3 89  4  0
2026-07-23 03:33:31  0  0      0 110820      0 305360    0    0 10402  9325  895  863  4  2 92  3  0
2026-07-23 03:33:36  0  0      0 105040      0 310748    0    0 17005  9936 1042  964  4  2 91  3  0
2026-07-23 03:33:41  0  0      0 106440      0 320004    0    0  3896 10554 1007 1121  4  2 91  3  0
2026-07-23 03:33:46  0  0      0 108684      0 315596    0    0  1846 11180  919  927  4  1 92  2  0
2026-07-23 03:33:51  0  0      0 106780      0 316120    0    0  3980  9968  970 1000  4  1 92  3  0
2026-07-23 03:33:56  0  0      0 105620      0 315416    0    0  3370 10574  988 1032  4  2 91  3  0
2026-07-23 03:34:01  1  0      0 107616      0 303028    0    0 35070  8704 1247 1005  4  3 88  4  2
2026-07-23 03:34:06 procs -----------memory---------- ---swap-- -----io---- -system-- ------cpu-----
2026-07-23 03:34:06  r  b   swpd   free   buff  cache   si   so    bi    bo   in   cs us sy id wa st
2026-07-23 03:34:06  0  1      0 109860      0 301256    0    0 143874  4997 2567 1886  3  9 35 43 10
2026-07-23 03:34:11  0  4      0  90808      0 312672    0    0 126276  5487 2197 1490  3  6 41 51  0
2026-07-23 03:34:16  1  8      0  86588      0 315984    0    0 126391  5130 2001 1397  3  7 45 45  0
2026-07-23 03:34:21  0  4      0  93700      0 304932    0    0 128147  3761 2139 1522  2  8 15 75  0
2026-07-23 03:34:27  3 10      0  89804      0 305228    0    0 139310  3135 2244 1637  2  9  9 80  0
2026-07-23 03:34:32  2  2      0  87108      0 303612    0    0 133363   654 2768 2231  1 13  4 81  0
2026-07-23 03:34:38  0  5      0  88296      0 300252    0    0 154714   656 2307 1706  1 14  4 80  0
2026-07-23 03:34:44  0  5      0  86768      0 300864    0    0 152369   650 2545 1885  1 15  4 79  0
2026-07-23 03:34:50  0  4      0  86412      0 305640    0    0 131368   639 2499 1871  1 16  3 80  0
2026-07-23 03:34:56  2  7      0  86928      0 305140    0    0 152393   644 2522 1830  1 15  5 79  0
2026-07-23 03:35:01  0 15      0  87180      0 304532    0    0 133770   641 2523 1866  1 16  6 75  2
2026-07-23 03:35:07  0 17      0  86896      0 304692    0    0 172014  1263 2747 1917  1 16  6 66 12
2026-07-23 03:35:13  0  4      0  86756      0 304732    0    0 135700   643 2549 2039  1 14  5 80  0
2026-07-23 03:35:18  0  3      0  87748      0 302036    0    0 132606   646 2565 1954  1 14  7 79  0
2026-07-23 03:35:23  0  3      0  89040      0 299632    0    0 136323   652 2446 1911  1 14  7 77  0
2026-07-23 03:35:28  0 13      0  87080      0 301596    0    0 130121   638 2100 1422  1 15  3 80  0
2026-07-23 03:35:33  5  7      0  88008      0 300276    0    0 130691   647 2100 1547  1 14  5 79  0
2026-07-23 03:35:39  0  5      0  88924      0 301432    0    0 130786   638 2290 1796  1 17  5 78  0
2026-07-23 03:35:44  0  4      0  87064      0 304656    0    0 130411   647 2182 1566  1 15  7 77  0
2026-07-23 03:35:49  0 14      0  87700      0 300548    0    0 131586   653 2130 1659  1 13  9 76  0
2026-07-23 03:35:54  0 12      0  89540      0 299624    0    0 132200   636 2453 1790  1 14  5 80  0
2026-07-23 03:35:59 procs -----------memory---------- ---swap-- -----io---- -system-- ------cpu-----
2026-07-23 03:35:59  r  b   swpd   free   buff  cache   si   so    bi    bo   in   cs us sy id wa st
2026-07-23 03:36:00  4  2      0  86724      0 303600    0    0 143203   650 2083 1430  1 19  5 76  0
2026-07-23 03:36:05  1  3      0  92356      0 297844    0    0 135785   637 2401 1559  1 19  4 59 17
2026-07-23 03:36:11  0 15      0  89644      0 298860    0    0 160610   661 2791 2062  1 18  5 76  0
2026-07-23 03:36:18  2 13      0  88884      0 300368    0    0 160736   647 2868 2091  1 16  5 78  0
2026-07-23 03:36:23  0 14      0  86488      0 302296    0    0 133341   644 2273 1711  1 14  6 78  0
2026-07-23 03:36:29  0 14      0  86764      0 304116    0    0 150538  1261 2672 2080  1 13  7 79  0
2026-07-23 03:36:34  0  4      0  87984      0 301012    0    0 129887   638 2483 1864  1 15  4 80  0
2026-07-23 03:36:40  0 18      0  87860      0 305396    0    0 160526   635 2672 1897  1 18  4 77  0
2026-07-23 03:36:45  0 12      0  87180      0 303060    0    0 136616   667 2664 2186  1 13  3 82  0
2026-07-23 03:36:52  2  6      0  86820      0 303480    0    0 165069  1258 2535 1949  1 15  4 80  0
2026-07-23 03:36:58  1  3      0  87076      0 302680    0    0 148798   644 3210 2482  1 16  5 78  0
2026-07-23 03:37:05  0 15      0  88628      0 301368    0    0 167422   635 2806 1810  1 19  5 66  9
2026-07-23 03:37:13  0 16      0  90908      0 299220    0    0 217770   652 3015 2017  1 20  3 75  0
2026-07-23 03:37:20  0  6      0  86280      0 303436    0    0 174438   644 3228 2449  1 16  6 77  0
2026-07-23 03:37:25  0  7      0  87044      0 302232    0    0 139756   642 2981 2176  1 15  5 78  0
2026-07-23 03:37:30  0  0      0  94804      0 304432    0    0 122119  3743 2161 1533  2  7 22 69  0
2026-07-23 03:37:35  0 10      0  94460      0 305536    0    0 131751  4365 2025 1480  2  7 24 66  0
2026-07-23 03:37:40  4  1      0  93668      0 305112    0    0 125572  4367 2147 1503  2  7 11 80  0
2026-07-23 03:37:45  0  0      0  94080      0 304576    0    0 114240  5612 2092 1466  3  6 28 63  0
2026-07-23 03:37:50  1  4      0  93376      0 305308    0    0 135370  4415 2268 1542  2  8 25 64  0
2026-07-23 03:37:56  0  5      0  94972      0 306152    0    0 126463  5009 2172 1473  2  8 14 75  0
2026-07-23 03:38:01 procs -----------memory---------- ---swap-- -----io---- -system-- ------cpu-----
2026-07-23 03:38:01  r  b   swpd   free   buff  cache   si   so    bi    bo   in   cs us sy id wa st
2026-07-23 03:38:01  1  3      0  89200      0 309352    0    0 126599  4378 2244 1569  2  8 17 71  1
2026-07-23 03:38:06  0  8      0  87888      0 313392    0    0 125319  4165 2289 1495  2  9 14 68  7
2026-07-23 03:38:11  1  3      0  93976      0 308060    0    0 129570  3333 2287 1592  2  8  7 83  0
2026-07-23 03:38:16  0  8      0 101044      0 299780    0    0 131567  5011 2632 1819  3  7 22 68  0
2026-07-23 03:38:22  8  1      0  94752      0 313680    0    0 131508  3752 2502 1678  3 11  7 79  0
2026-07-23 03:38:27  0  2      0  98108      0 319316    0    0 123501  7493 2152 1493  4  8 28 60  0
2026-07-23 03:38:32  0  0      0 105100      0 311544    0    0 117657  9985 1973 1526  4  7 39 49  0
2026-07-23 03:38:37  0  3      0  93564      0 321220    0    0 125620  6891 2090 1575  3  7 23 67  0
2026-07-23 03:38:42  2  2      0  87696      0 329632    0    0 120000  8762 1951 1482  4  7 34 56  0
2026-07-23 03:38:47  1  5      0  99756      0 316576    0    0 123123  8751 1931 1434  4  7 35 54  0
2026-07-23 03:38:52  0  2      0  87548      0 328732    0    0 122564  7496 2224 1535  3  8 20 68  0
2026-07-23 03:38:57  0  5      0  95432      0 321524    0    0 121639  9995 2010 1531  4  7 33 56  0
2026-07-23 03:39:02  4  5      0  97604      0 317308    0    0 127799  6881 2225 1692  3  9 22 57  8
2026-07-23 03:39:08  0  7      0  92288      0 321208    0    0 126566  3769 2433 1963  2  9  7 79  3
2026-07-23 03:39:13  1  6      0  91876      0 322972    0    0 123699  5456 2482 1957  3  8  7 82  0
2026-07-23 03:39:18  0  5      0  88840      0 325632    0    0 124667  5253 2738 2250  3  9  7 81  0
2026-07-23 03:39:23  1  5      0  90112      0 324996    0    0 125654  4384 2434 1955  2  9  6 83  0
2026-07-23 03:39:28  0  5      0  89508      0 326700    0    0 124749  5453 2200 1563  3  8 34 55  0
2026-07-23 03:39:33  0  0      0  87172      0 329540    0    0 119350  8315 1840 1341  4  8 41 48  0
2026-07-23 03:39:38  0  4      0  99308      0 316564    0    0 123184  7507 1960 1375  3  7 44 46  0
2026-07-23 03:39:43  0  0      0 104564      0 309028    0    0 110175  7524 1892 1344  3  7 38 52  0
2026-07-23 03:39:48 procs -----------memory---------- ---swap-- -----io---- -system-- ------cpu-----
2026-07-23 03:39:48  r  b   swpd   free   buff  cache   si   so    bi    bo   in   cs us sy id wa st
2026-07-23 03:39:48  0  3      0 104548      0 311280    0    0 133320  6289 2065 1522  3  8 27 62  0
2026-07-23 03:39:53  0  4      0  99640      0 316332    0    0 123912  7530 1962 1474  3  8 29 60  0
2026-07-23 03:39:58  0  1      0  90168      0 332180    0    0 116091 11893 2164 1795  4  6 51 39  0
2026-07-23 03:40:03  0  0      0 109328      0 307120    0    0 107050  8154 2102 1698  4  8 49 28 11
2026-07-23 03:40:08  0  0      0  87624      0 334052    0    0 127469  4394 2152 1655  2  8 46 44  1
2026-07-23 03:40:13  0  3      0  91100      0 329968    0    0 121977  4412 1804 1200  2  7 49 42  0
2026-07-23 03:40:18  1 16      0  88116      0 332712    0    0 130513  5428 2156 1586  3  9 26 62  0
2026-07-23 03:40:23  0  0      0  89572      0 338804    0    0 106867  5873 1816 1340  3  8 47 43  0
2026-07-23 03:40:28  0  0      0  88108      0 340224    0    0 128911  8794 2001 1535  4  6 62 28  0
2026-07-23 03:40:33  3  0      0  92320      0 336204    0    0 124869  8782 2013 1531  4  6 61 29  0
2026-07-23 03:40:38  0  0      0 110408      0 351876    0    0 83994  8142 1591 1108  3  4 64 28  0
2026-07-23 03:40:43  0  0      0 108844      0 352904    0    0  3849 11261  824  594  4  2 93  1  0
2026-07-23 03:40:48  0  0      0 117172      0 343088    0    0  6521  9406  815  769  4  1 93  2  0
2026-07-23 03:40:53  0  0      0 109516      0 352672    0    0  2017 11932  916  790  4  2 92  2  0
2026-07-23 03:40:58  0  0      0 123116      0 339084    0    0  6014 10036  836  599  4  1 94  1  0
2026-07-23 03:41:03  0  0      0 114104      0 344616    0    0  6571 10069 1116  996  4  3 85  3  5
2026-07-23 03:41:08  0  0      0 106916      0 349892    0    0  3595  8803  734  567  3  1 94  1  0
2026-07-23 03:41:13  0  0      0 112708      0 328288    0    0  1896 11340  934  928  4  2 91  2  0
2026-07-23 03:41:18  0  0      0 118816      0 320808    0    0 19415 11338 1206 1217  4  2 89  5  0
2026-07-23 03:41:23  1  0      0 108596      0 325948    0    0 32079 10713 1267 1139  4  2 88  5  0
2026-07-23 03:41:29  1  3      0  89336      0 328808    0    0 133475  6301 1992 1273  3  6 56 35  0
2026-07-23 03:41:34 procs -----------memory---------- ---swap-- -----io---- -system-- ------cpu-----
2026-07-23 03:41:34  r  b   swpd   free   buff  cache   si   so    bi    bo   in   cs us sy id wa st
2026-07-23 03:41:34  0  9      0  88568      0 325220    0    0 129543  5050 2133 1589  2  8 17 72  0
2026-07-23 03:41:39  0  3      0  89720      0 323584    0    0 131197  1278 2195 1588  1 11  4 84  0
2026-07-23 03:41:44  0  5      0  91196      0 321228    0    0 131501  1902 2037 1554  2  9  6 83  0
2026-07-23 03:41:50  4  2      0  88796      0 322996    0    0 135427  1920 2259 1639  2 11 11 77  0
2026-07-23 03:41:55  1  2      0  92724      0 320868    0    0 129983  1289 2258 1719  1 10  7 82  0
2026-07-23 03:42:00  0  5      0  86788      0 327136    0    0 129647  1911 2118 1606  2  9 13 75  1
2026-07-23 03:42:05  0  3      0  93600      0 320840    0    0 128075  1924 2187 1777  1 11  7 63 18
2026-07-23 03:42:10  0  3      0  88324      0 325556    0    0 128626  1909 2210 1725  1  9  8 81  0
2026-07-23 03:42:15  0 11      0  92376      0 319932    0    0 129955  1283 2169 1640  2 11 10 78  0
2026-07-23 03:42:20  0  0      0  87260      0 326672    0    0 123147  1907 2174 1682  2  9 11 78  0
2026-07-23 03:42:25  2  5      0  90044      0 323452    0    0 132472  1918 2232 1683  2  9  5 84  0
2026-07-23 03:42:31  1  3      0  88060      0 325880    0    0 131743  1300 2260 1816  1  9  7 82  0
2026-07-23 03:42:36  0  5      0  91552      0 322576    0    0 132115  1283 2276 1760  1  9  6 84  0
2026-07-23 03:42:42  0  7      0  90920      0 325668    0    0 151030   658 2110 1605  1 11  4 85  0
2026-07-23 03:42:47  1  3      0  87732      0 324492    0    0 140633  2538 2763 2172  1 10  5 83  0
2026-07-23 03:42:52  0  6      0  88040      0 326344    0    0 129867   654 2132 1667  1 10  6 83  0
2026-07-23 03:42:58  1  7      0  89092      0 325496    0    0 132738  1282 2173 1724  1 10  7 82  0
2026-07-23 03:43:03  1  4      0  87752      0 326284    0    0 138565   661 2466 1907  1 13  4 73  9
2026-07-23 03:43:08  2  3      0  90228      0 322908    0    0 132364  1278 2060 1486  1  9  8 81  0
2026-07-23 03:43:13  0  5      0  88440      0 325188    0    0 128560  1942 2257 1620  2 10  9 80  0
2026-07-23 03:43:18  3  2      0  88692      0 323420    0    0 129021  1909 2254 1653  2 11  7 80  0
2026-07-23 03:43:24 procs -----------memory---------- ---swap-- -----io---- -system-- ------cpu-----
2026-07-23 03:43:24  r  b   swpd   free   buff  cache   si   so    bi    bo   in   cs us sy id wa st
2026-07-23 03:43:24  0  3      0  95324      0 317060    0    0 134181  1276 2145 1502  1 10  8 80  0
2026-07-23 03:43:29  0  3      0  89912      0 324360    0    0 127468  2529 2146 1592  2 10 17 71  0
2026-07-23 03:43:34  4  9      0  89036      0 324732    0    0 135202  1273 2126 1499  1 10 11 78  0
2026-07-23 03:43:39  0  3      0  88652      0 324892    0    0 129468  1904 2287 1720  2  9  8 81  0
2026-07-23 03:43:44  0  3      0  91608      0 322396    0    0 132181  1926 2102 1506  1 10  9 80  0
2026-07-23 03:43:50  0  3      0  99120      0 331048    0    0 128366  2532 2244 1610  2  9  7 82  0
2026-07-23 03:43:55  0  3      0  98744      0 331100    0    0 125563  3786 2301 1446  2  5  9 83  0
2026-07-23 03:44:00  2  0      0  97284      0 332784    0    0 123399  5042 2188 1422  3  6 18 71  3
2026-07-23 03:44:05  0  4      0  89020      0 341148    0    0 128607  4422 2508 1651  3  7  8 75  8
2026-07-23 03:44:10  0  3      0  96060      0 333444    0    0 125202  3795 2428 1641  2  6  8 84  0
2026-07-23 03:44:15  0  0      0 101372      0 329144    0    0 120649  5689 2394 1566  3  6 17 74  0
2026-07-23 03:44:20  0  3      0  98728      0 331788    0    0 123655  7258 2224 1397  3  5 33 58  0
2026-07-23 03:44:25  1  3      0  95716      0 333456    0    0 128361  4110 2311 1571  2  5 13 80  0
2026-07-23 03:44:30  0  5      0  98416      0 330428    0    0 126091  5679 2463 1581  3  6 10 81  0
2026-07-23 03:44:35  0  2      0 100304      0 330176    0    0 128667  5048 2391 1641  3  5 10 82  0
2026-07-23 03:44:41  0  4      0  99440      0 330528    0    0 129716  4417 2402 1448  2  5 20 73  0
2026-07-23 03:44:46  2  8      0  98140      0 332140    0    0 142619  3159 2412 1602  2  5  6 87  0
2026-07-23 03:44:52  0  8      0  90308      0 340116    0    0 132598  4422 2685 1760  2  6  8 84  0
2026-07-23 03:44:57  0  7      0  89452      0 341492    0    0 129819  4428 2346 1484  2  6 20 72  0
2026-07-23 03:45:02  1  5      0  96240      0 333200    0    0 130101  3798 2268 1531  2  7 12 70  9
2026-07-23 03:45:07  0  0      0 105248      0 361188    0    0 93234  6326 2089 1715  3  5 28 62  1
2026-07-23 03:45:12 procs -----------memory---------- ---swap-- -----io---- -system-- ------cpu-----
2026-07-23 03:45:12  r  b   swpd   free   buff  cache   si   so    bi    bo   in   cs us sy id wa st
2026-07-23 03:45:12  2  1      0 102592      0 363612    0    0  8096 11343  906  722  4  2 92  2  0
2026-07-23 03:45:17  0  0      0 109696      0 358760    0    0  4097 11993  868  637  5  2 93  1  0
2026-07-23 03:45:22  0  0      0 110272      0 364392    0    0  1616 10703  783  628  4  1 94  1  0
2026-07-23 03:45:27  0  0      0 105696      0 368784    0    0   377 13260  924  654  5  2 92  1  0
2026-07-23 03:45:32  0  0      0 110628      0 364404    0    0  1359 12609  898  655  5  2 93  1  0
2026-07-23 03:45:37  0  0      0 120384      0 353620    0    0  1306 11361  811  620  4  1 93  1  0
2026-07-23 03:45:42  0  0      0 106880      0 368040    0    0  3301 11990  879  729  5  2 93  1  0
2026-07-23 03:45:47  0  0      0 112092      0 351076    0    0  2381 11397  944  824  4  2 92  2  0
2026-07-23 03:45:52  0  3      0  87032      0 355892    0    0 102782 10204 1830 1466  4  5 62 29  0
2026-07-23 03:45:57  2  1      0 102028      0 339712    0    0 107795  8180 1920 1469  3  6 33 57  0
2026-07-23 03:46:02  1  6      0  93268      0 348764    0    0 136677  8883 2163 1649  4  9 23 56  8
2026-07-23 03:46:08  1  8      0  97564      0 341248    0    0 129271  5709 2463 2000  3  8  9 80  0
2026-07-23 03:46:13  0  7      0  93228      0 346644    0    0 125264  5084 2426 1898  3  9  7 81  0
2026-07-23 03:46:18  1  0      0  91488      0 351600    0    0 119138  8284 2165 1590  4  6 43 47  0
2026-07-23 03:46:23  0  0      0  89000      0 352684    0    0 113458  9523 1986 1444  4  6 37 53  0
2026-07-23 03:46:28  0  8      0  86876      0 345472    0    0 131639  4461 2216 1623  2  9 21 68  0
2026-07-23 03:46:33  0  7      0  87764      0 344292    0    0 131875  1922 2236 1615  2  9  7 83  0
2026-07-23 03:46:38  0  5      0  94332      0 339248    0    0 129690  3816 2115 1574  2  8 13 77  0
2026-07-23 03:46:43  1  3      0  87936      0 344124    0    0 129516  2554 2310 1696  2  8  7 83  0
2026-07-23 03:46:49  0  5      0  90712      0 341280    0    0 131256  1933 2115 1530  2  9  8 82  0
2026-07-23 03:46:54  0  3      0  87024      0 344768    0    0 127804  2547 2288 1737  2  9  4 85  0
2026-07-23 03:46:59 procs -----------memory---------- ---swap-- -----io---- -system-- ------cpu-----
2026-07-23 03:46:59  r  b   swpd   free   buff  cache   si   so    bi    bo   in   cs us sy id wa st
2026-07-23 03:46:59  0  2      0  90108      0 342272    0    0 127833  3182 2201 1603  2  9  9 81  0
2026-07-23 03:47:04  0  6      0  90172      0 340436    0    0 130295  1936 2318 1605  2 11  3 75 10
2026-07-23 03:47:09  0  3      0  93632      0 337228    0    0 128544  1918 2249 1668  2  9  8 82  0
2026-07-23 03:47:14  1  2      0  87336      0 345232    0    0 129226  1919 1964 1494  1  8 10 80  0
2026-07-23 03:47:19  0 11      0  87592      0 343672    0    0 129416  2549 2072 1448  2  9 11 79  0
2026-07-23 03:47:24  1  9      0  92048      0 341396    0    0 127567  3197 2079 1469  2  8 13 77  0
2026-07-23 03:47:30  0  8      0  93816      0 338188    0    0 131430  1918 2138 1559  2  8  8 82  0
2026-07-23 03:47:35  0  4      0  89800      0 340804    0    0 128166  2558 2247 1697  2  9  5 84  0
2026-07-23 03:47:40  1  3      0  92328      0 338208    0    0 126599  2555 2080 1493  2  8  8 82  0
2026-07-23 03:47:45  1  2      0  92076      0 338840    0    0 129200  1931 2112 1614  1  9  4 86  0
2026-07-23 03:47:50  0  3      0  91656      0 341656    0    0 131609  2549 2150 1572  2  9 12 77  0
2026-07-23 03:47:55  0  3      0  87772      0 344416    0    0 128163  2558 2156 1644  2  8 10 79  0
2026-07-23 03:48:00  0  9      0  90944      0 342744    0    0 132915  1926 2075 1457  2 10  7 81  1
2026-07-23 03:48:05  0  0      0  96812      0 335276    0    0 125517  2558 2060 1478  2  9  8 70 11
2026-07-23 03:48:11  0  4      0  89868      0 343584    0    0 127104  3819 2098 1440  2  8 11 78  0
2026-07-23 03:48:16  2  5      0  87108      0 346232    0    0 133614  2550 2068 1427  2  8  7 83  0
2026-07-23 03:48:21  0  7      0  90644      0 341876    0    0 139562  3197 2583 1876  2  8  6 83  0
2026-07-23 03:48:27  1  3      0  94448      0 338972    0    0 129226  2554 2163 1691  2  9  4 85  0
2026-07-23 03:48:32  5  3      0  89864      0 342244    0    0 130107  1916 2250 1596  2  8  4 86  0
2026-07-23 03:48:37  1  5      0  94516      0 341220    0    0 136384  3208 2285 1777  2  9  6 83  0
2026-07-23 03:48:42  0  5      0  91424      0 340532    0    0 130530  2546 2589 1975  2 10  6 83  0
2026-07-23 03:48:47 procs -----------memory---------- ---swap-- -----io---- -system-- ------cpu-----
2026-07-23 03:48:48  r  b   swpd   free   buff  cache   si   so    bi    bo   in   cs us sy id wa st
2026-07-23 03:48:48  3  4      0  93736      0 339648    0    0 130359  1958 2288 1758  2  9  5 85  0
2026-07-23 03:48:53  0  8      0  92528      0 339148    0    0 127606  3183 2109 1550  2  8 12 78  0
2026-07-23 03:48:58  2  2      0  95396      0 335640    0    0 126644  3192 2220 1647  2  8  8 82  0
2026-07-23 03:49:03  1  2      0  89808      0 344532    0    0 131870  2554 2077 1433  2  9 10 70  9
2026-07-23 03:49:08  0  5      0  89916      0 344808    0    0 126235  3194 1969 1468  2  8 20 70  0
2026-07-23 03:49:13  5  7      0  86568      0 346228    0    0 127794  3193 2034 1432  2  8 11 79  0
2026-07-23 03:49:18  2  2      0  89040      0 345000    0    0 134724  2565 2268 1696  2  8  6 84  0
2026-07-23 03:49:23  0  3      0  86960      0 346432    0    0 127311  2556 2165 1571  2  8  8 82  0
2026-07-23 03:49:29  0  5      0  91276      0 339936    0    0 126827  3057 2019 1429  2  8 10 80  0
2026-07-23 03:49:34  2  8      0  91584      0 339848    0    0 140347  2690 2229 1578  2  8  4 87  0
2026-07-23 03:49:39  0  4      0  91212      0 342388    0    0 129343  3193 2413 1785  2  8  7 83  0
2026-07-23 03:49:45  0 11      0  88044      0 345552    0    0 136590  3188 2345 1659  2  8  6 84  0
2026-07-23 03:49:50  3  7      0  90920      0 342500    0    0 142905  1933 2493 1850  2  9  6 83  0
2026-07-23 03:49:56  1  3      0  93760      0 335600    0    0 135288  2554 2471 1709  2  9  6 83  0
2026-07-23 03:50:01  2  1      0  91120      0 342652    0    0 129246  3193 2159 1491  2  8 20 66  3
2026-07-23 03:50:06  2  2      0  87116      0 346620    0    0 128621  2551 2073 1366  2  9  7 70 12
2026-07-23 03:50:11  1  4      0  95472      0 335724    0    0 135849  2554 2236 1565  2  8  7 83  0
2026-07-23 03:50:16  0  3      0  91876      0 347292    0    0 125557  3823 2526 1891  4 11 10 76  0
2026-07-23 03:50:22  0  3      0  96732      0 342232    0    0 129197  4466 2130 1465  3  7 17 73  0
2026-07-23 03:50:27  0  2      0 101084      0 343660    0    0 127253  5110 2319 1550  5 14 13 68  0
2026-07-23 03:50:32  4  8      0  99588      0 344320    0    0 126521  6382 2321 1606  4 13 23 60  0
2026-07-23 03:50:37 procs -----------memory---------- ---swap-- -----io---- -system-- ------cpu-----
2026-07-23 03:50:37  r  b   swpd   free   buff  cache   si   so    bi    bo   in   cs us sy id wa st
2026-07-23 03:50:37  3  2      0  96744      0 349976    0    0 126923  3835 2184 1575  3 10 19 68  0
2026-07-23 03:50:42  0  4      0  92120      0 351976    0    0 127015  6386 2105 1539  3  9 15 72  0
2026-07-23 03:50:47  1  2      0  86692      0 358672    0    0 125243  5748 2248 1594  3  9 11 77  0
2026-07-23 03:50:53  1  3      0  94700      0 351036    0    0 126039  5120 2276 1721  2  8  6 83  0
2026-07-23 03:50:58  0  4      0  95576      0 350404    0    0 129783  3204 2299 1738  2  9  5 84  0
2026-07-23 03:51:03  0  6      0  95788      0 348992    0    0 128166  3858 2240 1639  2 10  7 74  7
2026-07-23 03:51:08  0  4      0  97248      0 345384    0    0 125053  5118 2220 1656  2  9 10 79  0
2026-07-23 03:51:13  0  4      0  91672      0 354084    0    0 128547  3205 2220 1687  3  9 10 78  0
2026-07-23 03:51:18  0  4      0  91784      0 354668    0    0 127745  5128 2265 1768  3  8  7 81  0
2026-07-23 03:51:23  1  4      0  89780      0 355280    0    0 126481  4483 2266 1697  2  9  5 84  0
2026-07-23 03:51:29  0  4      0  88404      0 356380    0    0 130799  3858 2269 1662  2  9  7 82  0
2026-07-23 03:51:34  2  2      0  93676      0 352616    0    0 127438  3842 2250 1587  2  9  7 82  0
2026-07-23 03:51:39  0  6      0  94040      0 352024    0    0 129006  4481 2338 1797  2  8  5 84  0
2026-07-23 03:51:44  0  7      0  93512      0 352964    0    0 123888  6396 2245 1676  3  8  9 79  0
2026-07-23 03:51:49  1  2      0  96328      0 350524    0    0 125216  5115 2114 1570  2  8 16 75  0
2026-07-23 03:51:54  1  2      0  91064      0 355316    0    0 130330  3855 2321 1693  2  7  6 84  0
2026-07-23 03:52:00  2  1      0  95584      0 350136    0    0 127208  4485 2063 1539  3  8  8 82  0
2026-07-23 03:52:05  0  3      0  93500      0 351176    0    0 126967  3222 2107 1488  2  9  6 74  9
2026-07-23 03:52:10  0  5      0  94572      0 352196    0    0 128219  4478 2166 1568  2  8  6 83  0
2026-07-23 03:52:15  6  3      0  94408      0 350656    0    0 127424  4490 2191 1570  2  8 11 78  0
2026-07-23 03:52:20  1  3      0  87308      0 356804    0    0 129055  3633 2277 1512  2  9  7 82  0
2026-07-23 03:52:25 procs -----------memory---------- ---swap-- -----io---- -system-- ------cpu-----
2026-07-23 03:52:25  r  b   swpd   free   buff  cache   si   so    bi    bo   in   cs us sy id wa st
2026-07-23 03:52:25  2  5      0  92712      0 350940    0    0 127704  5349 2278 1669  3  8  9 80  0
2026-07-23 03:52:30  2  2      0  96864      0 346868    0    0 126126  3845 2148 1607  2  9  7 81  0
2026-07-23 03:52:36  3  3      0  98148      0 345840    0    0 128625  5768 2191 1662  3  8 12 77  0
2026-07-23 03:52:41  0  5      0  89184      0 355904    0    0 126956  3848 2076 1623  2  8  9 81  0
2026-07-23 03:52:46  1  3      0  99880      0 346480    0    0 124355  3852 1990 1533  2  9 14 75  0
2026-07-23 03:52:51  0  3      0  90564      0 354936    0    0 127595  5127 2290 1745  3  8  7 83  0
2026-07-23 03:52:56  0  5      0  90628      0 356008    0    0 127250  3847 2117 1558  2  8  9 81  0
2026-07-23 03:53:01  0  0      0  91404      0 353256    0    0 120986  5767 2084 1535  3  8  9 78  2
2026-07-23 03:53:06  1  3      0  92408      0 354412    0    0 130556  3857 2114 1467  2  9  8 77  5
2026-07-23 03:53:11  0  4      0  88408      0 358156    0    0 127959  4501 2117 1482  3  8 17 72  0
2026-07-23 03:53:16  1  5      0  87168      0 359404    0    0 128267  3854 2093 1479  2  8  7 83  0
2026-07-23 03:53:22  0  3      0  93232      0 350720    0    0 127196  4494 2099 1652  2  9  8 81  0
2026-07-23 03:53:27  0  3      0  90460      0 355984    0    0 125307  5131 2249 1719  2  9 14 75  0
2026-07-23 03:53:32  2  2      0  97968      0 347204    0    0 130695  3854 2099 1465  2  9  6 83  0
2026-07-23 03:53:38  3  8      0  91756      0 354752    0    0 136410  5774 2229 1524  3  8 14 75  0
2026-07-23 03:53:43  0  3      0  87796      0 358552    0    0 130612  4495 2264 1629  2  8 10 79  0
2026-07-23 03:53:48  0  4      0  94544      0 350128    0    0 124911  5772 2187 1714  3  8 15 74  0
2026-07-23 03:53:53  1  3      0  94688      0 349384    0    0 130088  3219 2307 1674  2  9  5 84  0
2026-07-23 03:53:58  0  6      0  98932      0 346324    0    0 127598  3262 2263 1742  2  9  5 84  0
2026-07-23 03:54:03  0  6      0  93120      0 351556    0    0 130744  1932 2356 1735  2 11  4 70 13
2026-07-23 03:54:09  2  2      0  93064      0 349856    0    0 130926  3208 2322 1850  2  9  5 84  0
2026-07-23 03:54:14 procs -----------memory---------- ---swap-- -----io---- -system-- ------cpu-----
2026-07-23 03:54:14  r  b   swpd   free   buff  cache   si   so    bi    bo   in   cs us sy id wa st
2026-07-23 03:54:14  0  4      0  87700      0 357068    0    0 128969  4072 2155 1544  2 10  8 80  0
2026-07-23 03:54:19  3  2      0  87324      0 358748    0    0 127583  3683 2070 1544  2  9 26 63  0
2026-07-23 03:54:24  0  4      0  89544      0 357000    0    0 129906  4500 2241 1554  2  8 14 75  0
2026-07-23 03:54:29  0  5      0  86728      0 358656    0    0 127500  3637 2219 1586  2  9  6 83  0
2026-07-23 03:54:34  1  6      0  90992      0 354532    0    0 128353  4722 2172 1521  2  9  6 82  0
2026-07-23 03:54:40  0  3      0  91384      0 355264    0    0 125534  4498 2255 1650  2  8  4 85  0
2026-07-23 03:54:45  0  4      0  90848      0 354404    0    0 127554  3223 2283 1593  2  9  7 82  0
2026-07-23 03:54:50  0  3      0  89608      0 355236    0    0 126231  5136 2176 1590  3  8 15 75  0
2026-07-23 03:54:55  0  4      0  91712      0 354028    0    0 127409  3880 2259 1565  2  9  8 81  0
2026-07-23 03:55:00  0  3      0  88916      0 355648    0    0 126116  5124 2213 1649  2  9 10 77  2
2026-07-23 03:55:05  1  3      0  88732      0 355260    0    0 127372  3221 2131 1449  2 10  7 71 11
2026-07-23 03:55:10  0  9      0  93532      0 350012    0    0 129836  3872 2276 1668  2  8  7 84  0
2026-07-23 03:55:15  0  5      0  98040      0 348572    0    0 128759  5149 2212 1606  3  8 14 75  0
2026-07-23 03:55:21  5  2      0  93268      0 351616    0    0 127172  3867 2033 1511  2  9  6 84  0
2026-07-23 03:55:26  2  4      0  87656      0 356404    0    0 131573  3226 2259 1680  2  9  9 80  0
2026-07-23 03:55:31  0  6      0  87568      0 360324    0    0 127269  5787 2158 1605  2  8 15 75  0
2026-07-23 03:55:36  0  4      0  96252      0 348340    0    0 133616  3872 2310 1689  2  9  5 84  0
2026-07-23 03:55:41  0  6      0  90420      0 355048    0    0 123951  6426 1949 1396  3  8 27 62  0
2026-07-23 03:55:47  0  6      0  99824      0 347216    0    0 130590  4510 2118 1514  2  8 13 77  0
2026-07-23 03:55:52  0  0      0  96584      0 348024    0    0 122251  3853 2010 1520  2  8 24 66  0
2026-07-23 03:55:57  0  3      0  87580      0 357808    0    0 127182  3859 1989 1393  2  8 28 62  0
2026-07-23 03:56:02 procs -----------memory---------- ---swap-- -----io---- -system-- ------cpu-----
2026-07-23 03:56:02  r  b   swpd   free   buff  cache   si   so    bi    bo   in   cs us sy id wa st
2026-07-23 03:56:02  4  0      0  93856      0 350008    0    0 125262  2587 2009 1394  2  9 17 64  8
2026-07-23 03:56:07  0  2      0  93356      0 351180    0    0 125326  5162 2076 1512  2 10 22 64  2
2026-07-23 03:56:12  0  9      0  92636      0 353968    0    0 128601  3866 2073 1523  2  7  8 83  0
2026-07-23 03:56:17  0  0      0 102940      0 342284    0    0 112585  3871 1913 1450  2  7 29 62  0
2026-07-23 03:56:22  1  2      0  89360      0 355688    0    0 137044  4508 2093 1457  2  9 20 68  0
2026-07-23 03:56:27  0 10      0  95704      0 349292    0    0 131507  3224 2163 1591  2  7 19 72  0
2026-07-23 03:56:32  1  5      0  87240      0 358056    0    0 125105  4505 2171 1599  2  8  8 82  0
2026-07-23 03:56:38  0  3      0  96824      0 347040    0    0 126610  4509 2235 1589  2  9 11 78  0
2026-07-23 03:56:43  2  2      0  89124      0 355796    0    0 125256  3228 2195 1557  2  8  8 82  0
2026-07-23 03:56:48  0  3      0  94212      0 352160    0    0 128426  4507 2139 1577  2  8  8 81  0
2026-07-23 03:56:53  0  4      0  95556      0 350784    0    0 125683  4526 2125 1580  2  9  9 80  0
2026-07-23 03:56:58  0  4      0  87224      0 357320    0    0 125945  4465 2134 1565  2  8 21 68  0
2026-07-23 03:57:03  0  4      0  88256      0 358352    0    0 127294  3933 2161 1578  2  9 15 64 10
2026-07-23 03:57:08  1  3      0  92388      0 354268    0    0 127140  4517 2248 1651  3 10  7 80  0
2026-07-23 03:57:13  0  7      0  98992      0 346676    0    0 128613  4520 2176 1604  3  9  9 79  0
2026-07-23 03:57:19  0  4      0  90488      0 353460    0    0 128873  4517 2259 1710  2  8  6 84  0
2026-07-23 03:57:24  2  3      0  91112      0 352672    0    0 123830  5804 2133 1621  3  9  8 81  0
2026-07-23 03:57:29  0  3      0  93972      0 350960    0    0 127781  3873 2439 1921  2  9  9 80  0
2026-07-23 03:57:34  1  2      0  95908      0 350748    0    0 127554  4513 2215 1595  2  9  6 84  0
2026-07-23 03:57:39  1  3      0  94008      0 350168    0    0 131115  3884 2263 1584  2 10 15 73  0
2026-07-23 03:57:44  0  6      0  93596      0 351228    0    0 126110  4517 2208 1592  2  9  7 81  0
2026-07-23 03:57:49 procs -----------memory---------- ---swap-- -----io---- -system-- ------cpu-----
2026-07-23 03:57:50  r  b   swpd   free   buff  cache   si   so    bi    bo   in   cs us sy id wa st
2026-07-23 03:57:50  2  4      0  92028      0 354168    0    0 127153  4512 2122 1534  2  8  6 83  0
2026-07-23 03:57:54  0  4      0  96256      0 346820    0    0 125917  3878 2193 1598  2  9  5 84  0
2026-07-23 03:57:59  0  4      0  92780      0 351772    0    0 126371  3234 2110 1492  2  9  8 81  0
2026-07-23 03:58:04  0  3      0  95348      0 351476    0    0 125199  3236 2009 1328  2 11 12 69  7
2026-07-23 03:58:10  1  6      0  89828      0 356924    0    0 127120  4944 2185 1661  2  8 19 70  0
2026-07-23 03:58:15  0  4      0  88744      0 355208    0    0 127151  2822 2128 1492  2  8  9 81  0
2026-07-23 03:58:20  0  2      0  97276      0 346868    0    0 125642  5160 2221 1597  3  9  7 81  0
2026-07-23 03:58:25  0  6      0  87044      0 358340    0    0 125450  3875 2198 1589  2  8  5 85  0
2026-07-23 03:58:30  0  4      0  95240      0 350476    0    0 126190  3880 2089 1557  2  8  7 82  0
2026-07-23 03:58:35  1  3      0  88968      0 357988    0    0 126220  5156 2077 1474  3  8 18 71  0
2026-07-23 03:58:40  0  0      0  90436      0 355024    0    0 122075  3876 2020 1425  2  8 25 65  0
2026-07-23 03:58:45  2  3      0  89288      0 356940    0    0 129285  3232 2063 1455  2  9 10 80  0
2026-07-23 03:58:50  0  4      0  88568      0 356884    0    0 128794  3871 2160 1622  2  8  8 81  0
2026-07-23 03:58:55  2  2      0  90996      0 352748    0    0 124794  3869 2117 1592  2  8  9 81  0
2026-07-23 03:59:00  0  5      0  92264      0 352780    0    0 127567  3877 2275 1591  2  8  5 83  1
2026-07-23 03:59:06  0  2      0  92868      0 353204    0    0 126247  3875 2241 1629  2 10  6 76  6
2026-07-23 03:59:11  0  4      0  94576      0 350256    0    0 128194  3890 2334 1657  2  8  8 82  0
2026-07-23 03:59:16  0  6      0  91312      0 355352    0    0 126243  4531 2128 1581  3  9  8 80  0
2026-07-23 03:59:21  0  4      0  87308      0 359288    0    0 128674  3650 2203 1640  2  9  7 82  0
2026-07-23 03:59:26  1  2      0  95040      0 349380    0    0 125793  4127 2286 1660  2  9 10 79  0
2026-07-23 03:59:31  1  3      0  98924      0 346616    0    0 127291  4530 2161 1474  2  9 15 74  0
2026-07-23 03:59:36 procs -----------memory---------- ---swap-- -----io---- -system-- ------cpu-----
2026-07-23 03:59:36  r  b   swpd   free   buff  cache   si   so    bi    bo   in   cs us sy id wa st
2026-07-23 03:59:37  0  3      0  89884      0 355448    0    0 126411  4517 2102 1571  2  8 17 73  0
2026-07-23 03:59:41  1  2      0  87328      0 364392    0    0 124909  4519 2310 1701  3 10 16 71  0
2026-07-23 03:59:46  1  3      0  95248      0 356104    0    0 126846  5165 2229 1636  3  9 12 76  0
2026-07-23 03:59:52  1  6      0  88340      0 362236    0    0 125062  6227 2252 1668  3  9 10 78  0
2026-07-23 03:59:57  0  2      0  96948      0 366608    0    0 123812  5851 2145 1703  3  7 17 73  0
2026-07-23 04:00:02  5  2      0  93752      0 368548    0    0 141336  6050 2210 1573  3  9 19 55 14
2026-07-23 04:00:07  0  4      0  93452      0 368004    0    0 126955  3250 2376 1804  2 10  4 72 12
2026-07-23 04:00:12  0  0      0 105092      0 357612    0    0 109527  5810 2196 1906  3  8 28 60  0
2026-07-23 04:00:18  0  3      0  94816      0 367864    0    0 138711  5165 1781 1191  2  6 66 26  0
2026-07-23 04:00:23  0  0      0  89012      0 374112    0    0 105666  3252 1566 1130  2  5 61 31  0
2026-07-23 04:00:28  0  3      0 103032      0 358772    0    0 141563  5167 1839 1326  2  7 58 33  0
2026-07-23 04:00:33  0  4      0  91188      0 372148    0    0 125029  4937 2028 1335  2  6 60 32  0
2026-07-23 04:00:38  0  1      0  93268      0 369144    0    0 123005  5402 1911 1369  2  6 58 33  0
2026-07-23 04:00:43  2  2      0  93500      0 368804    0    0 118433  5813 1798 1363  3  6 52 40  0
2026-07-23 04:00:48  0  0      0  87328      0 375272    0    0 106109  4523 1541  982  2  5 70 22  0
2026-07-23 04:00:53  0  0      0 106424      0 355716    0    0 107799  4536 1678 1111  2  5 62 30  0
2026-07-23 04:00:58  0  4      0 104060      0 358584    0    0 142456  3256 2014 1376  2  7 55 36  0
2026-07-23 04:01:03  2  2      0  86844      0 373468    0    0 108594  4545 1966 1561  2  7 46 32 12
2026-07-23 04:01:08  1  3      0  93912      0 367212    0    0 126167  4538 2533 2200  2  8  6 83  0
2026-07-23 04:01:13  0  4      0  99440      0 360756    0    0 127127  5179 2330 1964  2  9  8 81  0
2026-07-23 04:01:18  1  3      0 100372      0 361208    0    0 128823  5172 2362 1943  3  8 11 78  0
2026-07-23 04:01:24 procs -----------memory---------- ---swap-- -----io---- -system-- ------cpu-----
2026-07-23 04:01:24  r  b   swpd   free   buff  cache   si   so    bi    bo   in   cs us sy id wa st
2026-07-23 04:01:24  0  2      0  99656      0 362324    0    0 128490  5228 2551 2068  2 10  9 79  0
2026-07-23 04:01:29  0  0      0  87536      0 376336    0    0 110259 11627 2019 1545  5  6 27 62  0
2026-07-23 04:01:34  2  1      0  92688      0 370556    0    0 126699  9055 2213 1521  4  7 27 62  0
2026-07-23 04:01:39  3  2      0  87948      0 375212    0    0 118163 12730 2128 1618  5  7 36 53  0
2026-07-23 04:01:44  1  1      0  87680      0 374708    0    0 118795  9285 2005 1593  4  7 36 54  0
2026-07-23 04:01:49  1  2      0 102964      0 358452    0    0 123038  9062 1971 1471  4  7 26 63  0
2026-07-23 04:01:54  0  3      0  94008      0 367960    0    0 123967  6488 2432 1704  5 13 11 71  0
2026-07-23 04:01:59  0  5      0  97120      0 364996    0    0 126169  6471 2264 1722  3  8  8 81  0
2026-07-23 04:02:04  3  9      0  96448      0 366480    0    0 129102  4566 2234 1701  3 11  9 69  8
2026-07-23 04:02:10  2  2      0  86312      0 375028    0    0 125870  3034 2002 1475  3  9 23 65  0
2026-07-23 04:02:14  0  0      0  94588      0 366072    0    0 119086  3480 1951 1392  2  8 21 69  0
2026-07-23 04:02:20  1  3      0  91552      0 371032    0    0 138171  3902 2108 1437  2  9 30 58  0
2026-07-23 04:02:25  1  4      0  94688      0 365936    0    0 127642  4547 2133 1630  2  8 10 80  0
2026-07-23 04:02:30  0  3      0  90436      0 371348    0    0 125279  3907 2095 1548  2  8 13 76  0
2026-07-23 04:02:35  0  3      0  92076      0 368292    0    0 127183  3895 2317 1766  2  9 12 77  0
2026-07-23 04:02:40  0  3      0  89404      0 372044    0    0 124900  4544 2172 1563  2  8  7 83  0
2026-07-23 04:02:45  0  4      0  92380      0 369388    0    0 124334  5189 2189 1564  3  8  8 82  0
2026-07-23 04:02:50  0  3      0 101076      0 360732    0    0 131260  3896 2302 1709  2  8  8 81  0
2026-07-23 04:02:56  0  4      0  96188      0 366356    0    0 128738  5841 2483 1929  3  8  6 83  0
2026-07-23 04:03:01  0  3      0  88488      0 372700    0    0 125278  3891 2163 1527  2  8  5 82  2
2026-07-23 04:03:06  0  3      0  89676      0 373220    0    0 126211  3906 2069 1491  2  8  9 76  4
2026-07-23 04:03:11 procs -----------memory---------- ---swap-- -----io---- -system-- ------cpu-----
2026-07-23 04:03:11  r  b   swpd   free   buff  cache   si   so    bi    bo   in   cs us sy id wa st
2026-07-23 04:03:12  3  5      0  90072      0 372348    0    0 133534  3917 2187 1564  2  8 12 78  0
2026-07-23 04:03:16  0  3      0  89132      0 373080    0    0 127449  4557 2109 1562  2  9 14 74  0
2026-07-23 04:03:21  3  3      0  88292      0 373760    0    0 125162  5198 2220 1675  2  8 13 76  0
2026-07-23 04:03:27  2  2      0  96636      0 364564    0    0 126330  3915 2147 1546  2  9 12 77  0
2026-07-23 04:03:32  4  1      0  95360      0 366460    0    0 129763  3908 2166 1584  2  8  6 84  0
2026-07-23 04:03:37  2  3      0  98772      0 362064    0    0 129595  4551 1923 1306  2  8 39 50  0
2026-07-23 04:03:42  0  6      0  95228      0 367144    0    0 125995  3248 2151 1563  2  9 18 71  0
2026-07-23 04:03:47  0  4      0  96424      0 364016    0    0 126642  3251 2040 1455  2  8  3 87  0
2026-07-23 04:03:52  1  3      0  95876      0 365168    0    0 128067  3902 2090 1634  2  9 15 74  0
2026-07-23 04:03:57  4  5      0  91064      0 368956    0    0 125843  3901 2121 1604  2  8  8 82  0
2026-07-23 04:04:02  0  3      0  93856      0 367224    0    0 125299  4545 2010 1402  2  9 20 63  6
2026-07-23 04:04:07  3  2      0  92932      0 367480    0    0 125372  3910 2049 1484  2  8 12 77  0
2026-07-23 04:04:12  1  2      0  95732      0 366876    0    0 126007  4556 2053 1485  2  8 10 80  0
2026-07-23 04:04:18  0  5      0  95100      0 366764    0    0 125439  6510 2113 1538  3  7 22 68  0
2026-07-23 04:04:23  2  1      0  88704      0 372404    0    0 124581  4557 2143 1567  2  7  8 82  0
2026-07-23 04:04:28  0  4      0  91260      0 370312    0    0 126872  5207 2096 1521  3  8  9 80  0
2026-07-23 04:04:33  0  2      0 100252      0 359892    0    0 126034  3907 2202 1665  2  7  7 83  0
2026-07-23 04:04:38  2  3      0  91488      0 370156    0    0 124933  5849 2128 1702  3  7  8 82  0
2026-07-23 04:04:43  1  3      0  92452      0 367400    0    0 129137  5852 2132 1583  3  9  9 79  0
2026-07-23 04:04:48  0  5      0  96276      0 364936    0    0 126475  5852 2310 1671  3  8 12 76  0
2026-07-23 04:04:54  0  8      0  99308      0 363896    0    0 132320  3908 2356 1705  2  8  5 85  0
2026-07-23 04:04:59 procs -----------memory---------- ---swap-- -----io---- -system-- ------cpu-----
2026-07-23 04:04:59  r  b   swpd   free   buff  cache   si   so    bi    bo   in   cs us sy id wa st
2026-07-23 04:04:59  0 10      0  91628      0 371704    0    0 131028  3995 2541 1986  2  9  3 86  0
2026-07-23 04:05:04  3  0      0  87676      0 375776    0    0 123327  4572 2315 1690  3  9  6 68 14
2026-07-23 04:05:09  2  3      0  87076      0 377208    0    0 125991  4569 2269 1656  2  9  6 82  0
2026-07-23 04:05:14  3  0      0  98012      0 364636    0    0 118771  6511 2234 1672  3  8  8 81  0
2026-07-23 04:05:19  0  2      0  95264      0 367872    0    0 131138  4555 2253 1530  3  8 16 74  0
2026-07-23 04:05:24  0  4      0  89148      0 373772    0    0 124829  4559 2081 1530  2  7 12 78  0
2026-07-23 04:05:29  1 10      0  99048      0 363708    0    0 126969  4567 2135 1571  2  8  9 80  0
2026-07-23 04:05:35  3  5      0  94084      0 367920    0    0 130444  4559 2121 1538  2  8  9 81  0
2026-07-23 04:05:40  0  0      0 102580      0 360468    0    0 117534  5856 2021 1373  3  8 23 66  0
2026-07-23 04:05:45  1  4      0  90108      0 374196    0    0 135867  3262 2237 1592  2  8  8 81  0
2026-07-23 04:05:50  0  3      0  91120      0 371284    0    0 124583  5859 2257 1705  3  8  9 80  0
2026-07-23 04:05:55  0  6      0  88412      0 376576    0    0 127598  3934 2001 1462  2  8 18 72  0
2026-07-23 04:06:00  0  3      0  87976      0 375044    0    0 125670  3928 2155 1578  2  8 12 77  1
2026-07-23 04:06:05  0  0      0  88612      0 374440    0    0 122592  4579 2015 1392  2 10 23 51 14
2026-07-23 04:06:10  0  0      0 115892      0 392240    0    0 121943  4564 2032 1488  3  7 12 77  0
2026-07-23 04:06:15  0  0      0 115196      0 393540    0    0  3846 14946 1069 1060  5  2 91  3  0
2026-07-23 04:06:20  0  0      0 111188      0 397076    0    0  1775 12347  877  796  4  1 92  2  0
2026-07-23 04:06:25  0  0      0 107776      0 401860    0    0  3151 13681 1041 1014  5  2 91  3  0
2026-07-23 04:06:30  0  0      0 114276      0 393056    0    0  8697 14970 1187 1149  5  2 89  4  0
2026-07-23 04:06:35  0  0      0 117628      0 390860    0    0  6172 14302 1001  852  5  2 91  2  0
2026-07-23 04:06:40  0  0      0 119328      0 388368    0    0  4106 13012  988  872  5  2 91  3  0
2026-07-23 04:06:45 procs -----------memory---------- ---swap-- -----io---- -system-- ------cpu-----
2026-07-23 04:06:45  r  b   swpd   free   buff  cache   si   so    bi    bo   in   cs us sy id wa st
2026-07-23 04:06:45  0  0      0 117292      0 391008    0    0  4942 13699 1071 1088  5  2 90  4  0
2026-07-23 04:06:50  0  0      0 113136      0 381720    0    0 13903 15642 1339 1347  6  2 87  5  0
2026-07-23 04:06:55  0  0      0 107224      0 377056    0    0 19091 15656 1328 1272  5  2 87  5  0
2026-07-23 04:07:00  0  4      0  93988      0 386668    0    0 135869  7872 2257 1515  4  6 55 34  2
2026-07-23 04:07:06  1  4      0  90448      0 382420    0    0 129514  4582 2444 1806  2  9 19 62  7
2026-07-23 04:07:11  0  5      0  96524      0 375732    0    0 130991  3934 2486 1855  2  8 11 78  0
2026-07-23 04:07:16  1  4      0  95692      0 376036    0    0 127975  5230 2214 1436  2  7 10 80  0
2026-07-23 04:07:21  0  0      0  89192      0 384144    0    0 117568  5880 2131 1396  3  7 12 78  0
2026-07-23 04:07:26  0  4      0  88136      0 380684    0    0 130604  5899 2396 1643  3  8 12 77  0
2026-07-23 04:07:31  0  2      0  91544      0 376604    0    0 125861  3279 2208 1595  2  9  6 83  0
2026-07-23 04:07:36  1  9      0  87624      0 380668    0    0 127601  2627 2169 1589  2  9  7 81  0
2026-07-23 04:07:42  1  2      0  95352      0 373748    0    0 127622  3282 2215 1672  2  9  8 81  0
2026-07-23 04:07:47  0  3      0  90136      0 376284    0    0 129187  2625 2237 1737  2 10  7 82  0
2026-07-23 04:07:52  2  9      0  91064      0 376248    0    0 133370  2634 2326 1670  2  9  7 82  0
2026-07-23 04:07:57  0  1      0 101596      0 375552    0    0 129266  2631 2390 1565  3 11 20 66  0
2026-07-23 04:08:02  2  8      0  94868      0 381072    0    0 128203  3295 2477 1719  2  9  7 76  7
2026-07-23 04:08:07  0  5      0  93104      0 385572    0    0 128539  3283 2463 1858  2 10  4 84  0
2026-07-23 04:08:13  0  4      0  87036      0 391392    0    0 125445  4597 2216 1425  5 10 18 68  0
2026-07-23 04:08:18  2  3      0  89784      0 382656    0    0 124592  5894 2306 1582  3  9 11 77  0
2026-07-23 04:08:23  0  4      0  86844      0 388432    0    0 134788  3279 2307 1617  2  9  7 82  0
2026-07-23 04:08:28  0  6      0  91100      0 382832    0    0 140114  1985 2341 1625  2 10  6 83  0
2026-07-23 04:08:33 procs -----------memory---------- ---swap-- -----io---- -system-- ------cpu-----
2026-07-23 04:08:34  r  b   swpd   free   buff  cache   si   so    bi    bo   in   cs us sy id wa st
2026-07-23 04:08:34  0 13      0  87484      0 383712    0    0 126572  3282 2095 1622  2 10  6 82  0
2026-07-23 04:08:39  0 13      0  87832      0 378192    0    0 146240  1339 2306 1721  1 15  8 76  0
2026-07-23 04:08:46  0 16      0  86876      0 379476    0    0 183219     7 3207 2060  1 28  1 69  0
2026-07-23 04:08:52  1 14      0  86884      0 379904    0    0 143904   668 2450 1764  1 21  3 75  0
2026-07-23 04:08:58  1 12      0  88976      0 377364    0    0 153174    16 2767 1960  1 23  2 75  0
2026-07-23 04:09:04  0 10      0  89536      0 375028    0    0 156753   674 2245 1405  1 19  3 69  8
2026-07-23 04:09:19  0 18      0  87364      0 379236    0    0 361209    24 3665 2411  0 31  1 68  0
2026-07-23 04:09:26  2 13      0  86748      0 379596    0    0 197166    12 6575 4051  0 37  1 62  0
2026-07-23 04:09:31  0 19      0  86568      0 379424    0    0 140797   668 2230 1561  1 18  5 77  0
2026-07-23 04:09:38  2 18      0  86668      0 379472    0    0 171821     5 2549 1610  0 38  1 61  0
2026-07-23 04:09:56  2 21      0  88496      0 376736    0    0 438779    25 4926 3240  0 37  1 63  0
2026-07-23 04:10:09  3 11      0  87644      0 378244    0    0 347363    14 6573 3975  0 38  1 55  7
2026-07-23 04:10:25  0 15      0  86556      0 379540    0    0 421610    15 5467 3270  0 38  1 61  0
2026-07-23 04:10:33  0  5      0  86980      0 378652    0    0 184737   661 7951 4483  0 41  1 58  0
2026-07-23 04:10:43  2 21      0  87716      0 376236    0    0 277198    23 3167 2337  0 26  2 72  0
2026-07-23 04:10:55  0 21      0  89984      0 375676    0    0 308541    10 6488 4766  0 32  1 67  0
2026-07-23 04:11:19  2 23      0  86360      0 377176    0    0 610657    24 7896 5326  0 37  0 59  3
2026-07-23 04:11:28  2  6      0  85140      0 380396    0    0 224762   666 7550 4669  0 39  1 60  0
2026-07-23 04:11:34  2  9      0  86712      0 378348    0    0 151927    23 2845 2481  1 20  1 78  0
2026-07-23 04:11:40  1 16      0  84652      0 380368    0    0 139335     8 2330 1472  0 26  1 73  0
2026-07-23 04:11:45  0 18      0  86248      0 379196    0    0 151247    16 2566 1868  0 27  1 73  0
2026-07-23 04:11:50 procs -----------memory---------- ---swap-- -----io---- -system-- ------cpu-----
2026-07-23 04:11:51  r  b   swpd   free   buff  cache   si   so    bi    bo   in   cs us sy id wa st
2026-07-23 04:11:52  0  8      0  84684      0 379064    0    0 162028   673 2367 1905  1 15  3 81  0
2026-07-23 04:12:05  2 18      0  86072      0 377520    0    0 350253    24 3281 2440  0 31  0 68  0
2026-07-23 04:12:12  1  4      0 493560      0 378308    0    0 183533    13 6384 4259  0 34  0 59  6
2026-07-23 04:12:17  0  0      0 3006896      0 455240    0    0 12509  2612  644  642  2  3 91  3  0
2026-07-23 04:12:22  0  0      0 2942996      0 476752    0    0  1017  3940  433  324  2  1 97  1  0
2026-07-23 04:12:27  0  0      0 2898056      0 493636    0    0     0  3969  400  315  2  1 97  0  0
2026-07-23 04:12:32  0  0      0 2890056      0 493640    0    0     0  3260  375  320  2  0 98  0  0
2026-07-23 04:12:37  0  0      0 2876524      0 493640    0    0     0  3912  343  291  2  1 97  0  0
2026-07-23 04:12:42  0  0      0 2878256      0 493648    0    0     0  3920  387  320  2  1 97  0  0
2026-07-23 04:12:47  0  0      0 2868304      0 493688    0    0     2  3932  404  351  2  1 97  0  0
2026-07-23 04:12:52  0  0      0 2860500      0 493692    0    0     0  3928  396  328  2  1 97  0  0
2026-07-23 04:12:57  0  0      0 2858192      0 493696    0    0     0  2631  302  273  1  1 98  0  0
2026-07-23 04:13:02  0  0      0 2863144      0 494328    0    0   164  3930  491  402  2  1 94  0  3
2026-07-23 04:13:07  1  0      0 2838172      0 501416    0    0    34  3926  422  348  2  1 96  0  0
2026-07-23 04:13:12  0  0      0 2838116      0 501416    0    0     0  3927  390  318  2  1 97  0  0
2026-07-23 04:13:17  1  0      0 2836056      0 501420    0    0     0  3271  365  292  2  1 97  0  0
2026-07-23 04:13:22  0  0      0 2843720      0 501424    0    0     0  3264  333  285  2  1 98  0  0
2026-07-23 04:13:27  0  0      0 2833860      0 501428    0    0     0  3925  386  318  2  1 97  0  0
2026-07-23 04:13:32  0  0      0 2838396      0 501432    0    0     0  3917  397  321  2  1 97  0  0
2026-07-23 04:13:37  0  0      0 2838256      0 501436    0    0     0  3920  393  327  2  1 97  0  0
2026-07-23 04:13:42  0  0      0 2832036      0 501440    0    0     0  2611  296  265  1  1 98  0  0
2026-07-23 04:13:47 procs -----------memory---------- ---swap-- -----io---- -system-- ------cpu-----
2026-07-23 04:13:47  r  b   swpd   free   buff  cache   si   so    bi    bo   in   cs us sy id wa st
2026-07-23 04:13:47  0  0      0 2837644      0 509636    0    0     0  3923  380  304  2  1 97  0  0
2026-07-23 04:13:52  0  0      0 2825056      0 509640    0    0     0  3930  394  320  2  1 97  0  0
2026-07-23 04:13:57  0  0      0 2822588      0 509644    0    0     0  3940  400  332  2  0 97  0  0
2026-07-23 04:14:02  1  0      0 2818828      0 509648    0    0     0  3273  398  349  2  1 94  0  3
2026-07-23 04:14:07  0  0      0 2820324      0 509704    0    0     0  3273  392  315  2  1 97  0  0
2026-07-23 04:14:12  0  0      0 2825732      0 509708    0    0     0  3922  396  329  2  1 97  0  0
2026-07-23 04:14:17  0  0      0 2824060      0 509712    0    0     0  3928  408  324  2  1 96  0  0
2026-07-23 04:14:22  0  0      0 2822080      0 509712    0    0     0  3922  392  337  2  1 97  0  0
2026-07-23 04:14:27  0  0      0 2815764      0 510588    0    0   174  2615  313  285  1  1 98  0  0
2026-07-23 04:14:32  0  0      0 2815784      0 510592    0    0     0  3923  393  337  2  1 97  0  0
2026-07-23 04:14:37  0  0      0 2816020      0 510604    0    0     2  3924  405  331  2  1 97  0  0
2026-07-23 04:14:42  0  0      0 2814032      0 510608    0    0     0  3922  401  370  2  1 97  0  0
2026-07-23 04:14:47  3  0      0 2813916      0 510612    0    0     0  3268  375  315  2  1 97  0  0
2026-07-23 04:14:52  0  0      0 2811768      0 510624    0    0     0  3268  323  290  2  1 98  0  0
2026-07-23 04:14:57  0  0      0 2811808      0 510628    0    0     0  3936  416  354  2  1 97  0  0
2026-07-23 04:15:02  0  0      0 2810036      0 510632    0    0     0  3934  484  405  2  2 90  0  5
2026-07-23 04:15:07  0  0      0 2813972      0 510664    0    0     0  3279  407  335  2  1 97  0  0
2026-07-23 04:15:12  0  0      0 2811972      0 510668    0    0     0  2627  304  267  1  1 98  0  0
2026-07-23 04:15:17  0  0      0 2811820      0 510672    0    0     0  3941  398  303  2  1 97  0  0
2026-07-23 04:15:22  0  0      0 2807620      0 510696    0    0     0  3932  385  317  2  0 97  0  0
2026-07-23 04:15:27  0  0      0 2807656      0 510696    0    0     0  3935  394  321  2  1 97  0  0
2026-07-23 04:15:32 procs -----------memory---------- ---swap-- -----io---- -system-- ------cpu-----
2026-07-23 04:15:32  r  b   swpd   free   buff  cache   si   so    bi    bo   in   cs us sy id wa st
2026-07-23 04:15:32  2  0      0 2805772      0 510700    0    0     0  3272  367  315  2  1 97  0  0
2026-07-23 04:15:37  0  0      0 2805776      0 510704    0    0     0  3275  320  277  2  1 98  0  0
2026-07-23 04:15:42  0  0      0 2803688      0 510708    0    0     0  3926  388  321  2  1 97  0  0
2026-07-23 04:15:47  0  0      0 2803644      0 510712    0    0     0  3926  387  309  2  1 96  0  0
2026-07-23 04:15:52  0  0      0 2801536      0 510716    0    0     0  3926  385  313  2  1 97  0  0
2026-07-23 04:15:57  0  0      0 2801592      0 510720    0    0     0  2633  293  265  1  0 98  0  0
2026-07-23 04:16:02  0  0      0 2801296      0 510724    0    0     0  3272  412  343  2  1 93  0  3
2026-07-23 04:16:07  0  0      0 2803180      0 510732    0    0     0  3934  425  345  2  1 97  0  0
2026-07-23 04:16:12  0  0      0 2803344      0 510736    0    0     0  3945  382  311  2  0 97  0  0
2026-07-23 04:16:17  1  0      0 2807360      0 510740    0    0     0  3288  368  297  2  1 97  0  0
2026-07-23 04:16:22  0  0      0 2793280      0 517484    0    0     0  3285  311  266  2  1 98  0  0
2026-07-23 04:16:27  0  0      0 2789412      0 517488    0    0     0  3936  381  313  2  1 97  0  0
2026-07-23 04:16:32  0  0      0 2789200      0 517492    0    0     0  3932  395  321  2  1 97  0  0
2026-07-23 04:16:37  1  0      0 2794572      0 517492    0    0     0  3934  399  327  2  1 97  0  0
2026-07-23 04:16:42  0  0      0 2798472      0 517496    0    0     0  2621  293  261  1  0 98  0  0
2026-07-23 04:16:47  0  0      0 2789244      0 517500    0    0     0  3931  396  324  2  1 97  0  0
2026-07-23 04:16:52  0  0      0 2798784      0 517504    0    0     0  3931  394  310  2  1 97  0  0
2026-07-23 04:16:57  0  0      0 2786812      0 517508    0    0     0  3946  393  321  2  1 97  0  0
2026-07-23 04:17:02  3  0      0 2782176      0 517512    0    0     0  3276  405  351  2  1 96  0  1
2026-07-23 04:17:07  0  0      0 2788336      0 517520    0    0     0  3276  350  298  2  1 97  0  0
2026-07-23 04:17:12  0  0      0 2788320      0 517524    0    0     0  3931  390  313  2  1 97  0  0
2026-07-23 04:17:17 procs -----------memory---------- ---swap-- -----io---- -system-- ------cpu-----
2026-07-23 04:17:17  r  b   swpd   free   buff  cache   si   so    bi    bo   in   cs us sy id wa st
2026-07-23 04:17:17  0  0      0 2784000      0 517528    0    0     0  3948  390  321  2  1 97  0  0
2026-07-23 04:17:22  0  0      0 2781952      0 517564    0    0     0  3946  379  303  2  1 97  0  0
2026-07-23 04:17:27  0  0      0 2781916      0 517568    0    0     0  3291  315  275  2  1 98  0  0
2026-07-23 04:17:32  0  0      0 2781884      0 517572    0    0     0  3957  381  317  2  0 97  0  0
2026-07-23 04:17:37  0  0      0 2781792      0 517592    0    0     0  3944  388  322  2  1 97  0  0
2026-07-23 04:17:42  0  0      0 2792148      0 517596    0    0     0  3936  391  316  2  1 97  0  0
2026-07-23 04:17:47  1  0      0 2787724      0 517600    0    0     0  3936  377  316  2  1 97  0  0
2026-07-23 04:17:52  0  0      0 2792012      0 517620    0    0    24  2624  397  343  2  1 97  0  0
2026-07-23 04:17:57  0  0      0 2791996      0 517624    0    0     0  3936  392  314  2  1 97  0  0
2026-07-23 04:18:02  2  0      0 2785740      0 517628    0    0     0  3946  498  408  2  1 91  0  5
2026-07-23 04:18:07  0  0      0 2785604      0 517648    0    0     0  3943  421  348  2  1 96  0  0
2026-07-23 04:18:12  1  0      0 2959516      0 352248    0    0    27  2624 1932  512 10 13 78  0  0
2026-07-23 04:18:17  1  0      0 2957636      0 352364    0    0     0  3936 1547  646 24 29 46  0  0
2026-07-23 04:18:22  2  0      0 2954860      0 352472    0    0     0  3940 1544  641 24 29 46  0  0
2026-07-23 04:18:27  1  0      0 2922632      0 352580    0    0     0  3946 1554  625 24 30 46  0  0
2026-07-23 04:18:32  7  0      0 2920420      0 352684    0    0     1  3336 1537  614 24 29 46  0  0
2026-07-23 04:18:37  1  0      0 2928040      0 352844    0    0     0  3296 1489  597 24 29 47  0  0
2026-07-23 04:18:42  1  0      0 2909084      0 352964    0    0     0  4077 1548  617 24 30 46  0  0
2026-07-23 04:18:47  1  0      0 2906384      0 353072    0    0     0  3941 1549  628 24 29 46  0  0
2026-07-23 04:18:52  1  0      0 2900172      0 353176    0    0     0  3941 1546  645 25 29 46  0  0
2026-07-23 04:18:57  1  0      0 2907604      0 353288    0    0     0  2627 1471  625 23 30 47  0  0
2026-07-23 04:19:02 procs -----------memory---------- ---swap-- -----io---- -system-- ------cpu-----
2026-07-23 04:19:02  r  b   swpd   free   buff  cache   si   so    bi    bo   in   cs us sy id wa st
2026-07-23 04:19:02  2  0      0 2903260      0 353400    0    0     0  3955 1736  634 22 27 44  0  7
2026-07-23 04:19:07  1  0      0 2907588      0 353504    0    0     0  3941 1578  633 24 31 45  0  0
2026-07-23 04:19:12  1  0      0 2905356      0 353628    0    0     0  4729 1572  638 24 30 45  0  0
2026-07-23 04:19:17  5  0      0 2899732      0 353728    0    0     0  3291 1545  631 24 30 46  0  0
2026-07-23 04:19:22  1  0      0 2896844      0 353840    0    0     0  3284 1483  596 23 30 47  0  0
2026-07-23 04:19:27  1  0      0 2899264      0 353952    0    0     0  3941 1554  641 24 30 46  0  0
2026-07-23 04:19:32  1  0      0 2892008      0 354068    0    0     0  3956 1559  635 24 30 46  0  0
2026-07-23 04:19:37  1  0      0 2889728      0 354208    0    0     0  3955 1550  631 24 30 46  0  0
2026-07-23 04:19:42  1  0      0 2889728      0 354320    0    0     0  2634 1470  593 23 29 47  0  0
2026-07-23 04:19:47  1  0      0 2889612      0 354444    0    0     0  4086 1549  631 24 30 46  0  0
2026-07-23 04:19:52  1  0      0 2889408      0 354576    0    0     0  3959 1557  629 24 29 46  0  0
2026-07-23 04:19:57  1  0      0 2884696      0 354688    0    0     0  3946 1553  633 25 29 46  0  0
2026-07-23 04:20:02  4  0      0 2885192      0 354816    0    0     0  3293 1478  559 18 23 45  0 14
2026-07-23 04:20:07  1  0      0 2884940      0 354904    0    0     0  3288 1656  632 23 28 45  0  5
2026-07-23 04:20:12  1  0      0 2884904      0 355028    0    0     0  3946 1555  633 24 30 46  0  0
2026-07-23 04:20:17  1  0      0 2882624      0 355144    0    0     0  4071 1549  631 25 29 46  0  0
2026-07-23 04:20:22  1  0      0 2882408      0 355256    0    0     2  3946 1554  644 24 29 46  0  0
2026-07-23 04:20:27  2  0      0 2882048      0 355360    0    0     0  2637 1483  598 22 30 47  0  0
2026-07-23 04:20:32  1  0      0 2871508      0 363664    0    0     0  3949 1561  637 23 30 46  0  0
2026-07-23 04:20:37  1  0      0 2873364      0 363788    0    0     0  3951 1545  630 24 29 46  0  0
2026-07-23 04:20:42  1  0      0 2871320      0 363888    0    0     0  3953 1550  633 25 29 46  0  0
2026-07-23 04:20:47 procs -----------memory---------- ---swap-- -----io---- -system-- ------cpu-----
2026-07-23 04:20:47  r  b   swpd   free   buff  cache   si   so    bi    bo   in   cs us sy id wa st
2026-07-23 04:20:47  8  0      0 2867560      0 364012    0    0     0  4090 1544  620 25 29 46  0  0
2026-07-23 04:20:52  1  0      0 2866816      0 364164    0    0     0  2638 1482  611 23 30 47  0  0
2026-07-23 04:20:57  1  0      0 2871412      0 364292    0    0     0  3962 1548  621 24 30 46  0  0
2026-07-23 04:21:02  2  0      0 2866768      0 364384    0    0     0  3965 1754  611 20 26 44  0 10
2026-07-23 04:21:07  1  0      0 2871012      0 364488    0    0     0  3953 1573  631 24 30 45  0  0
2026-07-23 04:21:12  1  0      0 2870980      0 364604    0    0     0  2634 1473  586 23 30 47  0  0
2026-07-23 04:21:17  1  0      0 2872892      0 364700    0    0     0  4080 1547  621 24 30 46  0  0
2026-07-23 04:21:22  1  0      0 2872236      0 364812    0    0     0  3950 1554  633 24 30 46  0  0
2026-07-23 04:21:27  1  0      0 2869544      0 364928    0    0     0  4617 1584  645 25 30 45  0  0
2026-07-23 04:21:32  7  0      0 2863992      0 365036    0    0     0  3964 1544  624 24 30 46  0  0
2026-07-23 04:21:37  1  0      0 2868564      0 365136    0    0     0  2637 1475  592 23 29 47  0  0
2026-07-23 04:21:42  1  0      0 2868240      0 365256    0    0     0  3950 1551  631 23 30 46  0  0
2026-07-23 04:21:47  1  0      0 2867928      0 365368    0    0     0  4089 1543  622 25 29 46  0  0
2026-07-23 04:21:52  1  0      0 2863324      0 365496    0    0     0  3962 1551  630 24 30 46  0  0
2026-07-23 04:21:57  1  0      0 2863128      0 365604    0    0     0  2642 1466  590 23 30 47  0  0
2026-07-23 04:22:02  1  0      0 2861188      0 365696    0    0     0  3990 1736  600 20 25 44  0 11
2026-07-23 04:22:07  1  0      0 2862908      0 365824    0    0     0  3962 1572  636 24 30 45  0  0
2026-07-23 04:22:12  1  0      0 2867616      0 365944    0    0     0  3956 1558  635 24 30 46  0  0
2026-07-23 04:22:17  1  0      0 2865972      0 366060    0    0     0  4087 1563  669 25 29 46  0  0
2026-07-23 04:22:22  2  0      0 2866900      0 366160    0    0     0  3296 1504  613 23 30 46  0  0
2026-07-23 04:22:27  1  0      0 2862272      0 366276    0    0     0  3955 1566  667 24 30 46  0  0
2026-07-23 04:22:32 procs -----------memory---------- ---swap-- -----io---- -system-- ------cpu-----
2026-07-23 04:22:32  r  b   swpd   free   buff  cache   si   so    bi    bo   in   cs us sy id wa st
2026-07-23 04:22:32  2  0      0 2871300      0 366400    0    0     0  3966 1555  632 25 29 46  0  0
2026-07-23 04:22:37  1  0      0 2863612      0 366500    0    0     0  3958 1540  618 24 30 46  0  0
2026-07-23 04:22:42  1  0      0 2863644      0 366624    0    0     0  2637 1464  584 23 29 47  0  0
2026-07-23 04:22:47  1  0      0 2863056      0 366724    0    0     0  4090 1559  652 24 30 46  0  0
2026-07-23 04:22:52  1  0      0 2858672      0 366848    0    0     0  3955 1540  623 24 29 46  0  0
2026-07-23 04:22:57  2  0      0 2858472      0 366960    0    0     0  3971 1546  621 24 29 46  0  0
2026-07-23 04:23:02  1  0      0 2854872      0 367044    0    0     0  3979 1738  661 22 27 43  0  8
2026-07-23 04:23:07  1  0      0 2851144      0 373900    0    0     0  2645 1488  603 23 30 47  0  0
2026-07-23 04:23:12  1  0      0 2850900      0 374016    0    0     0  3971 1558  625 25 29 46  0  0
2026-07-23 04:23:17  2  0      0 2855540      0 374128    0    0     0  3965 1563  624 24 30 46  0  0
2026-07-23 04:23:22  1  0      0 2854892      0 374220    0    0     0  4088 1549  625 25 29 46  0  0
2026-07-23 04:23:27  1  0      0 2854908      0 374340    0    0     0  2641 1479  628 23 30 47  0  0
2026-07-23 04:23:32  1  0      0 2855188      0 374456    0    0     0  3963 1551  636 24 30 46  0  0
2026-07-23 04:23:37  1  0      0 2855096      0 374564    0    0     0  3964 1551  636 24 29 46  0  0
2026-07-23 04:23:42  1  0      0 2855080      0 374672    0    0     0  3971 1555  630 24 30 46  0  0
2026-07-23 04:23:47  1  0      0 2852896      0 374784    0    0     0  3960 1545  632 24 30 46  0  0
2026-07-23 04:23:52  1  0      0 2849996      0 374880    0    0     0  2771 1490  611 23 30 47  0  0
2026-07-23 04:23:57  1  0      0 2849904      0 375004    0    0     0  3960 1564  629 24 30 46  0  0
2026-07-23 04:24:02  1  0      0 2848008      0 375084    0    0     0  3343 1564  575 18 23 42  0 16
2026-07-23 04:24:07  2  0      0 2849672      0 375212    0    0     0  3974 1637  678 24 30 45  0  1
2026-07-23 04:24:12  1  0      0 2849536      0 375336    0    0     0  2648 1474  597 23 29 47  0  0
2026-07-23 04:24:17 procs -----------memory---------- ---swap-- -----io---- -system-- ------cpu-----
2026-07-23 04:24:17  r  b   swpd   free   buff  cache   si   so    bi    bo   in   cs us sy id wa st
2026-07-23 04:24:17  2  0      0 2853156      0 375436    0    0     0  3986 1560  636 24 30 46  0  0
2026-07-23 04:24:22  1  0      0 2853828      0 375584    0    0     0  4101 1559  629 25 29 46  0  0
2026-07-23 04:24:27  1  0      0 2853792      0 375716    0    0     0  3965 1553  659 24 30 46  0  0
2026-07-23 04:24:32  1  0      0 2851380      0 375832    0    0     0  3970 1555  632 24 30 46  0  0
2026-07-23 04:24:37  1  0      0 2852744      0 375932    0    0     0  2647 1484  637 23 30 47  0  0
2026-07-23 04:24:42  2  0      0 2852156      0 376060    0    0     0  3965 1557  635 25 29 46  0  0
2026-07-23 04:24:47  1  0      0 2851732      0 376160    0    0     0  3972 1544  620 24 30 46  0  0
2026-07-23 04:24:52  1  0      0 2853624      0 376284    0    0     0  4101 1544  619 24 29 46  0  0
2026-07-23 04:24:57  1  0      0 2868512      0 361508    0    0     0  2643 1494  594 23 30 47  0  0
2026-07-23 04:25:02  2  0      0 2864572      0 361588    0    0     0  3312 1589  554 19 24 44  0 13
2026-07-23 04:25:07  1  0      0 2868144      0 361696    0    0     0  3965 1604  655 24 29 45  0  1
2026-07-23 04:25:12  1  0      0 2868128      0 361820    0    0     0  3973 1567  625 24 30 46  0  0
2026-07-23 04:25:17  2  0      0 2870732      0 361924    0    0     0  3984 1542  625 24 30 46  0  0
2026-07-23 04:25:22  1  0      0 2872560      0 362084    0    0     0  2790 1466  597 23 30 47  0  0
2026-07-23 04:25:27  1  0      0 2871040      0 362216    0    0     0  3971 1570  634 24 30 46  0  0
2026-07-23 04:25:32  1  0      0 2868292      0 362344    0    0     0  3976 1558  632 25 29 46  0  0
2026-07-23 04:25:37  1  0      0 2868200      0 362440    0    0     0  3978 1548  631 24 30 46  0  0
2026-07-23 04:25:42  1  0      0 2868088      0 362552    0    0     0  2646 1476  597 23 30 47  0  0
2026-07-23 04:25:47  2  0      0 2863756      0 362652    0    0     0  3970 1559  634 24 29 46  0  0
2026-07-23 04:25:52  1  0      0 2865676      0 362760    0    0     0  4105 1563  628 24 30 46  0  0
2026-07-23 04:25:57  1  0      0 2863572      0 362864    0    0     0  3970 1548  619 25 29 46  0  0
2026-07-23 04:26:02 procs -----------memory---------- ---swap-- -----io---- -system-- ------cpu-----
2026-07-23 04:26:02  r  b   swpd   free   buff  cache   si   so    bi    bo   in   cs us sy id wa st
2026-07-23 04:26:02  2  0      0 2860184      0 362948    0    0     0  3974 1653  575 20 24 44  0 12
2026-07-23 04:26:07  1  0      0 2865580      0 363048    0    0     0  2646 1508  596 23 30 46  0  1
2026-07-23 04:26:12  1  0      0 2865352      0 363168    0    0     0  3970 1553  618 24 30 46  0  0
2026-07-23 04:26:17  1  0      0 2861044      0 363276    0    0     0  3973 1554  623 25 29 46  0  0
2026-07-23 04:26:22  1  0      0 2860824      0 363376    0    0     0  4104 1556  636 24 29 46  0  0
2026-07-23 04:26:27  1  0      0 2860840      0 363516    0    0     0  2653 1476  596 23 29 47  0  0
2026-07-23 04:26:32  1  0      0 2860780      0 363612    0    0     0  3986 1559  631 25 29 46  0  0
2026-07-23 04:26:37  1  0      0 2860568      0 363716    0    0     2  3982 1546  626 24 30 46  0  0
2026-07-23 04:26:42  1  0      0 2860428      0 363864    0    0     0  3978 1549  621 24 29 46  0  0
2026-07-23 04:26:47  1  0      0 2863060      0 363960    0    0     0  3974 1545  621 25 29 46  0  0
2026-07-23 04:26:52  1  0      0 2862356      0 364076    0    0     0  2650 1479  622 24 29 47  0  0
2026-07-23 04:26:57  1  0      0 2862188      0 364184    0    0     0  4102 1552  624 24 30 46  0  0
2026-07-23 04:27:02  1  0      0 2864992      0 364268    0    0     0  3991 1780  614 20 25 44  0 11
2026-07-23 04:27:07  1  0      0 2866880      0 364368    0    0     0  3312 1619  617 23 29 46  0  2
2026-07-23 04:27:12  1  0      0 2866736      0 364488    0    0     0  2650 1471  588 23 29 47  0  0
2026-07-23 04:27:17  1  0      0 2860220      0 372780    0    0     0  3979 1536  616 24 30 46  0  0
2026-07-23 04:27:22  1  0      0 2853360      0 372900    0    0     0  3974 1549  632 24 30 46  0  0
2026-07-23 04:27:27  1  0      0 2853388      0 373012    0    0     0  4098 1554  627 25 29 46  0  0
2026-07-23 04:27:32  1  0      0 2851840      0 373112    0    0     0  3994 1562  634 24 30 46  0  0
2026-07-23 04:27:37  1  0      0 2854548      0 373224    0    0     0  2666 1483  596 23 30 47  0  0
2026-07-23 04:27:42  1  0      0 2856432      0 373392    0    0     0  3983 1549  624 25 29 46  0  0
2026-07-23 04:27:47 procs -----------memory---------- ---swap-- -----io---- -system-- ------cpu-----
2026-07-23 04:27:47  r  b   swpd   free   buff  cache   si   so    bi    bo   in   cs us sy id wa st
2026-07-23 04:27:47  2  0      0 2856376      0 373504    0    0     0  3984 1560  637 25 29 46  0  0
2026-07-23 04:27:52  1  0      0 2856172      0 373600    0    0     0  3984 1552  628 24 30 46  0  0
2026-07-23 04:27:57  1  0      0 2854048      0 373724    0    0     0  2786 1481  601 23 30 47  0  0
2026-07-23 04:28:02  1  0      0 2850976      0 373812    0    0     0  3985 1753  597 19 26 44  0 11
2026-07-23 04:28:07  1  0      0 2854840      0 373924    0    0     0  3986 1577  644 24 30 45  0  0
2026-07-23 04:28:12  1  0      0 2854728      0 374036    0    0     0  3979 1568  642 24 29 46  0  0
2026-07-23 04:28:17  1  0      0 2853172      0 374132    0    0     0  3979 1549  625 24 30 46  0  0
2026-07-23 04:28:22  1  0      0 2854460      0 374256    0    0     0  2653 1481  598 23 30 47  0  0
2026-07-23 04:28:27  1  0      0 2854436      0 374352    0    0     0  4108 1566  645 23 31 46  0  0
2026-07-23 04:28:32  1  0      0 2852152      0 374476    0    0     0  3990 1553  628 24 29 46  0  0
2026-07-23 04:28:37  1  0      0 2851976      0 374588    0    0     0  3992 1561  636 24 29 46  0  0
2026-07-23 04:28:42  2  0      0 2851836      0 374708    0    0     0  2658 1478  600 23 30 47  0  0
2026-07-23 04:28:47  1  0      0 2851780      0 374828    0    0     0  3994 1546  620 24 30 46  0  0
2026-07-23 04:28:52  1  0      0 2851544      0 374940    0    0     0  3998 1595  658 24 30 45  0  0
2026-07-23 04:28:57  1  0      0 2851372      0 375148    0    0     0  4120 1559  657 24 30 46  0  0
2026-07-23 04:29:02  1  0      0 2848648      0 375232    0    0     0  3987 1767  604 22 26 45  0  7
2026-07-23 04:29:07  2  0      0 2851136      0 375316    0    0     0  2656 1492  596 23 30 47  0  0
2026-07-23 04:29:12  1  0      0 2851164      0 375428    0    0     0  3991 1565  637 24 30 46  0  0
2026-07-23 04:29:17  1  0      0 2850940      0 375540    0    0     0  3985 1562  644 24 30 46  0  0
2026-07-23 04:29:22  1  0      0 2849840      0 375652    0    0     0  3986 1551  658 24 30 46  0  0
2026-07-23 04:29:27  1  0      0 2851776      0 375748    0    0     0  2786 1480  605 23 30 47  0  0
2026-07-23 04:29:32 procs -----------memory---------- ---swap-- -----io---- -system-- ------cpu-----
2026-07-23 04:29:32  r  b   swpd   free   buff  cache   si   so    bi    bo   in   cs us sy id wa st
2026-07-23 04:29:32  2  0      0 2851808      0 375860    0    0     0  4029 1556  640 25 29 46  0  0
2026-07-23 04:29:37  1  0      0 2849564      0 375984    0    0     0  3986 1561  636 24 29 46  0  0
2026-07-23 04:29:42  1  0      0 2842704      0 382792    0    0     0  3990 1551  625 24 30 46  0  0
2026-07-23 04:29:47  1  0      0 2841032      0 382896    0    0     0  3997 1557  634 24 30 46  0  0
2026-07-23 04:29:52  1  0      0 2845948      0 383004    0    0     0  2669 1481  608 23 29 47  0  0
2026-07-23 04:29:57  2  0      0 2842396      0 383156    0    0     0  4130 1554  630 24 30 46  0  0
2026-07-23 04:30:02  1  0      0 2842316      0 383252    0    0     0  3994 1412  560 17 22 39  0 21
2026-07-23 04:30:07  1  0      0 2842624      0 383356    0    0     0  3994 1734  614 21 28 45  0  6
2026-07-23 04:30:12  2  0      0 2843384      0 384764    0    0   297  2660 1535  630 23 30 46  0  0
2026-07-23 04:30:17  1  0      0 2661780      0 508272    0    0 24715  3997 2221 1271 33 32 31  5  0
2026-07-23 04:30:22  1  0      0 2663852      0 508400    0    0     0  3989 1593  653 24 30 46  0  0
2026-07-23 04:30:27  1  0      0 2663740      0 508516    0    0     0  3989 1579  652 24 29 46  0  0
2026-07-23 04:30:32  1  0      0 2715256      0 508836    0    0    47  4112 1596  641 25 30 44  0  0
2026-07-23 04:30:37  1  0      0 2715784      0 508948    0    0     0  2683 1483  603 23 29 47  0  0
2026-07-23 04:30:42  1  0      0 2718532      0 509060    0    0     0  3989 1553  656 25 29 46  0  0
2026-07-23 04:30:47  2  0      0 2717608      0 509184    0    0     0  4280 1557  630 24 30 46  0  0
2026-07-23 04:30:52  1  0      0 2715336      0 509296    0    0     0  3998 1541  630 24 30 46  0  0
2026-07-23 04:30:57  1  0      0 2715316      0 509412    0    0     0  4002 1540  620 24 30 46  0  0
2026-07-23 04:31:02  2  0      0 2713272      0 509508    0    0     0  4137 1736  625 21 26 43  0  9
2026-07-23 04:31:07  1  0      0 2717580      0 509632    0    0     0  4053 1596  649 24 30 45  0  0
2026-07-23 04:31:12  1  0      0 2717432      0 509756    0    0     0  3999 1582  628 24 29 46  0  0
2026-07-23 04:31:17 procs -----------memory---------- ---swap-- -----io---- -system-- ------cpu-----
2026-07-23 04:31:17  r  b   swpd   free   buff  cache   si   so    bi    bo   in   cs us sy id wa st
2026-07-23 04:31:17  2  0      0 2714192      0 509900    0    0     0  3989 1565  630 24 30 46  0  0
2026-07-23 04:31:22  1  0      0 2714588      0 510008    0    0     0  3337 1507  609 24 30 47  0  0
2026-07-23 04:31:27  1  0      0 2722556      0 501944    0    0     0  3994 1558  627 24 30 46  0  0
2026-07-23 04:31:32  1  0      0 2721884      0 502064    0    0     0  4119 1545  628 23 30 46  0  0
2026-07-23 04:31:37  1  0      0 2722492      0 502176    0    0     0  4026 1558  634 24 30 46  0  0
2026-07-23 04:31:42  1  0      0 2721800      0 502276    0    0     0  2663 1478  600 23 30 47  0  0
2026-07-23 04:31:47  1  0      0 2721932      0 502388    0    0     0  3994 1549  657 24 30 46  0  0
2026-07-23 04:31:52  1  0      0 2721820      0 502512    0    0     0  4659 1577  645 24 30 45  0  0
2026-07-23 04:31:57  2  0      0 2749156      0 482444    0    0     0  4002 6920 11057 29 28 43  0  0
2026-07-23 04:32:02  0  0      0 2746288      0 482848    0    0     0  6958  971 1272  4  1 93  1  1
2026-07-23 04:32:07  0  0      0 2747800      0 482964    0    0     0  4004  506  506  2  1 97  0  0
2026-07-23 04:32:12  0  0      0 2746584      0 483028    0    0     0  6005  579  506  3  1 96  1  0
2026-07-23 04:32:17  0  0      0 2732012      0 483096    0    0     0  5334  614  574  3  1 96  1  0
2026-07-23 04:32:22  0  0      0 2725524      0 483140    0    0     0  5990  636  596  3  1 96  1  0
2026-07-23 04:32:27  0  0      0 2718456      0 483208    0    0     0  4002  478  462  2  1 97  0  0
2026-07-23 04:32:32  0  0      0 2707352      0 483272    0    0     0  5396  604  571  3  1 96  0  0
2026-07-23 04:32:37  0  0      0 2684048      0 483336    0    0     0  5343  576  533  2  1 96  0  0
2026-07-23 04:32:42  0  0      0 2675616      0 483400    0    0     0  5990  576  494  3  1 96  1  0
2026-07-23 04:32:47  0  0      0 2671196      0 483448    0    0     0  5335  568  511  2  1 96  1  0
2026-07-23 04:32:52  0  0      0 2666964      0 483524    0    0     0  4014  489  486  2  1 97  0  0
2026-07-23 04:32:57  0  0      0 2654112      0 483628    0    0     0  6036  619  586  3  1 96  1  0
2026-07-23 04:33:02 procs -----------memory---------- ---swap-- -----io---- -system-- ------cpu-----
2026-07-23 04:33:02  r  b   swpd   free   buff  cache   si   so    bi    bo   in   cs us sy id wa st
2026-07-23 04:33:02  0  0      0 2638376      0 483764    0    0     0  5398  674  619  3  2 92  0  4
2026-07-23 04:33:07  0  0      0 2610400      0 483812    0    0     0  5339  624  594  3  1 96  1  0
2026-07-23 04:33:12  0  0      0 2598712      0 483880    0    0     0  3998  475  445  2  1 97  0  0
2026-07-23 04:33:17  0  0      0 2588132      0 483952    0    0     0  5998  597  529  3  1 95  1  0
2026-07-23 04:33:22  0  0      0 2593884      0 484012    0    0     0  4665  536  503  2  1 96  0  0
2026-07-23 04:33:27  0  0      0 2570008      0 484076    0    0     0  5332  592  531  3  1 96  1  0
2026-07-23 04:33:32  0  0      0 2555904      0 492340    0    0     0  6077  587  525  3  1 96  1  0
2026-07-23 04:33:37  0  0      0 2528420      0 492404    0    0     0  4021  462  409  2  1 97  0  0
2026-07-23 04:33:42  0  0      0 2514320      0 492512    0    0     0  6018  620  589  3  1 96  1  0
2026-07-23 04:33:47  0  0      0 2505676      0 492576    0    0     0  5362  589  583  2  1 96  1  0
2026-07-23 04:33:52  0  0      0 2488768      0 492640    0    0     0  5354  680  640  3  1 95  1  0
2026-07-23 04:33:57  1  0      0 2479912      0 492708    0    0     0  4003  462  429  2  1 97  0  0
2026-07-23 04:34:02  0  0      0 2467952      0 492772    0    0     0  5338  598  543  3  1 92  0  4
2026-07-23 04:34:07  0  0      0 2454140      0 492840    0    0     0  6088  603  546  3  1 95  1  0
2026-07-23 04:34:12  0  0      0 2443088      0 492896    0    0     0  4670  561  576  2  1 97  0  0
2026-07-23 04:34:17  0  0      0 2440576      0 492944    0    0     0  5342  559  510  3  1 96  1  0
2026-07-23 04:34:22  0  0      0 2451608      0 493008    0    0     0  3336  453  449  2  1 97  0  0
2026-07-23 04:34:27  0  0      0 2444032      0 493076    0    0     0  5346  602  570  2  1 96  1  0
2026-07-23 04:34:32  0  0      0 2437004      0 493148    0    0     0  6040  577  533  3  1 96  1  0
2026-07-23 04:34:37  0  0      0 2412856      0 493236    0    0     0  5472  604  584  3  1 96  1  0
2026-07-23 04:34:42  0  0      0 2410848      0 493316    0    0     0  4015  432  358  2  1 97  0  0
2026-07-23 04:34:47 procs -----------memory---------- ---swap-- -----io---- -system-- ------cpu-----
2026-07-23 04:34:47  r  b   swpd   free   buff  cache   si   so    bi    bo   in   cs us sy id wa st
2026-07-23 04:34:47  1  0      0 2397832      0 493388    0    0     0  6012  614  591  3  1 96  1  0
2026-07-23 04:34:52  0  0      0 2385216      0 493452    0    0     0  6012  572  489  3  1 96  1  0
2026-07-23 04:34:57  0  0      0 2379256      0 493520    0    0     0  5344  591  563  3  1 96  1  0
2026-07-23 04:35:02  0  0      0 2371204      0 493556    0    0     0  4677  547  468  2  1 93  0  3
2026-07-23 04:35:07  0  0      0 2371264      0 493628    0    0     0  4089  535  527  2  1 96  0  1
2026-07-23 04:35:12  0  0      0 2359132      0 493692    0    0     0  5352  580  540  2  1 96  1  0
2026-07-23 04:35:17  0  0      0 2357864      0 493752    0    0     0  4690  585  551  2  1 96  0  0
2026-07-23 04:35:22  0  0      0 2358020      0 493836    0    0     0  4691  569  548  2  1 96  1  0
2026-07-23 04:35:27  0  0      0 2352016      0 493896    0    0     0  3355  460  438  2  1 97  0  0
2026-07-23 04:35:32  0  0      0 2340024      0 493972    0    0     0  5375  601  593  3  1 96  0  0
2026-07-23 04:35:37  0  0      0 2333656      0 494048    0    0     0  5377  565  519  3  1 96  1  0
2026-07-23 04:35:42  0  0      0 2321520      0 500812    0    0     0  6102  576  491  3  1 95  1  0
2026-07-23 04:35:47  0  0      0 2317272      0 500860    0    0     0  6026  577  515  3  1 96  1  0
2026-07-23 04:35:52  0  0      0 2314632      0 500924    0    0     0  4013  511  493  2  1 97  0  0
2026-07-23 04:35:57  0  0      0 2316656      0 500992    0    0     0  6019  633  582  3  1 95  1  0
2026-07-23 04:36:02  0  0      0 2293764      0 501052    0    0     0  4014  613  546  2  2 90  0  6
2026-07-23 04:36:07  0  0      0 2289608      0 501120    0    0     0  5362  601  560  3  1 96  1  0
2026-07-23 04:36:12  0  0      0 2273636      0 501164    0    0     0  4092  441  406  2  1 97  0  0
2026-07-23 04:36:17  0  0      0 2279196      0 501268    0    0     0  4704  587  554  2  1 96  0  0
2026-07-23 04:36:22  0  0      0 2265556      0 501336    0    0     0  4687  563  500  2  1 96  0  0
2026-07-23 04:36:27  0  0      0 2262820      0 501388    0    0     0  6026  591  536  3  1 96  1  0
2026-07-23 04:36:32 procs -----------memory---------- ---swap-- -----io---- -system-- ------cpu-----
2026-07-23 04:36:32  r  b   swpd   free   buff  cache   si   so    bi    bo   in   cs us sy id wa st
2026-07-23 04:36:32  0  0      0 2252744      0 501448    0    0     0  5358  553  479  3  1 96  1  0
2026-07-23 04:36:37  0  0      0 2244648      0 501508    0    0     0  3369  462  431  2  1 97  0  0
2026-07-23 04:36:42  0  0      0 2230272      0 501572    0    0     0  5425  575  554  3  1 96  1  0
2026-07-23 04:36:47  0  0      0 2224200      0 501624    0    0     0  6026  620  589  3  1 95  1  0
2026-07-23 04:36:52  0  0      0 2220584      0 501700    0    0     0  4696  517  464  2  1 96  0  0
2026-07-23 04:36:57  0  0      0 2226656      0 501744    0    0     0  2678  416  375  2  1 98  0  0
2026-07-23 04:37:02  0  0      0 2217092      0 501804    0    0     0  4032  553  527  2  1 93  0  3
2026-07-23 04:37:07  0  0      0 2212688      0 501908    0    0     0  5376  619  605  3  1 96  1  0
2026-07-23 04:37:12  0  0      0 2218400      0 485596    0    0     0  5378  540  502  3  1 96  0  0
2026-07-23 04:37:17  0  0      0 2222356      0 485648    0    0     0  5442  552  489  2  1 96  1  0
2026-07-23 04:37:22  0  0      0 2219292      0 485712    0    0     0  4022  514  502  2  1 97  0  0
2026-07-23 04:37:27  0  0      0 2227048      0 485776    0    0     0  5370  564  513  3  1 96  1  0
2026-07-23 04:37:32  0  0      0 2212152      0 485824    0    0     0  5363  595  570  3  1 96  1  0
2026-07-23 04:37:37  0  0      0 2206208      0 485904    0    0     0  4706  548  510  2  1 96  0  0
2026-07-23 04:37:42  0  0      0 2190456      0 485952    0    0     0  4024  462  400  2  1 97  0  0
2026-07-23 04:37:47  0  0      0 2180560      0 486012    0    0     0  5433  586  571  2  1 96  1  0
2026-07-23 04:37:52  0  0      0 2170392      0 486096    0    0     0  6046  607  570  3  1 96  1  0
2026-07-23 04:37:57  0  0      0 2154248      0 486160    0    0     0  6073  617  588  3  1 96  1  0
2026-07-23 04:38:02  0  0      0 2139744      0 486240    0    0     0  4712  520  442  2  1 94  0  2
2026-07-23 04:38:07  0  0      0 2139668      0 486304    0    0     0  4038  514  498  2  1 97  0  0
2026-07-23 04:38:12  0  0      0 2129088      0 486372    0    0     0  5382  556  484  2  1 96  0  0
2026-07-23 04:38:17 procs -----------memory---------- ---swap-- -----io---- -system-- ------cpu-----
2026-07-23 04:38:17  r  b   swpd   free   buff  cache   si   so    bi    bo   in   cs us sy id wa st
2026-07-23 04:38:17  0  0      0 2119788      0 486436    0    0     0  5452  592  567  2  1 96  1  0
2026-07-23 04:38:22  0  0      0 2111264      0 486500    0    0     0  5382  592  567  2  1 96  1  0
2026-07-23 04:38:27  0  0      0 2107624      0 486544    0    0     0  4037  439  356  2  1 97  0  0
2026-07-23 04:38:32  0  0      0 2099796      0 486612    0    0     0  5390  556  507  3  1 96  1  0
2026-07-23 04:38:37  0  0      0 2095424      0 486676    0    0     0  5400  575  542  2  1 96  0  0
2026-07-23 04:38:42  0  0      0 2089336      0 486772    0    0     0  6066  620  581  3  1 96  1  0
2026-07-23 04:38:47  0  0      0 2079148      0 486820    0    0     0  6066  584  520  3  1 96  0  0
2026-07-23 04:38:52  0  0      0 2069104      0 486884    0    0     0  4129  502  487  2  1 97  0  0
2026-07-23 04:38:57  0  0      0 2053388      0 487012    0    0     0  5378  604  577  3  1 96  1  0
2026-07-23 04:39:03  0  0      0 2027644      0 487080    0    0     0  5383  718  639  3  2 88  0  6
2026-07-23 04:39:08  0  0      0 2010400      0 487124    0    0     0  6057  646  610  3  1 95  0  0
2026-07-23 04:39:13  1  0      0 1986036      0 495380    0    0     0  3360  430  366  2  1 97  0  0
2026-07-23 04:39:18  0  0      0 1980012      0 495448    0    0     0  6048  611  580  3  1 96  1  0
2026-07-23 04:39:23  0  0      0 1983404      0 495520    0    0     0  6049  608  576  3  1 96  1  0
2026-07-23 04:39:28  1  0      0 1977300      0 495560    0    0     0  5462  594  567  3  1 96  0  0
2026-07-23 04:39:33  0  0      0 1971196      0 495628    0    0     0  6078  579  522  3  1 96  1  0
2026-07-23 04:39:38  0  0      0 1964672      0 495752    0    0     0  4099  461  429  2  1 97  0  0
2026-07-23 04:39:43  0  0      0 1947932      0 495832    0    0     0  5382  570  517  3  1 96  1  0
2026-07-23 04:39:48  0  0      0 1926740      0 495900    0    0     0  6055  611  587  3  1 96  1  0
2026-07-23 04:39:53  0  0      0 1908652      0 495948    0    0     0  6056  638  596  3  1 96  1  0
2026-07-23 04:39:58  0  0      0 1893808      0 496008    0    0     0  2766  419  401  2  1 97  0  0
2026-07-23 04:40:03 procs -----------memory---------- ---swap-- -----io---- -system-- ------cpu-----
2026-07-23 04:40:03  r  b   swpd   free   buff  cache   si   so    bi    bo   in   cs us sy id wa st
2026-07-23 04:40:03  0  0      0 1872772      0 496068    0    0     0  4710  597  576  2  2 90  0  5
2026-07-23 04:40:08  0  0      0 1871676      0 496128    0    0     0  4719  568  536  2  1 96  0  0
2026-07-23 04:40:13  0  0      0 1857864      0 496192    0    0     0  4710  526  478  3  1 96  0  0
2026-07-23 04:40:18  0  0      0 1852260      0 496252    0    0     0  5382  565  523  3  1 96  1  0
2026-07-23 04:40:23  0  0      0 1835968      0 496324    0    0     0  4050  484  456  2  1 97  0  0
2026-07-23 04:40:28  0  0      0 1831276      0 496388    0    0     0  5468  566  514  3  1 96  1  0
2026-07-23 04:40:33  0  0      0 1823432      0 496464    0    0     0  6088  628  592  3  1 96  1  0
2026-07-23 04:40:38  0  0      0 1812484      0 496544    0    0     0  6080  575  516  3  1 96  1  0
2026-07-23 04:40:43  0  0      0 1811608      0 496608    0    0     0  4050  430  376  2  1 97  0  0
2026-07-23 04:40:48  0  0      0 1798292      0 496676    0    0     0  5389  590  563  3  1 96  1  0
2026-07-23 04:40:53  0  0      0 1785152      0 496744    0    0     0  6062  610  581  3  1 96  1  0
2026-07-23 04:40:58  0  0      0 1767160      0 496808    0    0     0  5389  572  514  3  1 96  1  0
2026-07-23 04:41:03  0  0      0 1757280      0 496856    0    0     0  5458  590  532  3  1 94  0  2
2026-07-23 04:41:08  0  0      0 1757476      0 496952    0    0     0  3380  504  506  2  1 97  0  0
2026-07-23 04:41:13  0  0      0 1756476      0 497016    0    0     0  6089  614  586  3  1 96  1  0
2026-07-23 04:41:18  0  0      0 1737392      0 497136    0    0     0  6090  623  591  3  1 96  1  0
2026-07-23 04:41:23  0  0      0 1705076      0 503880    0    0     0  4725  541  488  2  1 96  1  0
2026-07-23 04:41:28  0  0      0 1702872      0 503948    0    0     0  4046  444  400  2  1 97  0  0
2026-07-23 04:41:33  0  0      0 1701912      0 504012    0    0     0  6070  634  620  3  1 96  1  0
2026-07-23 04:41:38  0  0      0 1675892      0 504084    0    0     0  6161  634  617  3  1 96  1  0
2026-07-23 04:41:43  0  0      0 1658676      0 504148    0    0     0  5395  568  507  3  1 96  1  0
2026-07-23 04:41:48 procs -----------memory---------- ---swap-- -----io---- -system-- ------cpu-----
2026-07-23 04:41:48  r  b   swpd   free   buff  cache   si   so    bi    bo   in   cs us sy id wa st
2026-07-23 04:41:48  0  0      0 1632360      0 504196    0    0     0  4729  540  497  2  1 96  0  0
2026-07-23 04:41:53  0  0      0 1632868      0 504256    0    0     0  4046  504  493  2  1 97  0  0
2026-07-23 04:41:58  0  0      0 1625092      0 504316    0    0     0  4723  550  505  2  1 96  1  0
2026-07-23 04:42:03  0  0      0 1622044      0 504396    0    0     0  4059  567  522  2  2 91  0  5
2026-07-23 04:42:08  0  0      0 1615624      0 504440    0    0     0  6156  654  617  3  1 95  1  0
2026-07-23 04:42:13  0  0      0 1606740      0 504536    0    0     0  4059  482  456  2  1 97  0  0
2026-07-23 04:42:18  0  0      0 1605348      0 504604    0    0     0  6077  599  538  3  1 96  1  0
2026-07-23 04:42:23  0  0      0 1595304      0 504672    0    0     0  5415  573  525  3  1 96  1  0
2026-07-23 04:42:28  0  0      0 1594508      0 504716    0    0     0  5402  565  497  3  1 96  1  0
2026-07-23 04:42:33  0  0      0 1571768      0 504784    0    0     0  6077  586  522  3  1 96  1  0
2026-07-23 04:42:38  0  0      0 1575224      0 504848    0    0     0  4056  498  493  2  1 97  0  0
2026-07-23 04:42:43  0  0      0 1565376      0 504912    0    0     0  5492  591  565  3  1 96  1  0
2026-07-23 04:42:48  0  0      0 1585684      0 488604    0    0     0  6087  599  548  3  1 95  1  0
2026-07-23 04:42:53  0  0      0 1586352      0 488660    0    0     0  4074  515  473  2  1 97  0  0
2026-07-23 04:42:58  0  0      0 1582632      0 488756    0    0     0  4065  466  404  2  1 97  0  0
2026-07-23 04:43:03  0  0      0 1564584      0 488816    0    0     0  5411  612  543  3  1 92  0  3
2026-07-23 04:43:08  0  0      0 1560864      0 488892    0    0     0  6085  592  530  3  1 95  1  0
2026-07-23 04:43:13  0  0      0 1554260      0 488952    0    0     0  4811  542  475  2  1 96  0  0
2026-07-23 04:43:18  0  0      0 1543668      0 488996    0    0     0  4732  554  504  2  1 96  1  0
2026-07-23 04:43:23  0  0      0 1543576      0 489060    0    0     0  4056  509  498  2  1 97  0  0
2026-07-23 04:43:28  0  0      0 1535540      0 489128    0    0     0  6091  589  537  3  1 96  1  0
2026-07-23 04:43:33 procs -----------memory---------- ---swap-- -----io---- -system-- ------cpu-----
2026-07-23 04:43:33  r  b   swpd   free   buff  cache   si   so    bi    bo   in   cs us sy id wa st
2026-07-23 04:43:33  0  0      0 1522304      0 489196    0    0     3  6086  613  575  3  1 96  1  0
2026-07-23 04:43:38  0  0      0 1522144      0 489264    0    0     0  6098  582  528  3  1 96  1  0
2026-07-23 04:43:43  1  0      0 1518856      0 489340    0    0     0  4149  460  413  2  1 97  0  0
2026-07-23 04:43:48  0  0      0 1513544      0 489420    0    0     0  6103  632  595  3  1 96  1  0
2026-07-23 04:43:53  0  0      0 1504236      0 489516    0    0     0  6098  615  583  3  1 96  1  0
2026-07-23 04:43:58  0  0      0 1498064      0 489556    0    0     0  5422  584  556  3  1 96  1  0
2026-07-23 04:44:03  0  0      0 1485788      0 489628    0    0     3  6095  743  633  3  2 91  0  4
2026-07-23 04:44:08  0  0      0 1494076      0 489684    0    0     0  2708  481  494  2  1 98  0  0
2026-07-23 04:44:13  0  0      0 1488708      0 489756    0    0     0  6198  586  547  3  1 96  1  0
2026-07-23 04:44:18  0  0      0 1486364      0 489816    0    0     0  5414  603  561  3  1 96  1  0
2026-07-23 04:44:23  0  0      0 1468956      0 489864    0    0     0  6768  624  576  3  1 95  1  0
2026-07-23 04:44:28  0  0      0 1466904      0 489944    0    0     0  4073  461  404  2  1 97  0  0
2026-07-23 04:44:33  0  0      0 1462220      0 490008    0    0     0  6120  607  570  3  1 96  1  0
2026-07-23 04:44:38  0  0      0 1454596      0 490084    0    0     0  6117  612  589  3  1 96  1  0
2026-07-23 04:44:43  0  0      0 1435488      0 490128    0    0     0  6136  606  549  3  1 96  1  0
2026-07-23 04:44:48  0  0      0 1411252      0 498404    0    0     0  5434  586  551  3  1 96  0  0
2026-07-23 04:44:53  0  0      0 1400812      0 498452    0    0     0  3478  479  440  2  1 97  0  0
2026-07-23 04:44:58  0  0      0 1396068      0 498516    0    0     0  6113  578  523  3  1 96  1  0
2026-07-23 04:45:03  0  0      0 1374340      0 498560    0    0     0  4754  633  598  2  2 92  0  3
2026-07-23 04:45:08  0  0      0 1361584      0 498636    0    0     0  4762  593  580  2  1 96  1  0
2026-07-23 04:45:13  0  0      0 1354420      0 498680    0    0     0  3409  464  462  2  1 97  0  0
2026-07-23 04:45:18 procs -----------memory---------- ---swap-- -----io---- -system-- ------cpu-----
2026-07-23 04:45:18  r  b   swpd   free   buff  cache   si   so    bi    bo   in   cs us sy id wa st
2026-07-23 04:45:18  0  0      0 1347740      0 498736    0    0     0  4080  547  516  2  1 97  0  0
2026-07-23 04:45:23  0  0      0 1333840      0 498824    0    0     0  4828  548  506  2  1 96  0  0
2026-07-23 04:45:28  0  0      0 1311396      0 498908    0    0     0  6125  607  587  3  1 96  1  0
2026-07-23 04:45:33  0  0      0 1300956      0 498956    0    0     0  6125  584  525  3  1 96  1  0
2026-07-23 04:45:38  0  0      0 1292612      0 499028    0    0     0  4091  519  504  2  1 97  0  0
2026-07-23 04:45:43  0  0      0 1278504      0 499096    0    0     0  5445  579  551  3  1 96  1  0
2026-07-23 04:45:48  0  0      0 1262700      0 499156    0    0     0  5440  606  567  3  1 96  1  0
2026-07-23 04:45:53  0  0      0 1243236      0 499224    0    0     0  5441  600  560  3  1 96  1  0
2026-07-23 04:45:58  1  0      0 1225000      0 499272    0    0     0  4161  485  445  2  1 97  0  0
2026-07-23 04:46:03  0  0      0 1210676      0 499332    0    0     0  5440  617  536  3  2 91  0  4
2026-07-23 04:46:08  0  0      0 1203524      0 499400    0    0     0  5448  613  585  2  1 96  1  0
2026-07-23 04:46:13  0  0      0 1195156      0 499468    0    0     0  5465  606  578  3  1 96  1  0
2026-07-23 04:46:18  0  0      0 1188784      0 499512    0    0     0  5466  534  442  3  1 96  1  0
2026-07-23 04:46:23  0  0      0 1179664      0 499668    0    0     0  4080  485  450  2  1 97  0  0
2026-07-23 04:46:28  0  0      0 1151772      0 499732    0    0     0  6196  638  612  3  1 96  1  0
2026-07-23 04:46:33  0  0      0 1133420      0 499800    0    0     0  5446  590  561  2  1 96  0  0
2026-07-23 04:46:38  0  0      0 1109712      0 499860    0    0     0  4770  580  553  2  1 96  1  0
2026-07-23 04:46:43  0  1      0 1102928      0 499908    0    0     0  4782  483  413  2  1 97  0  0
2026-07-23 04:46:48  0  0      0 1094108      0 499968    0    0     0  4766  570  537  2  1 96  1  0
2026-07-23 04:46:53  0  0      0 1086924      0 500036    0    0     0  5446  577  537  3  1 96  0  0
2026-07-23 04:46:58  0  0      0 1047968      0 506800    0    0     0  6210  594  552  3  1 96  1  0
2026-07-23 04:47:03 procs -----------memory---------- ---swap-- -----io---- -system-- ------cpu-----
2026-07-23 04:47:03  r  b   swpd   free   buff  cache   si   so    bi    bo   in   cs us sy id wa st
2026-07-23 04:47:03  0  0      0 1028076      0 506848    0    0     0  4779  577  538  2  1 94  0  2
2026-07-23 04:47:08  0  0      0 1027348      0 506904    0    0     0  3414  510  508  2  1 97  0  0
2026-07-23 04:47:13  0  0      0 1020496      0 506972    0    0     0  6154  622  579  3  1 96  1  0
2026-07-23 04:47:18  0  0      0 1010604      0 507016    0    0     0  6150  590  564  3  1 96  1  0
2026-07-23 04:47:23  0  0      0 1003940      0 507084    0    0     0  6134  587  534  3  1 96  1  0
2026-07-23 04:47:28  1  0      0 1002912      0 507152    0    0     0  3477  467  456  2  1 97  0  0
2026-07-23 04:47:33  0  0      0 1003932      0 507216    0    0     0  6137  567  555  3  1 96  1  0
2026-07-23 04:47:38  0  0      0 989308      0 507280    0    0     0  5455  587  522  3  1 96  1  0
2026-07-23 04:47:43  0  0      0 997068      0 507348    0    0     0  5458  584  545  3  1 96  1  0
2026-07-23 04:47:48  0  0      0 971440      0 507388    0    0     0  5483  552  458  3  1 96  0  0
2026-07-23 04:47:53  0  0      0 968308      0 507452    0    0     0  3412  464  438  2  1 97  0  0
2026-07-23 04:47:58  1  0      0 948668      0 507516    0    0     0  5463  607  563  3  1 96  1  0
2026-07-23 04:48:03  0  0      0 945868      0 507584    0    0     0  5528  678  640  3  2 88  0  7
2026-07-23 04:48:08  0  0      0 940236      0 507644    0    0     0  5453  638  605  3  1 95  1  0
2026-07-23 04:48:13  1  0      0 941232      0 507692    0    0     0  4096  491  460  2  1 97  0  0
2026-07-23 04:48:18  0  0      0 936788      0 507756    0    0     0  5453  558  547  2  1 96  1  0
2026-07-23 04:48:23  0  0      0 927092      0 507824    0    0     0  6139  592  534  3  1 96  1  0
2026-07-23 04:48:28  0  0      0 921876      0 499712    0    0     0  5462  589  533  3  1 96  1  0
2026-07-23 04:48:33  0  0      0 909276      0 499760    0    0     0  6209  575  505  3  1 96  1  0
2026-07-23 04:48:38  0  0      0 905088      0 499828    0    0     0  3426  462  442  2  1 97  0  0
2026-07-23 04:48:43  0  0      0 898108      0 499892    0    0     0  5482  605  570  3  1 96  0  0
2026-07-23 04:48:48 procs -----------memory---------- ---swap-- -----io---- -system-- ------cpu-----
2026-07-23 04:48:48  r  b   swpd   free   buff  cache   si   so    bi    bo   in   cs us sy id wa st
2026-07-23 04:48:48  0  0      0 885456      0 499980    0    0     0  5463  553  491  3  1 96  1  0
2026-07-23 04:48:53  0  0      0 887848      0 500068    0    0     0  6142  582  530  3  1 96  1  0
2026-07-23 04:48:58  0  1      0 883712      0 500112    0    0     0  4784  491  435  2  1 97  0  0
2026-07-23 04:49:03  0  0      0 877804      0 500176    0    0     0  4849  702  613  3  2 91  0  4
2026-07-23 04:49:08  0  0      0 869348      0 500248    0    0     0  5459  580  530  2  1 96  1  0
2026-07-23 04:49:13  0  0      0 865032      0 500308    0    0     0  5463  583  563  3  1 96  1  0
2026-07-23 04:49:18  0  0      0 848152      0 500356    0    0     0  6142  605  540  3  1 96  1  0
2026-07-23 04:49:23  0  0      0 848060      0 500416    0    0     0  2730  443  426  2  1 97  0  0
2026-07-23 04:49:28  0  0      0 840448      0 500480    0    0     0  5478  570  535  3  1 96  0  0
2026-07-23 04:49:33  0  0      0 826056      0 500528    0    0     0  5558  571  523  3  1 96  1  0
2026-07-23 04:49:38  0  0      0 817668      0 500604    0    0     0  6163  599  564  3  1 96  1  0
2026-07-23 04:49:43  0  1      0 817224      0 500672    0    0     0  4826  506  477  2  1 97  1  0
2026-07-23 04:49:48  0  0      0 802008      0 500740    0    0     0  5470  574  531  3  1 96  1  0
2026-07-23 04:49:53  0  0      0 792896      0 500804    0    0     0  5466  546  467  3  1 96  1  0
2026-07-23 04:49:58  0  0      0 786932      0 500848    0    0     0  5466  595  564  3  1 96  1  0
2026-07-23 04:50:03  4  0      0 779464      0 500912    0    0     0  4861  594  529  3  2 90  0  5
2026-07-23 04:50:08  0  0      0 776700      0 500976    0    0     0  3416  482  468  2  1 96  0  1
2026-07-23 04:50:13  0  0      0 768436      0 501044    0    0     1  4787  589  558  2  1 96  0  0
2026-07-23 04:50:18  1  0      0 762480      0 501088    0    0     0  5477  585  552  3  1 96  1  0
2026-07-23 04:50:23  0  0      0 762280      0 501164    0    0     0  4111  547  524  2  1 97  0  0
2026-07-23 04:50:28  2  0      0 755592      0 501208    0    0     0  4802  512  476  2  1 97  1  0
2026-07-23 04:50:33 procs -----------memory---------- ---swap-- -----io---- -system-- ------cpu-----
2026-07-23 04:50:33  r  b   swpd   free   buff  cache   si   so    bi    bo   in   cs us sy id wa st
2026-07-23 04:50:33  0  0      0 720240      0 509464    0    0     0  4875  529  498  2  1 96  0  0
2026-07-23 04:50:38  0  0      0 713504      0 509528    0    0     0  4794  550  508  2  1 96  1  0
2026-07-23 04:50:43  0  0      0 698412      0 509588    0    0     0  4796  583  542  3  1 96  0  0
2026-07-23 04:50:48  0  0      0 681248      0 509636    0    0     0  6156  578  503  3  1 96  1  0
2026-07-23 04:50:53  0  0      0 670268      0 509700    0    0     0  3420  479  484  2  1 97  0  0
2026-07-23 04:50:58  0  0      0 655548      0 509768    0    0     0  6156  629  595  3  1 96  1  0
2026-07-23 04:51:03  1  0      0 640228      0 509812    0    0     0  4169  586  534  2  1 93  0  3
2026-07-23 04:51:08  0  0      0 635408      0 509868    0    0     0  4796  605  585  2  1 96  1  0
2026-07-23 04:51:13  2  0      0 616988      0 509936    0    0     0  4837  481  430  2  1 97  0  0
2026-07-23 04:51:18  0  0      0 602676      0 510000    0    0     0  4809  549  503  2  1 96  0  0
2026-07-23 04:51:23  0  0      0 589596      0 510084    0    0     0  5489  599  570  3  1 96  1  0
2026-07-23 04:51:28  0  0      0 571996      0 510120    0    0     0  4805  591  552  2  1 96  0  0
2026-07-23 04:51:33  0  0      0 556648      0 510208    0    0     0  6164  562  527  3  1 96  1  0
2026-07-23 04:51:38  0  0      0 546140      0 510260    0    0     0  4182  486  488  2  1 97  0  0
2026-07-23 04:51:43  0  0      0 536424      0 510328    0    0     0  6179  611  540  3  1 96  1  0
2026-07-23 04:51:48  0  0      0 525848      0 510388    0    0     0  4794  571  553  2  1 96  0  0
2026-07-23 04:51:53  0  0      0 506780      0 510452    0    0     0  5478  564  518  3  1 96  1  0
2026-07-23 04:51:58  2  0      0 497404      0 510496    0    0     0  4794  496  433  2  1 96  1  0
2026-07-23 04:52:03  1  0      0 485980      0 510560    0    0     0  4119  556  501  2  1 91  0  5
2026-07-23 04:52:08  0  0      0 484784      0 510624    0    0     0  5566  609  564  3  1 96  0  0
2026-07-23 04:52:13  0  0      0 473336      0 510696    0    0     0  5495  596  585  3  1 96  0  0
2026-07-23 04:52:18 procs -----------memory---------- ---swap-- -----io---- -system-- ------cpu-----
2026-07-23 04:52:18  r  b   swpd   free   buff  cache   si   so    bi    bo   in   cs us sy id wa st
2026-07-23 04:52:18  0  0      0 450064      0 510740    0    0     0  5492  546  458  3  1 96  1  0
2026-07-23 04:52:23  0  0      0 433672      0 510808    0    0     0  4118  476  447  2  1 97  0  0
2026-07-23 04:52:28  0  0      0 419892      0 510872    0    0     0  5485  571  516  2  1 96  1  0
2026-07-23 04:52:33  0  0      0 401004      0 510936    0    0     0  5485  568  513  3  1 96  1  0
2026-07-23 04:52:38  0  0      0 387340      0 517700    0    0     0  6247  611  549  3  1 96  1  0
2026-07-23 04:52:43  1  0      0 368612      0 517748    0    0     0  4812  479  417  2  1 97  1  0
2026-07-23 04:52:48  0  0      0 349448      0 517808    0    0     0  4807  546  496  2  1 96  0  0
2026-07-23 04:52:53  0  0      0 336492      0 517880    0    0     0  6182  571  485  3  1 96  1  0
2026-07-23 04:52:58  0  0      0 312056      0 517944    0    0     0  6188  599  597  3  1 96  0  0
2026-07-23 04:53:03  0  0      0 299584      0 517992    0    0     0  5500  577  530  3  1 94  0  2
2026-07-23 04:53:08  0  0      0 293284      0 518056    0    0     0  4188  498  479  2  1 97  0  0
2026-07-23 04:53:13  0  0      0 277972      0 518120    0    0     0  5492  597  564  3  1 96  1  0
2026-07-23 04:53:18  0  0      0 259120      0 518180    0    0     0  4814  581  556  2  1 96  1  0
2026-07-23 04:53:23  0  0      0 236968      0 518244    0    0     0  5491  583  556  3  1 96  1  0
2026-07-23 04:53:28  2  0      0 236724      0 518288    0    0     0  4805  525  483  2  1 97  1  0
2026-07-23 04:53:33  1  0      0 222356      0 518356    0    0     0  4805  551  530  2  1 96  0  0
2026-07-23 04:53:38  0  0      0 200712      0 518420    0    0     0  6250  584  529  3  1 96  1  0
2026-07-23 04:53:43  0  0      0 187048      0 518488    0    0     0  5515  601  569  3  1 96  1  0
2026-07-23 04:53:48  0  0      0 169120      0 518536    0    0     0  5504  524  439  3  1 96  1  0
2026-07-23 04:53:53  0  0      0 168912      0 518608    0    0     0  4131  510  505  2  1 97  0  0
2026-07-23 04:53:58  0  0      0 149648      0 518680    0    0     0  6185  590  529  3  1 96  1  0
2026-07-23 04:54:03 procs -----------memory---------- ---swap-- -----io---- -system-- ------cpu-----
2026-07-23 04:54:03  r  b   swpd   free   buff  cache   si   so    bi    bo   in   cs us sy id wa st
2026-07-23 04:54:03  0  0      0 141368      0 518720    0    0     0  4127  578  518  2  1 92  0  4
2026-07-23 04:54:08  0  0      0 150820      0 502480    0    0     0  4878  593  522  3  1 96  0  0
2026-07-23 04:54:13  1  0      0 143148      0 502460    0    0     0  4124  500  454  2  1 97  0  0
2026-07-23 04:54:18  0  0      0 128236      0 502524    0    0     0  4810  531  484  2  1 96  1  0
2026-07-23 04:54:23  0  0      0 120444      0 502592    0    0     0  6193  675  589  3  1 95  1  0
2026-07-23 04:54:28  0  0      0 112520      0 502636    0    0     0  4810  564  538  2  1 96  1  0
2026-07-23 04:54:33  0  0      0 100472      0 502704    0    0     0  4818  547  493  3  1 96  0  0
2026-07-23 04:54:38  0  0      0  99120      0 502772    0    0     0  4207  506  496  2  1 97  0  0
2026-07-23 04:54:43  0  0      0 100216      0 502848    0    0     0  6206  571  509  3  1 96  1  0
2026-07-23 04:54:48  0  0      0  94816      0 502916    0    0     0  5523  576  515  3  1 96  1  0
2026-07-23 04:54:53  0  0      0  92508      0 482604    0    0     0  5509  600  555  3  1 96  1  0
2026-07-23 04:54:58  3  0      0 103776      0 469776    0    0     0  4825  494  433  2  1 96  1  0
2026-07-23 04:55:03  1  0      0  94760      0 439668    0    0 11179  4192 1267 1013  8  3 72  6 11
2026-07-23 04:55:08  0  0      0  97652      0 433576    0    0   354  5504  698  658  3  1 95  1  0
2026-07-23 04:55:13  0  0      0  98600      0 433624    0    0     0  6192  632  593  3  1 96  1  0
2026-07-23 04:55:18  0  0      0 128844      0 439480    0    0  1220  6223  642  533  4  1 95  1  0
2026-07-23 04:55:23  0  0      0 122936      0 439548    0    0     0  4135  523  511  2  1 97  0  0
2026-07-23 04:55:28  0  0      0 116420      0 439608    0    0     0  4841  557  496  2  1 96  1  0
2026-07-23 04:55:33  0  0      0 104388      0 439772    0    0     0  5531  575  517  3  1 96  0  0
2026-07-23 04:55:38  0  0      0  96044      0 439852    0    0     0  4933  598  591  2  1 96  1  0
2026-07-23 04:55:43  3  0      0  96564      0 420972    0    0     0  4910  531  486  2  1 96  1  0
2026-07-23 04:55:48 procs -----------memory---------- ---swap-- -----io---- -system-- ------cpu-----
2026-07-23 04:55:48  r  b   swpd   free   buff  cache   si   so    bi    bo   in   cs us sy id wa st
2026-07-23 04:55:48  0  0      0  96788      0 421036    0    0     0  4846  521  472  2  1 97  0  0
2026-07-23 04:55:53  0  0      0 102512      0 398488    0    0     0  6201  609  528  3  1 95  1  0
2026-07-23 04:55:58  0  0      0  97808      0 380888    0    0     0  5510  608  572  3  1 96  1  0
2026-07-23 04:56:03  0  0      0  96124      0 368592    0    0    72  4822  586  551  3  2 92  0  3
2026-07-23 04:56:08  0  0      0  97880      0 368580    0    0     0  3444  510  501  2  1 97  0  0
2026-07-23 04:56:13  0  0      0  98804      0 361168    0    0     0  5582  557  481  3  1 96  1  0
2026-07-23 04:56:18  0  0      0  95584      0 361232    0    0     0  5583  581  529  3  1 96  1  0
2026-07-23 04:56:23  0  0      0  99800      0 361048    0    0     0  6235  591  541  3  1 96  1  0
2026-07-23 04:56:28  1  0      0  97384      0 351372    0    0     0  4831  544  473  2  1 96  0  0
2026-07-23 04:56:33  0  0      0 103220      0 329544    0    0     0  4882  526  478  2  1 96  1  0
2026-07-23 04:56:38  0  0      0  99604      0 318736    0    0   411  4827  579  546  2  1 96  0  0
2026-07-23 04:56:43  0  0      0 104892      0 316808    0    0    74  5517  609  572  3  1 96  1  0
2026-07-23 04:56:48  0  0      0 107988      0 307524    0    0     0  5566  575  514  3  1 96  0  0
2026-07-23 04:56:53  0  0      0 107888      0 307588    0    0     0  4138  518  513  2  1 97  0  0
2026-07-23 04:56:58  0  0      0 105880      0 297780    0    0     2  5521  570  518  3  1 96  0  0
2026-07-23 04:57:03  0  0      0 105720      0 295752    0    0  3209  5536  679  615  3  2 92  1  2
2026-07-23 04:57:08  0  0      0 103444      0 293908    0    0    38  6246  609  566  3  1 95  1  0
2026-07-23 04:57:13  0  0      0 103168      0 294412    0    0     0  4846  554  522  2  1 96  0  0
2026-07-23 04:57:18  0  0      0 106540      0 292796    0    0    54  5619  548  508  3  1 96  1  0
2026-07-23 04:57:23  0  0      0 111724      0 286224    0    0    37  5547  589  553  3  1 96  1  0
2026-07-23 04:57:28  0  0      0 105952      0 286848    0    0   115  5523  609  579  3  1 96  1  0
2026-07-23 04:57:33 procs -----------memory---------- ---swap-- -----io---- -system-- ------cpu-----
2026-07-23 04:57:33  r  b   swpd   free   buff  cache   si   so    bi    bo   in   cs us sy id wa st
2026-07-23 04:57:33  0  0      0 114404      0 261700    0    0   628  5572  629  595  2  1 96  1  0
2026-07-23 04:57:38  0  0      0 110436      0 257816    0    0    19  3469  479  443  2  1 97  0  0
2026-07-23 04:57:43  0  0      0 111080      0 252636    0    0  2243  4863  592  475  2  1 96  1  0
2026-07-23 04:57:48  0  0      0 109968      0 243816    0    0   507  5574  651  626  3  1 95  1  0
2026-07-23 04:57:53  0  0      0 107168      0 234900    0    0  1849  4167  717  758  2  1 95  2  0
2026-07-23 04:57:58  0  9      0  97704      0 232420    0    0 89372  3495 1396  893  2  5 85  9  0
2026-07-23 04:58:03  1  5      0  91012      0 240848    0    0 124280  4197 2088 1614  3  7 40 41 10
2026-07-23 04:58:08  2  3      0  90032      0 236948    0    0 119136  4193 1935 1360  2  7 38 53  0
2026-07-23 04:58:13  1  2      0  96852      0 228548    0    0 127699  2110 2047 1547  2 10 15 73  0
2026-07-23 04:58:19  1 13      0  95108      0 226344    0    0 152574  1453 2210 1609  1 11  6 82  0
2026-07-23 04:58:25  0  6      0  86636      0 231516    0    0 163879  1403 2831 2042  1 14  5 80  0
2026-07-23 04:58:32  2  4      0  88228      0 230192    0    0 160056   587 2693 1808  1 18  4 78  0
2026-07-23 04:58:40  3 15      0  87596      0 228116    0    0 222275   143 3576 2468  1 32  2 65  0
2026-07-23 04:58:46  1 14      0  86976      0 229048    0    0 151602   736 3389 2250  1 27  3 69  0
2026-07-23 04:58:53  0 14      0  87668      0 230228    0    0 160800   707 2349 1784  1 17  2 80  0
2026-07-23 04:58:58  0 14      0  89056      0 227020    0    0 150562    15 3107 2170  1 26  1 73  0
2026-07-23 04:59:04  2  2      0  87368      0 228820    0    0 135076   702 2221 1303  1 19  4 70  6
2026-07-23 04:59:09  2  2      0  86760      0 227112    0    0 136139    19 2374 1575  1 19  4 76  0
2026-07-23 04:59:15  5 10      0  85092      0 230628    0    0 146448   709 2435 1663  1 16  4 78  0
2026-07-23 04:59:30  0  9      0  84948      0 230400    0    0 347635   723 2400 1566  1 19  4 76  0
2026-07-23 04:59:36  2 17      0  84348      0 233316    0    0 198298    18 5564 3568  0 23  3 74  0
2026-07-23 04:59:41 procs -----------memory---------- ---swap-- -----io---- -system-- ------cpu-----
2026-07-23 04:59:42  r  b   swpd   free   buff  cache   si   so    bi    bo   in   cs us sy id wa st
2026-07-23 04:59:42  0  6      0  86640      0 229876    0    0 156349   731 2930 2171  1 18  3 79  0
2026-07-23 04:59:49  3  3      0  85504      0 229668    0    0 156832   760 2478 1934  1 15  4 80  0
2026-07-23 04:59:54  0  6      0  85224      0 231228    0    0 139295   752 2496 1887  1 13  3 83  0
2026-07-23 04:59:59  2  6      0  85464      0 230936    0    0 143789   707 2588 2003  1 14  6 80  0
2026-07-23 05:00:08  2 17      0  85196      0 229368    0    0 210506    12 2910 1874  0 22  2 51 25
2026-07-23 05:00:14  0  6      0  84936      0 231120    0    0 151851   713 3405 2610  1 16  1 80  2
2026-07-23 05:00:22  3 15      0  88044      0 228144    0    0 217416    39 2715 2075  1 19  3 78  0
2026-07-23 05:00:29  3 14      0  90800      0 225176    0    0 173287   712 3980 3073  1 21  2 76  0
2026-07-23 05:00:35  0  6      0  87508      0 230288    0    0 162045    13 3035 2309  1 21  2 77  0
2026-07-23 05:00:43  0 13      0  86672      0 230868    0    0 193418   704 3222 2170  1 23  2 75  0
2026-07-23 05:00:49  0 16      0  89364      0 227896    0    0 171737    30 2494 2105  1 19  2 78  0
2026-07-23 05:00:55  0 16      0  86716      0 230044    0    0 144547   711 3088 2583  1 14  3 82  0
2026-07-23 05:01:01  1  5      0  86988      0 230628    0    0 138870   702 2106 1357  1 18  4 76  1
2026-07-23 05:01:06  1  4      0  92720      0 228456    0    0 134292   710 2470 1844  2 13  4 67 15
2026-07-23 05:01:11  0 13      0  89132      0 233248    0    0 130558  1407 2126 1751  1  9  6 84  0
2026-07-23 05:01:16  1  2      0  90024      0 228392    0    0 133028  1400 2584 2037  2 15  4 79  0
2026-07-23 05:01:21  1  3      0  89516      0 232236    0    0 128838  2096 2029 1524  1  9 10 79  0
2026-07-23 05:01:26  0  3      0  86864      0 231632    0    0 130677  1414 2273 1716  1 10  8 81  0
2026-07-23 05:01:32  2  3      0  92360      0 225076    0    0 132772  1407 2080 1588  1 10  8 80  0
2026-07-23 05:01:37  0  4      0  89456      0 229920    0    0 129849  1406 2161 1618  1 11  8 80  0
2026-07-23 05:01:42  4  2      0  91072      0 226412    0    0 128029  1407 2229 1712  1 11  7 80  0
2026-07-23 05:01:47 procs -----------memory---------- ---swap-- -----io---- -system-- ------cpu-----
2026-07-23 05:01:47  r  b   swpd   free   buff  cache   si   so    bi    bo   in   cs us sy id wa st
2026-07-23 05:01:47  0 12      0  86872      0 233332    0    0 134486  1411 2399 1916  1 11  6 82  0
2026-07-23 05:01:52  5  7      0  93272      0 234548    0    0 127735  4874 2066 1445  2  7 23 67  0
2026-07-23 05:01:57  0  0      0  87844      0 241204    0    0 105089  4855 1795 1330  2  7 25 66  0
2026-07-23 05:02:02  0  0      0  97604      0 229452    0    0 128570  3473 2064 1359  2  8 19 65  6
2026-07-23 05:02:07  5  1      0  91448      0 236132    0    0 140302  4176 2125 1533  2  8 14 76  0
2026-07-23 05:02:13  0  5      0 100968      0 233156    0    0 131731  3480 2329 1621  3 10 19 69  0
2026-07-23 05:02:18  0  3      0 104324      0 230692    0    0 126227  3480 2248 1401  3 10 25 61  0
2026-07-23 05:02:23  0  0      0  88524      0 245780    0    0 114166  4175 2322 1655  4  8 13 75  0
2026-07-23 05:02:28  5  1      0  96360      0 240628    0    0 141655  3492 2637 1655  4 10 14 71  0
2026-07-23 05:02:33  0  6      0  92648      0 241292    0    0 123493  4864 2311 1567  4  8 28 60  0
2026-07-23 05:02:38  0  5      0  98200      0 238588    0    0 131485  2783 2100 1357  2  7 14 77  0
2026-07-23 05:02:43  0  3      0  94184      0 240140    0    0 126320  4166 2168 1568  3  7 15 75  0
2026-07-23 05:02:49  2 11      0  88856      0 246588    0    0 129464  3478 2320 1691  2  7  8 82  0
2026-07-23 05:02:54  0  4      0  97812      0 236524    0    0 131320  2787 2416 1659  2  7 10 81  0
2026-07-23 05:02:59  0  6      0 103792      0 230664    0    0 130214  2102 2431 1765  2  7 10 82  0
2026-07-23 05:03:04  1  3      0  96276      0 237280    0    0 124755  4175 2127 1439  3  8 17 65  7
2026-07-23 05:03:09  0  0      0 100260      0 232852    0    0 117010  3478 2048 1392  3  8 30 59  0
2026-07-23 05:03:14  2  0      0  89072      0 246084    0    0 131215  4180 2311 1545  3  8 20 68  0
2026-07-23 05:03:19  1  2      0  88112      0 247012    0    0 127035  4177 2092 1417  3  8 17 72  0
2026-07-23 05:03:24  0 11      0  86860      0 248768    0    0 126468  5581 2364 1646  4  9 17 71  0
2026-07-23 05:03:29  0  8      0  89396      0 244556    0    0 128726  5590 2317 1586  4  8 19 70  0
2026-07-23 05:03:35 procs -----------memory---------- ---swap-- -----io---- -system-- ------cpu-----
2026-07-23 05:03:35  r  b   swpd   free   buff  cache   si   so    bi    bo   in   cs us sy id wa st
2026-07-23 05:03:35  0  3      0  91728      0 250908    0    0 126539  4909 2307 1574  3  9 25 63  0
2026-07-23 05:03:40  0  4      0  89836      0 252516    0    0 126268  3511 2228 1579  4 11 11 74  0
2026-07-23 05:03:45  0  5      0  97964      0 243236    0    0 128337  5592 2161 1461  6 11 16 67  0
2026-07-23 05:03:50  0  4      0  87988      0 253916    0    0 125810  4242 2380 1674  4 11 12 73  0
2026-07-23 05:03:55  0  5      0  94572      0 248128    0    0 126505  4919 2421 1734  5 11 11 74  0
2026-07-23 05:04:00  7  0      0 103296      0 237924    0    0 124319  5592 2229 1506  6 10 11 72  1
2026-07-23 05:04:05  0  4      0  96516      0 245348    0    0 127864  2810 2261 1547  3 12  6 69 10
2026-07-23 05:04:10  0  6      0  97604      0 243800    0    0 126895  4893 2176 1590  5  9 29 57  0
2026-07-23 05:04:16  2  6      0  93312      0 246668    0    0 129855  4188 2170 1601  2  9  8 81  0
2026-07-23 05:04:21  0  5      0  96344      0 244436    0    0 131659  3617 2528 1859  6 12  7 74  0
2026-07-23 05:04:26  2  4      0  97564      0 243296    0    0 126586  4914 2309 1618  5 10 17 69  0
2026-07-23 05:04:31  1  2      0  93924      0 247900    0    0 125582  4210 2353 1706  4 10  6 80  0
2026-07-23 05:04:36  1  0      0  92992      0 257368    0    0 121165  4214 2445 1722  6 12  5 78  0
2026-07-23 05:04:41  2  1      0 108864      0 242392    0    0 117566 11177 2289 1532  9  9 60 23  0
2026-07-23 05:04:46  3  0      0  94436      0 256284    0    0 108562 11853 2187 1540  9  8 47 36  0
2026-07-23 05:04:51  2  4      0  87656      0 261348    0    0 133854  8408 2537 1911  7  9 26 57  0
2026-07-23 05:04:56  0  5      0  96896      0 252500    0    0 127076  5612 2497 1822  6 12  3 78  0
2026-07-23 05:05:02  5  4      0  91028      0 258148    0    0 133958  3518 2360 1701  3 11  2 75  8
2026-07-23 05:05:07  0  6      0  96392      0 252588    0    0 132250  2129 2428 1897  3 12  2 77  5
2026-07-23 05:05:12  1  7      0 110588      0 243560    0    0 130039  3506 2715 2084  4  9  3 84  0
2026-07-23 05:05:17  0 14      0 106616      0 248672    0    0 125721  2870 2629 2105  4  8  1 87  0
2026-07-23 05:05:22 procs -----------memory---------- ---swap-- -----io---- -system-- ------cpu-----
2026-07-23 05:05:22  r  b   swpd   free   buff  cache   si   so    bi    bo   in   cs us sy id wa st
2026-07-23 05:05:22  4  5      0 109092      0 245612    0    0 128175  2130 2808 2214  4  8  4 85  0
2026-07-23 05:05:27  0 14      0 105120      0 249836    0    0 128009  2100 2620 2142  2  7  1 90  0
2026-07-23 05:05:32  0  0      0 104792      0 248524    0    0 124372  2818 2651 2061  5  9  3 82  0
2026-07-23 05:05:38  2  6      0 108588      0 247060    0    0 129945  2628 3063 2420  3  8  8 81  0
2026-07-23 05:05:43  0  0      0 111056      0 247384    0    0 89942  4377 2467 2039  5  7 33 54  0
2026-07-23 05:05:48  0  0      0 111612      0 246352    0    0  9688  6292 1003 1001  5  4 88  3  0
2026-07-23 05:05:53  0  0      0 106640      0 251912    0    0 117117  7123 2240 1601  6  8 48 38  0
2026-07-23 05:05:58  0  0      0  88328      0 271088    0    0 114597  6296 2284 1679  6  7 46 40  0
2026-07-23 05:06:03  0  6      0 103588      0 255508    0    0 124842  4216 2001 1281  4  9 46 31 10
2026-07-23 05:06:08  0  0      0 106884      0 250664    0    0 122652  3509 2451 1825  5  9 42 43  1
2026-07-23 05:06:13  1  5      0 104348      0 256268    0    0 109161  3507 1835 1089  3  6 78 14  0
2026-07-23 05:06:18  0  0      0  89056      0 270256    0    0 98128  3508 1855 1263  5  6 41 48  0
2026-07-23 05:06:23  0  0      0 108676      0 249948    0    0 96156  3562 1748 1099  4  6 82  8  0
2026-07-23 05:06:28  1  0      0  91012      0 268804    0    0 134418  3518 2238 1416  4  7 39 50  0
2026-07-23 05:06:33  0  0      0  94012      0 264728    0    0 79478  7703 1644 1137  7  7 74 13  0
2026-07-23 05:06:38  0  0      0 102148      0 257724    0    0 79044  4901 1594 1117  5  6 59 31  0
2026-07-23 05:06:43  2  0      0 106988      0 251748    0    0 108179  7700 1924 1315  6  7 66 21  0
2026-07-23 05:06:48  2  1      0 105132      0 253652    0    0 122661  4942 1957 1188  5  7 72 15  0
2026-07-23 05:06:53  3  1      0  97904      0 261124    0    0 136789  6305 2432 1593  5  8 38 49  0
2026-07-23 05:06:58  0  0      0 106184      0 251240    0    0 103303  9798 2197 1650  8  8 51 33  0
2026-07-23 05:07:03  0  0      0  90424      0 267316    0    0 128362  5629 2382 1629  5 10 31 42 11
2026-07-23 05:07:08 procs -----------memory---------- ---swap-- -----io---- -system-- ------cpu-----
2026-07-23 05:07:08  r  b   swpd   free   buff  cache   si   so    bi    bo   in   cs us sy id wa st
2026-07-23 05:07:08  4  2      0  90920      0 268912    0    0 139929  4238 2678 1936  5 10 15 70  0
2026-07-23 05:07:13  0  0      0  97244      0 262900    0    0 49210  6998 1343  949  6  5 77 11  0
2026-07-23 05:07:19  0  5      0 103480      0 255680    0    0 125856  6358 2142 1352  6  8 54 33  0
2026-07-23 05:07:24  0  3      0 103596      0 253084    0    0 120941  9114 2318 1565  8  9 49 35  0
2026-07-23 05:07:29  1  0      0 103148      0 255152    0    0 105403 10486 2187 1502  8  9 45 38  0
2026-07-23 05:07:34  0  2      0  91004      0 268912    0    0 133164  9102 2305 1468  7  8 52 33  0
2026-07-23 05:07:39  2  0      0  89144      0 263932    0    0 112664  7031 2177 1558  6  9 45 40  0
2026-07-23 05:07:44  0  0      0 105984      0 251992    0    0 123110  8434 2181 1383  8  9 49 34  0
2026-07-23 05:07:49  0  0      0 103728      0 254364    0    0 111240  7750 2177 1442  7  8 39 47  0
2026-07-23 05:07:54  1  8      0  91448      0 267336    0    0 141367  4974 2533 1614  4  9 25 62  0
2026-07-23 05:07:59  2  4      0  91884      0 267712    0    0 126788  2824 2338 1686  5  9  6 80  0
2026-07-23 05:08:04  0  8      0  98244      0 260072    0    0 129640  2106 2314 1637  1  8  4 79  8
2026-07-23 05:08:10  0  3      0  92940      0 267524    0    0 129197  2138 2467 1663  5 10  6 80  0
2026-07-23 05:08:15  0  5      0  98892      0 261120    0    0 142918  3942 2565 1838  4  8  6 81  0
2026-07-23 05:08:21  1 11      0 103048      0 255424    0    0 130798  3174 2512 1718  4  9 16 71  0
2026-07-23 05:08:26  2  3      0  91612      0 267912    0    0 127814  2128 2325 1701  3  7  6 83  0
2026-07-23 05:08:31  0  9      0  96508      0 260564    0    0 128439  2829 2450 1697  5  9  4 82  0
2026-07-23 05:08:36  0  3      0  89692      0 269860    0    0 126977  3226 2378 1657  4  9 10 77  0
2026-07-23 05:08:41  0  0      0  96264      0 262624    0    0 112102  2410 2056 1362  3  7 25 64  0
2026-07-23 05:08:46  1  7      0  96256      0 260800    0    0 156697  2664 2530 1675  1  8  8 83  0
2026-07-23 05:08:51  1  3      0  93172      0 264916    0    0 126862  2343 2389 1733  4 11  3 82  0
2026-07-23 05:08:57 procs -----------memory---------- ---swap-- -----io---- -system-- ------cpu-----
2026-07-23 05:08:57  r  b   swpd   free   buff  cache   si   so    bi    bo   in   cs us sy id wa st
2026-07-23 05:08:57  7  0      0  89092      0 265004    0    0 142692  1411 2185 1428  1 12  4 82  0
2026-07-23 05:09:04  0 16      0  88340      0 263868    0    0 161897  1418 2550 1693  1 13  4 74  8
2026-07-23 05:09:10  2  8      0  93528      0 258776    0    0 156680   718 2512 1787  1 14  3 82  0
2026-07-23 05:09:15  3  3      0  87360      0 264440    0    0 138513   717 2610 2030  1 13  2 84  0
2026-07-23 05:09:21  0  9      0  87764      0 266232    0    0 158272    48 2475 1930  1 13  2 84  0
2026-07-23 05:09:27  2 18      0  93936      0 259184    0    0 151089   711 2383 1685  1 13  2 84  0
2026-07-23 05:09:33  6  2      0  87728      0 262888    0    0 153528   717 2460 1846  1 13  2 83  0
2026-07-23 05:09:40  0 18      0  87192      0 265692    0    0 168651   717 2870 2068  1 13  3 83  0
2026-07-23 05:09:45  2  5      0  91824      0 261884    0    0 135652    11 2191 1635  1 15  1 83  0
2026-07-23 05:09:51  1 12      0  87852      0 265848    0    0 142872   736 2248 1536  1 13  3 83  0
2026-07-23 05:09:56  0  8      0  88912      0 264996    0    0 140901   722 2631 1957  2 13  1 84  0
2026-07-23 05:10:03  2 21      0  94728      0 257800    0    0 156126    18 2527 1844  1 15  0 72 11
2026-07-23 05:10:08  1  6      0  89972      0 264112    0    0 135529   720 2503 1919  1 18  1 76  4
2026-07-23 05:10:14  1 15      0  88492      0 265664    0    0 166961    20 2370 1724  1 17  2 81  0
2026-07-23 05:10:20  0 10      0  89732      0 264044    0    0 154741    56 2756 2235  1 13  1 85  0
2026-07-23 05:10:27  0 11      0  93540      0 260568    0    0 164603   764 3025 2514  2 14  2 82  0
2026-07-23 05:10:33  2  9      0  96364      0 257708    0    0 156083   724 2732 2111  1 14  1 84  0
2026-07-23 05:10:39  0 19      0  92576      0 261824    0    0 146427    40 2552 1939  2 15  1 81  0
2026-07-23 05:10:44  0  9      0  91064      0 262748    0    0 135972   722 2289 1809  1 14  1 84  0
2026-07-23 05:10:49  0  6      0  98092      0 259152    0    0 134893   724 2242 1686  2 15  0 83  0
2026-07-23 05:10:54  0  5      0  96088      0 259352    0    0 133593  1531 2572 1956  7 15  5 73  0
2026-07-23 05:10:59 procs -----------memory---------- ---swap-- -----io---- -system-- ------cpu-----
2026-07-23 05:11:00  r  b   swpd   free   buff  cache   si   so    bi    bo   in   cs us sy id wa st
2026-07-23 05:11:00  2  5      0  90400      0 266740    0    0 129200  1414 2193 1733  1 11  2 86  0
2026-07-23 05:11:04  3  1      0  87620      0 269064    0    0 127834  1440 2574 1898  3 13  4 69 11
2026-07-23 05:11:09  0 11      0  89100      0 267580    0    0 126572  2886 2925 2208 12 20  4 63  0
2026-07-23 05:11:15  0  2      0  90876      0 265812    0    0 126340  2822 2161 1646  3 10  8 79  0
2026-07-23 05:11:20  0  2      0  89064      0 267128    0    0 128929  2893 2283 1727  3 10  5 82  0
2026-07-23 05:11:25  1  2      0  94576      0 262492    0    0 130661  2813 2305 1798  2 10  8 80  0
2026-07-23 05:11:30  0  4      0  89232      0 267444    0    0 130520  2155 2540 1915  6 13  4 77  0
2026-07-23 05:11:35  2  2      0  89688      0 267736    0    0 133999  3504 2231 1658  2  8  3 87  0
2026-07-23 05:11:41  0  6      0  93716      0 262644    0    0 131148  1450 2522 1725  5 14  6 76  0
2026-07-23 05:11:46  4  2      0  87160      0 270088    0    0 133465  3533 2474 1784  5 12 14 70  0
2026-07-23 05:11:51  0  0      0  91120      0 283344    0    0 91539  4921 1850 1425  5  9 44 42  0
2026-07-23 05:11:56  0  0      0 109320      0 265332    0    0 141447  4973 2334 1627  6 13 61 20  0
2026-07-23 05:12:01  0  0      0 107020      0 266576    0    0 55946  6355 1394 1262  6  6 81  7  1
2026-07-23 05:12:06  0  0      0 111948      0 263364    0    0 103986  5644 2071 1422  6 11 60 12 12
2026-07-23 05:12:11  0  0      0  87484      0 286788    0    0 103934  5628 2076 1549  6 15 56 23  0
2026-07-23 05:12:16  0  0      0  90080      0 283812    0    0 55874  4927 1257 1031  5  5 83  7  0
2026-07-23 05:12:21  0  0      0 101408      0 278204    0    0 105027  7077 1809 1121  6  7 79  8  0
2026-07-23 05:12:26  0  0      0  96916      0 280720    0    0 117292  6365 1943 1236  6  8 71 16  0
2026-07-23 05:12:31  0  2      0 103688      0 267792    0    0 111076  5627 1816 1214  4  9 66 22  0
2026-07-23 05:12:36  1  5      0  94892      0 268640    0    0 106781  4226 1652 1077  5  9 74 12  0
2026-07-23 05:12:41  1  2      0  89764      0 270724    0    0 128500  2818 2256 1771  2 10  9 79  0
2026-07-23 05:12:46 procs -----------memory---------- ---swap-- -----io---- -system-- ------cpu-----
2026-07-23 05:12:47  r  b   swpd   free   buff  cache   si   so    bi    bo   in   cs us sy id wa st
2026-07-23 05:12:47  1 15      0  86332      0 272096    0    0 160838   715 2413 1740  1 14  7 78  0
2026-07-23 05:12:52  0  5      0  88408      0 267504    0    0 128087  1449 2311 1757  1 15  4 80  0
2026-07-23 05:12:59  1  7      0  85504      0 268404    0    0 163927   722 2759 2012  1 17  5 77  0
2026-07-23 05:13:06  0 10      0  85456      0 270080    0    0 175560    18 3217 2062  1 22  2 67  9
2026-07-23 05:13:11  3  2      0  85012      0 266628    0    0 130120   713 2235 1641  1 18  4 76  0
2026-07-23 05:13:19  4  6      0  85704      0 267716    0    0 220266   724 2396 1689  1 14  7 78  0
2026-07-23 05:13:25  1  4      0  91644      0 270536    0    0 128568  3605 4003 2817  7 20 14 59  0
2026-07-23 05:13:30  1  5      0  91976      0 268536    0    0 130184  2820 2041 1475  2  8 10 80  0
2026-07-23 05:13:35  4  2      0  88864      0 270924    0    0 125730  2831 1987 1466  2  8  6 84  0
2026-07-23 05:13:40  0  3      0  85172      0 275828    0    0 125928  4271 2525 1839  9 13  7 71  0
2026-07-23 05:13:45  5  0      0  84328      0 276076    0    0 124759  4222 2154 1617  2  8  7 83  0
2026-07-23 05:13:50  0  7      0  90864      0 269796    0    0 135278  2844 2416 1764  5 11  9 76  0
2026-07-23 05:13:55  3  6      0  86048      0 275844    0    0 126255  3576 2380 1771  4 10  5 80  0
2026-07-23 05:14:01  2 11      0  86556      0 274932    0    0 134185  2836 2289 1720  3  9  7 79  1
2026-07-23 05:14:06  2  1      0  85024      0 276900    0    0 128968  2827 2310 1568  4 11  5 70 10
2026-07-23 05:14:11  2  8      0  87036      0 275012    0    0 129082  2830 2310 1658  3 10  6 81  0
2026-07-23 05:14:16  0  7      0  88200      0 273648    0    0 130677  3571 2504 1759  5 12  7 76  0
2026-07-23 05:14:22  0  6      0  90128      0 270684    0    0 133676  3545 2413 1722  3  9  8 80  0
2026-07-23 05:14:27  0  4      0  87516      0 272508    0    0 128347  2859 2328 1726  3  9  5 82  0
2026-07-23 05:14:32  1 10      0  88628      0 273272    0    0 128738  2838 2223 1620  5 10  8 77  0
2026-07-23 05:14:37  2  3      0  85284      0 275272    0    0 132975  2839 2392 1750  3 10  5 82  0
2026-07-23 05:14:42 procs -----------memory---------- ---swap-- -----io---- -system-- ------cpu-----
2026-07-23 05:14:43  r  b   swpd   free   buff  cache   si   so    bi    bo   in   cs us sy id wa st
2026-07-23 05:14:43  2  9      0  86208      0 273380    0    0 136375  3535 2593 1865  5 11  5 79  0
2026-07-23 05:14:48  0  3      0  95296      0 266224    0    0 129833  3545 2570 1904  4 11  3 81  0
2026-07-23 05:14:53  0  6      0  90272      0 270748    0    0 134261  3589 2609 1959  4 10  5 81  0
2026-07-23 05:14:59  5  2      0  87460      0 273540    0    0 133173  3518 2322 1755  2  8  6 84  0
2026-07-23 05:15:04  2  3      0  85760      0 275880    0    0 129438  2822 2064 1483  2  9  6 65 17
2026-07-23 05:15:09  0  4      0  96736      0 274288    0    0 127792  7025 2450 1831  6 12 17 65  0
2026-07-23 05:15:14  0  0      0  86888      0 281116    0    0 110769  7024 2177 1512  5 11 17 66  0
2026-07-23 05:15:19  0  3      0 100112      0 269044    0    0 132648  5623 2191 1515  5 11 19 66  0
2026-07-23 05:15:24  2  3      0  94028      0 276004    0    0 125911  5671 2383 1702  5 11  7 77  0
2026-07-23 05:15:29  0  5      0  94368      0 275744    0    0 127531  4926 2376 1706  4  9  6 81  0
2026-07-23 05:15:34  2  0      0 100916      0 266792    0    0 111322  7724 2271 1609  5 10 13 72  0
2026-07-23 05:15:39  1  5      0  95944      0 273636    0    0 134654  7734 2346 1506  5 10  9 76  0
2026-07-23 05:15:45  0  2      0  93268      0 275208    0    0 123567  7738 2191 1522  6 10 14 70  0
2026-07-23 05:15:50  3  5      0  91464      0 278440    0    0 127547  7043 2344 1593  5 10  9 76  0
2026-07-23 05:15:55  2  1      0  85768      0 284216    0    0 122011  7030 2360 1706  5  9  6 80  0
2026-07-23 05:16:00  0  3      0  91716      0 277912    0    0 125243  6338 2412 1738  5 10  9 75  1
2026-07-23 05:16:05  0  0      0 100480      0 268696    0    0 120975  5645 2167 1490  4 10 20 57  9
2026-07-23 05:16:10  1  1      0  91716      0 279408    0    0 124192  7031 2146 1435  5 11 21 64  0
2026-07-23 05:16:15  1  0      0  85176      0 284564    0    0 116627  7734 2196 1596  6  9 23 62  0
2026-07-23 05:16:20  0  3      0  96400      0 272988    0    0 124805  8456 2223 1606  5 11 30 54  0
2026-07-23 05:16:25  0  0      0  85064      0 284012    0    0 118111  7750 2136 1777  4  7 15 74  0
2026-07-23 05:16:30 procs -----------memory---------- ---swap-- -----io---- -system-- ------cpu-----
2026-07-23 05:16:30  r  b   swpd   free   buff  cache   si   so    bi    bo   in   cs us sy id wa st
2026-07-23 05:16:30  2  6      0  89860      0 279324    0    0 126931  9161 2234 1691  6 10 28 56  0
2026-07-23 05:16:35  1  2      0  93988      0 275904    0    0 121084  9849 2078 1568  5  9 21 66  0
2026-07-23 05:16:40  2  0      0  98128      0 269744    0    0 112751  7741 2127 1565  4  9 18 70  0
2026-07-23 05:16:45  1  2      0  86204      0 283164    0    0 130117  7044 2367 1719  5  9 10 76  0
2026-07-23 05:16:51  0  5      0 100008      0 268544    0    0 124863  9161 2160 1717  4  8 15 74  0
2026-07-23 05:16:56  0  4      0  93528      0 275796    0    0 123067  8461 2144 1614  4  9 20 67  0
2026-07-23 05:17:01  0  0      0  84916      0 283904    0    0 116285  9165 2082 1635  3  8 17 71  1
2026-07-23 05:17:06  1  1      0  91696      0 277988    0    0 123680  9868 2197 1613  4  8 21 61  5
2026-07-23 05:17:11  0  1      0  96740      0 271668    0    0 120068 10574 2178 1621  5  8 21 66  0
2026-07-23 05:17:16  0  4      0 101836      0 268632    0    0 119432  9165 2199 1627  5  8 12 75  0
2026-07-23 05:17:21  2  3      0  99908      0 268080    0    0 120719  9178 2164 1636  5  9 10 77  0
2026-07-23 05:17:26  0  0      0  86432      0 282436    0    0 118480  7069 2189 1630  4  9 10 76  0
2026-07-23 05:17:31  0  0      0  89048      0 280440    0    0 120346  9175 2001 1497  4  8 23 65  0
2026-07-23 05:17:36  0  3      0  91416      0 277732    0    0 123247  7769 2090 1551  4  8 16 72  0
2026-07-23 05:17:41  0  3      0  97976      0 271716    0    0 120769  9181 2164 1589  5  8 37 50  0
2026-07-23 05:17:46  0  4      0  93140      0 277180    0    0 123992  9876 2094 1528  6  9 27 58  0
2026-07-23 05:17:52  0  6      0  99984      0 268272    0    0 124392  7773 2095 1505  4  9 23 64  0
2026-07-23 05:17:57  1  2      0  90428      0 271124    0    0 127520  3550 2085 1602  2  8 16 74  0
2026-07-23 05:18:02  0 11      0  89796      0 273424    0    0 142990  2846 2273 1637  1 10  8 68 13
2026-07-23 05:18:07  0  7      0  88352      0 273088    0    0 128454  2835 2262 1583  2  9  5 80  3
2026-07-23 05:18:13  2  3      0  86520      0 275040    0    0 132142  1430 2100 1546  1  9  9 80  0
2026-07-23 05:18:18 procs -----------memory---------- ---swap-- -----io---- -system-- ------cpu-----
2026-07-23 05:18:18  r  b   swpd   free   buff  cache   si   so    bi    bo   in   cs us sy id wa st
2026-07-23 05:18:19  0  4      0  87184      0 273868    0    0 135510  1426 2193 1633  1 11  7 81  0
2026-07-23 05:18:24  4 10      0  90584      0 269252    0    0 136535  2836 2198 1675  2 11  9 78  0
2026-07-23 05:18:29  0  4      0  89484      0 272080    0    0 129919  2148 2175 1611  2  9  9 80  0
2026-07-23 05:18:34  0  4      0  87312      0 272668    0    0 136677  2135 2280 1695  1 10  6 83  0
2026-07-23 05:18:39  0 13      0  99420      0 268596    0    0 130990  2134 2299 1595  2 10  8 80  0
2026-07-23 05:18:44  0 12      0  93232      0 273012    0    0 128352  4949 2031 1506  2  8 16 73  0
2026-07-23 05:18:50  2  4      0  90488      0 274704    0    0 135186  2831 2089 1490  2  8  8 82  0
2026-07-23 05:18:56  1  5      0  89840      0 277184    0    0 142955  4245 2306 1635  2  8  6 84  0
2026-07-23 05:19:01  0  3      0  88424      0 278332    0    0 128111  4960 2187 1583  2  7 19 70  1
2026-07-23 05:19:06  0  3      0  86744      0 276432    0    0 128258  2844 2233 1625  2  9  8 76  6
2026-07-23 05:19:12  0 13      0  89360      0 266952    0    0 156099  1436 2126 1453  1 13  3 82  0
2026-07-23 05:19:17  1  2      0  90248      0 273564    0    0 130541  2126 2487 1784  2 10  5 84  0
2026-07-23 05:19:22  1  4      0  97096      0 269612    0    0 130150  4247 2140 1521  2  8  9 81  0
2026-07-23 05:19:28  0 10      0  94884      0 272212    0    0 127578  3548 1983 1465  2  7  9 82  0
2026-07-23 05:19:33  0  3      0  91540      0 275540    0    0 128005  3262 1990 1474  2  8  8 83  0
2026-07-23 05:19:38  1  3      0  87556      0 279628    0    0 125415  4021 2097 1556  2  9 16 73  0
2026-07-23 05:19:43  0  4      0  88492      0 278452    0    0 132571  3362 2154 1529  2  8  7 83  0
2026-07-23 05:19:48  0  1      0  98624      0 264232    0    0 121797  4258 2132 1619  2  9  8 81  0
2026-07-23 05:19:53  1  2      0  90560      0 272548    0    0 132169  3559 2184 1525  2  9 15 74  0
2026-07-23 05:19:59  2 11      0  87596      0 276916    0    0 139467  2846 2231 1687  2  9  7 83  0
2026-07-23 05:20:04  1  2      0  88360      0 273260    0    0 136084  2151 2187 1542  1 11  8 62 19
2026-07-23 05:20:09 procs -----------memory---------- ---swap-- -----io---- -system-- ------cpu-----
2026-07-23 05:20:10  r  b   swpd   free   buff  cache   si   so    bi    bo   in   cs us sy id wa st
2026-07-23 05:20:10  0  5      0  88844      0 278372    0    0 129091  4252 2055 1509  2  8 23 66  0
2026-07-23 05:20:15  0  3      0  90928      0 272732    0    0 128403  4245 2171 1614  2 10 11 77  0
2026-07-23 05:20:20  2  2      0  91704      0 270684    0    0 138265  2835 2117 1530  2  9  7 83  0
2026-07-23 05:20:25  0  4      0  90164      0 272440    0    0 131484  2833 2391 1747  1  9  5 84  0
2026-07-23 05:20:30  3  2      0  98488      0 269580    0    0 126866  4255 2116 1452  3  8 13 77  0
2026-07-23 05:20:38  3 12      0  87820      0 272884    0    0 195905  2159 2551 1838  1 12  4 83  0
2026-07-23 05:20:44  0  5      0  88036      0 272380    0    0 140768    20 3394 2415  1 15  3 81  0
2026-07-23 05:20:49  0  5      0  87108      0 272344    0    0 132838  1433 2342 1878  1 13  4 82  0
2026-07-23 05:20:55  2  6      0  93892      0 267380    0    0 157816    32 2376 1708  1 15  2 82  0
2026-07-23 05:21:04  0 15      0  87720      0 272984    0    0 224779   734 3416 2099  1 18  2 73  5
2026-07-23 05:21:09  0 13      0  88236      0 271112    0    0 140858   725 2771 2031  1 15  2 82  0
2026-07-23 05:21:15  0  6      0  88252      0 270080    0    0 139541   722 2393 1765  1 13  6 80  0
2026-07-23 05:21:20  0  4      0  90376      0 269072    0    0 133175   722 2216 1626  1 15  4 80  0
2026-07-23 05:21:25  0  6      0  90096      0 268700    0    0 138915   721 2239 1638  1 14  5 80  0
2026-07-23 05:21:31  4  6      0  87116      0 271812    0    0 136563   739 2338 1720  1 14  4 82  0
2026-07-23 05:21:37  0  7      0  91704      0 268912    0    0 150612   723 2357 1735  1 15  3 81  0
2026-07-23 05:21:42  0 17      0  87544      0 270452    0    0 139674    18 2814 2115  1 16  4 79  0
2026-07-23 05:21:47  0 15      0  86756      0 270272    0    0 128842   720 2329 1767  1 18  2 79  0
2026-07-23 05:21:52  1  3      0  88972      0 269236    0    0 129040   725 2475 1930  1 17  4 77  0
2026-07-23 05:21:58  1  4      0  88568      0 268588    0    0 146134   758 2296 1643  1 16  2 81  0
2026-07-23 05:22:03  0 15      0  88920      0 274584    0    0 138443   725 2572 1973  1 13  4 73  8
2026-07-23 05:22:08 procs -----------memory---------- ---swap-- -----io---- -system-- ------cpu-----
2026-07-23 05:22:09  r  b   swpd   free   buff  cache   si   so    bi    bo   in   cs us sy id wa st
2026-07-23 05:22:09  0  3      0  98544      0 268260    0    0 129013  3548 2238 1794  2  8 13 77  0
2026-07-23 05:22:14  0  3      0  88828      0 274604    0    0 126770  2843 2198 1606  2  9 12 77  0
2026-07-23 05:22:19  0  3      0  89196      0 274284    0    0 132715  2134 2255 1649  2 10  9 79  0
2026-07-23 05:22:24  1  2      0  92952      0 268632    0    0 129669  3551 2200 1669  2  9  9 79  0
2026-07-23 05:22:29  0 11      0  91112      0 272696    0    0 131294  2145 2289 1747  2  9  7 82  0
2026-07-23 05:22:35  0  7      0  93196      0 269932    0    0 136711  2137 2369 1819  2 10  5 83  0
2026-07-23 05:22:40  2  4      0  86836      0 275508    0    0 137256  2558 2295 1726  1 10 11 78  0
2026-07-23 05:22:45  0  5      0  90308      0 272752    0    0 130509  3130 2359 1882  2 10  8 80  0
2026-07-23 05:22:50  0  3      0  94392      0 269704    0    0 128964  2137 2117 1576  2  9  8 81  0
2026-07-23 05:22:56  0  8      0  93280      0 269672    0    0 127030  2846 2068 1520  2  8 17 73  0
2026-07-23 05:23:01  1  4      0  90144      0 272584    0    0 131632  2847 2198 1534  2  9  7 82  1
2026-07-23 05:23:06  0  5      0  88900      0 274636    0    0 129747  2854 2200 1495  2 10  7 77  4
2026-07-23 05:23:12  0  6      0  88668      0 275764    0    0 136753  2846 2470 1820  2 10  6 81  0
2026-07-23 05:23:17  1  3      0  86864      0 275908    0    0 131806  2141 2369 1668  2 10  6 82  0
2026-07-23 05:23:22  0  3      0  94012      0 268504    0    0 126530  2140 2112 1577  1  9 11 78  0
2026-07-23 05:23:27  0  5      0  90388      0 273500    0    0 127205  2845 2152 1592  2  9  7 82  0
2026-07-23 05:23:32  2  8      0  91552      0 271780    0    0 141622  2854 2267 1573  2  9 10 79  0
2026-07-23 05:23:38  2 11      0 100280      0 274136    0    0 133727  3543 2516 1816  2  8 10 79  0
2026-07-23 05:23:43  0  0      0  98996      0 272072    0    0 101360  4251 2251 1511  4 10 19 66  0
2026-07-23 05:23:48  0  2      0 100812      0 272396    0    0 145843  4258 2502 1441  5 10 26 58  0
2026-07-23 05:23:53  0  5      0  97844      0 274844    0    0 128442  3551 2460 1630  4  9 16 70  0
2026-07-23 05:23:58 procs -----------memory---------- ---swap-- -----io---- -system-- ------cpu-----
2026-07-23 05:23:58  r  b   swpd   free   buff  cache   si   so    bi    bo   in   cs us sy id wa st
2026-07-23 05:23:58  1  3      0  91756      0 279000    0    0 130858  2845 2344 1560  4  9 12 75  0
2026-07-23 05:24:03  1  3      0  96728      0 275404    0    0 126683  4265 2337 1492  4 10  6 65 15
2026-07-23 05:24:08  7  3      0  95124      0 277828    0    0 130623  5670 2237 1499  3  7 21 69  0
2026-07-23 05:24:14  2  2      0  96872      0 275560    0    0 123419  4959 2396 1613  4  9  9 78  0
2026-07-23 05:24:19  1  7      0  91884      0 291280    0    0 127695  5694 2280 1353  7 10 18 65  0
2026-07-23 05:24:24  1  0      0 101116      0 293804    0    0 77346  4982 2032 1531  8 10 33 49  0
2026-07-23 05:24:29  1  0      0 103292      0 292020    0    0  5906  9243 1032  820  9  6 83  2  0
2026-07-23 05:24:34  2  0      0  98976      0 295964    0    0  1931  7818 1032  836 10  8 81  2  0
2026-07-23 05:24:39  0  1      0  99588      0 295628    0    0  1975  9967 1055  869 10  7 81  2  0
2026-07-23 05:24:44  0  0      0 114108      0 296212    0    0  5146  9952 1258 1161 11  8 79  3  0
2026-07-23 05:24:49  1  0      0 104332      0 307920    0    0   898 10656 1113  891 11  8 80  2  0
2026-07-23 05:24:54  1  0      0 107536      0 303224    0    0  2538  9946 1017  753 11  8 80  1  0
2026-07-23 05:24:59  0  0      0 109044      0 302412    0    0  2422  8529 1033  922  8  6 84  2  0
2026-07-23 05:25:04  0  0      0 114596      0 294580    0    0 13366  8555 1459  937 11 12 59  3 14
2026-07-23 05:25:09  0  0      0 106756      0 304944    0    0  1393  9970 1182 1020 10  8 80  2  0
2026-07-23 05:25:14  2  0      0 117336      0 293448    0    0  2624  8521 1115 1008  9  7 83  2  0
2026-07-23 05:25:19  0  0      0 104396      0 307792    0    0  2314  9227  948  733 10  6 82  1  0
2026-07-23 05:25:24  2  0      0 106836      0 303704    0    0   968  9236 1052  946 10  8 81  2  0
2026-07-23 05:25:29  0  0      0 105580      0 305268    0    0  2909  9944 1140 1026 11  7 79  2  0
2026-07-23 05:25:34  0  0      0 104824      0 306304    0    0  2770 10679 1229 1079 10  8 80  3  0
2026-07-23 05:25:39  1  0      0 109112      0 301184    0    0  2829  9958 1024  687 11  8 80  1  0
2026-07-23 05:25:44 procs -----------memory---------- ---swap-- -----io---- -system-- ------cpu-----
2026-07-23 05:25:44  r  b   swpd   free   buff  cache   si   so    bi    bo   in   cs us sy id wa st
2026-07-23 05:25:44  3  0      0 106316      0 304504    0    0  1995  8535  996  904  8  6 84  2  0
2026-07-23 05:25:49  0  0      0 109040      0 300784    0    0   946  7829 1028  903  9  7 83  2  0
2026-07-23 05:25:54  0  0      0 111988      0 293060    0    0  2855  9976 1171 1011 11  8 79  2  0
2026-07-23 05:25:59  4  0      0 109772      0 295168    0    0  3135  9993 1065  868 10  7 81  2  0
2026-07-23 05:26:04  0  1      0 108080      0 295096    0    0 47455  8563 1746 1169 10 11 64  5 10
2026-07-23 05:26:09  0  0      0 109908      0 292560    0    0 34813  7853 1500 1101 10  9 77  5  0
2026-07-23 05:26:14  0  0      0 109432      0 291856    0    0 69580  8566 1796 1126 10 10 76  4  0
2026-07-23 05:26:19  1  1      0  90012      0 307236    0    0 91527  8550 1907 1127  8  9 68 15  0
2026-07-23 05:26:24  0  4      0  95984      0 292872    0    0 114763  6234 2190 1305  9 12 38 41  0
2026-07-23 05:26:29  0  6      0  88420      0 299944    0    0 128738  4553 2461 1551  8 14 11 67  0
2026-07-23 05:26:34  1  2      0  88196      0 297116    0    0 127332  3580 2363 1670  3 10  8 79  0
2026-07-23 05:26:40  6  3      0  97792      0 286784    0    0 136496  2894 2567 1685  6 17  4 72  0
2026-07-23 05:26:45  6  1      0  98404      0 287124    0    0 125240  3598 2549 1706  6 14  8 72  0
2026-07-23 05:26:50  0  4      0  90840      0 295620    0    0 134899  2889 2517 1703  4 13  6 78  0
2026-07-23 05:26:56  0  8      0  97136      0 287564    0    0 150328  4330 2852 1937  5 13  4 77  0
2026-07-23 05:27:01  2  3      0 110900      0 311492    0    0 70830 10036 2465 1638 17 17 29 33  3
2026-07-23 05:27:06  0  0      0 105264      0 318516    0    0 17392 14246 1605 1142 15 12 64  3  6
2026-07-23 05:27:11  0  2      0 106740      0 297736    0    0 32086 12119 1470  933 13 10 74  3  0
2026-07-23 05:27:16  4  0      0  86584      0 308604    0    0 132413 11425 2313 1402 12 15 49 25  0
2026-07-23 05:27:21  0  2      0  87456      0 301692    0    0 121608  7194 2493 1597  9 14 19 58  0
2026-07-23 05:27:26  1  2      0 103020      0 285528    0    0 123470  5033 2303 1583  7 13  5 75  0
2026-07-23 05:27:31 procs -----------memory---------- ---swap-- -----io---- -system-- ------cpu-----
2026-07-23 05:27:32  r  b   swpd   free   buff  cache   si   so    bi    bo   in   cs us sy id wa st
2026-07-23 05:27:32  0  5      0  92148      0 296244    0    0 127584  5122 2323 1550  7 12 20 60  0
2026-07-23 05:27:36  1  6      0  94020      0 294412    0    0 128046  5007 2364 1641  6 12 11 70  0
2026-07-23 05:27:42  0  4      0  92616      0 292292    0    0 126955  3606 2446 1570  7 13  8 71  0
2026-07-23 05:27:47  0  4      0  95368      0 289256    0    0 130025  3604 2555 1589  6 14  4 76  0
2026-07-23 05:27:52  0  4      0  87252      0 298772    0    0 128489  3605 2566 1783  4 12  4 79  0
2026-07-23 05:27:57  0  9      0  89568      0 296864    0    0 133222  2928 2660 1742  7 15  5 73  0
2026-07-23 05:28:02  0  0      0  96176      0 291400    0    0 115862  5722 2457 1521  9 13 26 37 14
2026-07-23 05:28:08  0 14      0  97192      0 290320    0    0 138852  4290 2364 1434  2  8 24 65  0
2026-07-23 05:28:13  1  2      0  96416      0 288792    0    0 127356  2857 2185 1575  2  6  8 84  0
2026-07-23 05:28:18  0  3      0  97564      0 288784    0    0 126635  2853 2133 1488  2  7  8 83  0
2026-07-23 05:28:23  1  2      0  89300      0 305308    0    0 124320  4290 2271 1620  2  7  7 84  0
2026-07-23 05:28:28  0 10      0  91132      0 297040    0    0 129995  2895 2316 1406  4  9 16 71  0
2026-07-23 05:28:33  0  3      0  96996      0 288756    0    0 126535  2869 2168 1529  2  7  9 82  0
2026-07-23 05:28:38  0  5      0  88048      0 295304    0    0 130201  3578 2309 1578  2  9 11 79  0
2026-07-23 05:28:43  8  2      0  88952      0 295700    0    0 131326  2156 2349 1672  2  9 15 74  0
2026-07-23 05:28:49  0 11      0  91400      0 291372    0    0 145696  2861 2145 1497  2  9 18 71  0
2026-07-23 05:28:54  1  2      0  93572      0 297776    0    0 136112  1438 2637 1928  2  8  7 83  0
2026-07-23 05:29:00  3  0      0  89460      0 295548    0    0 125721  3574 2309 1619  4 10  7 78  1
2026-07-23 05:29:05  0 11      0  92816      0 293120    0    0 133898  2878 2226 1436  2  8 24 56 10
2026-07-23 05:29:10  2  6      0  93008      0 291332    0    0 132070  2866 2324 1585  2  9  8 81  0
2026-07-23 05:29:15  0  4      0  98984      0 287700    0    0 131679  2860 2448 1666  2  8  5 85  0
2026-07-23 05:29:20 procs -----------memory---------- ---swap-- -----io---- -system-- ------cpu-----
2026-07-23 05:29:21  r  b   swpd   free   buff  cache   si   so    bi    bo   in   cs us sy id wa st
2026-07-23 05:29:21  4  3      0  92624      0 294244    0    0 126618  2862 2390 1658  2  7  4 87  0
2026-07-23 05:29:26  0  9      0  91432      0 295432    0    0 132164  5717 2483 1699  3  7 17 73  0
2026-07-23 05:29:31  2  2      0  94940      0 289288    0    0 129790  3583 2414 1695  2  7 17 74  0
2026-07-23 05:29:36  0  3      0  93716      0 291548    0    0 127675  5001 2279 1550  2  7 22 68  0
2026-07-23 05:29:41  0  0      0  96008      0 287360    0    0 115780  3575 2146 1550  2  8 19 72  0
2026-07-23 05:29:46  2  4      0  97368      0 289772    0    0 140389  2160 2315 1567  2  9 11 78  0
2026-07-23 05:29:52  1  6      0  99584      0 288916    0    0 133279  3588 2389 1615  2  6 13 79  0
2026-07-23 05:29:57  0  2      0  90868      0 294492    0    0 130873  4297 2290 1600  2  8 15 74  0
2026-07-23 05:30:03  0 13      0  92404      0 288832    0    0 147067  2879 2396 1711  1 10  9 61 19
2026-07-23 05:30:08  0  3      0  92476      0 296208    0    0 128910  2160 2448 1700  1  9  5 78  6
2026-07-23 05:30:13  0  3      0  93652      0 294164    0    0 130786  4298 2478 1779  2  7 12 78  0
2026-07-23 05:30:18  2  3      0  87432      0 293192    0    0 129213  2869 2233 1674  2  8  8 82  0
2026-07-23 05:30:24  0  4      0  88572      0 296248    0    0 131464  2161 2238 1588  2  9  9 80  0
2026-07-23 05:30:29  5  7      0  88744      0 297728    0    0 128391  2877 2207 1580  2  9  8 82  0
2026-07-23 05:30:34  1  2      0  92436      0 292256    0    0 124337  3580 2202 1576  2  9 12 76  0
2026-07-23 05:30:39  1  4      0 101112      0 288728    0    0 130799  3584 2383 1654  3  8 10 79  0
2026-07-23 05:30:44  0  1      0  89932      0 301764    0    0 127579  4294 2336 1571  4  9 18 69  0
2026-07-23 05:30:49  0  3      0  99288      0 290288    0    0 129431  3580 2289 1437  3  8 26 62  0
2026-07-23 05:30:54  0  0      0 100480      0 289444    0    0 112410  5014 2066 1358  4  9 19 69  0
2026-07-23 05:31:00  1 10      0  99240      0 291284    0    0 141498  2161 2511 1770  2  8  6 84  0
2026-07-23 05:31:05  0  3      0  89496      0 302836    0    0 127881  4298 2213 1547  3  9 13 69  7
2026-07-23 05:31:10 procs -----------memory---------- ---swap-- -----io---- -system-- ------cpu-----
2026-07-23 05:31:10  r  b   swpd   free   buff  cache   si   so    bi    bo   in   cs us sy id wa st
2026-07-23 05:31:10  0  3      0  88572      0 302672    0    0 124940  5725 2271 1489  4  8 15 72  0
2026-07-23 05:31:15  0  1      0  88300      0 302428    0    0 123763  5014 2346 1661  5  9 14 72  0
2026-07-23 05:31:20  0  4      0  86872      0 304784    0    0 127047  3282 2130 1448  3  7 19 72  0
2026-07-23 05:31:25  0  6      0  98080      0 290772    0    0 125970  3179 2423 1618  3  8 15 74  0
2026-07-23 05:31:30  0  4      0  97728      0 292796    0    0 127213  4298 2373 1519  3  8 10 79  0
2026-07-23 05:31:35  0 17      0  99568      0 292108    0    0 125371  5020 2409 1630  4  9 14 74  0
2026-07-23 05:31:40  0  8      0  94928      0 294580    0    0 127588  3577 2331 1579  4  8 10 78  0
2026-07-23 05:31:46  3  4      0  97836      0 291752    0    0 131916  5023 2353 1683  3  8 21 68  0
2026-07-23 05:31:51  0  0      0  99656      0 290904    0    0 114201  2869 2118 1495  2  7 14 76  0
2026-07-23 05:31:56  0  8      0 100584      0 289060    0    0 144737  2875 2613 1782  3 10  4 83  0
2026-07-23 05:32:01  0  4      0  93600      0 303784    0    0 126019  5726 2231 1436  4 10 33 50  2
2026-07-23 05:32:06  1  5      0  89488      0 307524    0    0 127888  4315 2639 1868  5 14  5 68  9
2026-07-23 05:32:11  0 15      0  90884      0 304360    0    0 116077  2869 2521 1933  4 13  2 81  0
2026-07-23 05:32:17  0  8      0  98716      0 297852    0    0 44011  1431 1307 1311  2  5  2 91  0
2026-07-23 05:32:22  0  8      0  95440      0 302532    0    0 46097  1438 1739 1619  4  7  3 85  0
2026-07-23 05:32:28  0  4      0 100880      0 294912    0    0 43792  1438 1692 1592  4  7  3 86  0
2026-07-23 05:32:33  0 16      0 101784      0 298328    0    0 45862  1478 1393 1492  1  3  2 94  0
2026-07-23 05:32:39  1 13      0  91280      0 303084    0    0 45710  2153 1546 1559  2  4  2 92  0
2026-07-23 05:32:45  0 15      0  94412      0 301024    0    0 50039   778 1490 1520  1  4  3 91  0
2026-07-23 05:32:50  0  7      0  98476      0 295736    0    0 42595  2093 1291 1230  1  3  4 92  0
2026-07-23 05:32:55  0  5      0  99120      0 299252    0    0 40916  2154 1322  981  5  8 15 72  0
2026-07-23 05:33:01 procs -----------memory---------- ---swap-- -----io---- -system-- ------cpu-----
2026-07-23 05:33:01  r  b   swpd   free   buff  cache   si   so    bi    bo   in   cs us sy id wa st
2026-07-23 05:33:01  2  3      0  90364      0 307388    0    0 46823  2175 1630 1400  5  8  5 80  1
2026-07-23 05:33:07  0 13      0  92740      0 305348    0    0 47803  1451 1527 1544  2  5  6 83  4
2026-07-23 05:33:12  5 10      0  98860      0 300596    0    0 44394  1433 1373 1326  2  4  4 90  0
2026-07-23 05:33:18  9  1      0 106192      0 300312    0    0 45178  1431 1357 1293  2  5  2 91  0
2026-07-23 05:33:23  1 13      0 101032      0 305796    0    0 42241  1450 1623 1289  8 11  2 79  0
2026-07-23 05:33:28  1  4      0  90768      0 316544    0    0 41231  1456 1695 1317 12 16  2 70  0
2026-07-23 05:33:33  1  3      0  94888      0 307468    0    0 40696  1759 1418 1295  5  9  3 83  0
2026-07-23 05:33:38  0  5      0  87064      0 320840    0    0 40300  4065 1712 1045 15 18 14 52  0
2026-07-23 05:33:44  1  5      0  98252      0 307664    0    0 43024  1450 1428 1097  7 10  7 75  0
2026-07-23 05:33:49  1 13      0  95088      0 309360    0    0 46314  2163 1453 1294  4  7  6 82  0
2026-07-23 05:33:55  0  5      0  98036      0 308680    0    0 49767  1456 1593 1338  7 10  1 82  0
2026-07-23 05:34:00  0 14      0  97084      0 310416    0    0 41297  2183 1303 1373  1  3  4 90  1
2026-07-23 05:34:07  2  4      0  94896      0 308072    0    0 45180  1455 1619 1086  8 13  1 72  6
2026-07-23 05:34:11  0  0      0 104892      0 327100    0    0 38100  2894 1825 1307 11 16 11 62  0
2026-07-23 05:34:16  1  0      0 107088      0 324640    0    0  1642  6446 1020  606 12 12 75  1  0
2026-07-23 05:34:21  0  0      0 105736      0 326424    0    0  1596  5734 1064  684 12 12 75  1  0
2026-07-23 05:34:26  2  0      0 104352      0 327480    0    0  1222  6464 1116  838 12 12 76  1  0
2026-07-23 05:34:31  1  0      0 111408      0 318640    0    0  2045  6485 1070  839 11 11 78  1  0
2026-07-23 05:34:36  0  0      0 106868      0 324928    0    0  1458  5758 1057  749 12 12 76  1  0
2026-07-23 05:34:41  0  0      0 103900      0 333268    0    0   890  7179 1169  848 12 12 74  1  0
2026-07-23 05:34:46  0  0      0 113052      0 323284    0    0  1048  5741 1092  744 12 13 75  1  0
2026-07-23 05:34:51 procs -----------memory---------- ---swap-- -----io---- -system-- ------cpu-----
2026-07-23 05:34:51  r  b   swpd   free   buff  cache   si   so    bi    bo   in   cs us sy id wa st
2026-07-23 05:34:51  3  0      0 114264      0 321504    0    0  1043  5745 1090  837 11 11 77  2  0
2026-07-23 05:34:56  1  0      0 104412      0 331332    0    0   282  7167 1109  759 12 13 74  1  0
2026-07-23 05:35:01  5  0      0 114272      0 319660    0    0  8182  5759 1285  819 11 13 66  2  9
2026-07-23 05:35:06  0  0      0 113244      0 322096    0    0  7106  6479 1456  865 13 15 60  2 10
2026-07-23 05:35:11  1  0      0 109500      0 327472    0    0  2515  7187 1155  771 12 14 74  1  0
2026-07-23 05:35:16  1  0      0 110320      0 326728    0    0   431  5747 1016  632 11 12 77  1  0
2026-07-23 05:35:21  1  0      0 105480      0 331676    0    0  2258  6481 1065  690 11 11 77  1  0
2026-07-23 05:35:26  0  0      0 105668      0 331572    0    0  1175  6454 1014  620 11 12 76  1  0
2026-07-23 05:35:31  0  0      0 105060      0 330864    0    0  4864  5763 1134  786 12 13 74  1  0
2026-07-23 05:35:36  1  1      0 103996      0 332996    0    0  1750  6471 1089  749 11 11 77  1  0
2026-07-23 05:35:41  0  0      0 105108      0 330800    0    0  3227  5784 1165  987 10 10 77  2  0
2026-07-23 05:35:46  1  0      0 105324      0 316672    0    0  4388  5760 1115  691 12 12 75  1  0
2026-07-23 05:35:51  2  0      0 105240      0 317120    0    0 100177  5796 2281 1120 12 16 67  6  0
2026-07-23 05:35:57  0  4      0 104948      0 315088    0    0 135641  5774 2451 1198 11 15 63 11  0
2026-07-23 05:36:02  5  4      0  91696      0 319420    0    0 136151  2950 2324 1494  6 14  8 58 14
2026-07-23 05:36:07  2  3      0  98348      0 311552    0    0 127567  4366 2601 1513 10 20  7 60  3
2026-07-23 05:36:12  2  3      0  98264      0 310776    0    0 128140  4384 2488 1438 11 21  9 59  0
2026-07-23 05:36:18  3  2      0  88728      0 323672    0    0 128170  5084 2735 1709 10 19  5 66  0
2026-07-23 05:36:23  1  6      0  88456      0 323200    0    0 129312  4022 2543 1922  4 10  3 82  0
2026-07-23 05:36:28  0  6      0  90020      0 322268    0    0 78377  1751 1748 1581  2  6  8 85  0
2026-07-23 05:36:34  1  5      0  95920      0 313528    0    0 45834  1471 1244 1233  2  4  9 85  0
2026-07-23 05:36:39 procs -----------memory---------- ---swap-- -----io---- -system-- ------cpu-----
2026-07-23 05:36:40  r  b   swpd   free   buff  cache   si   so    bi    bo   in   cs us sy id wa st
2026-07-23 05:36:41  0 16      0  97372      0 314376    0    0 50944   745 1390 1224  4  8  5 82  0
2026-07-23 05:36:45  0 15      0  90004      0 319188    0    0 46050  1464 1532 1312  6 11  3 79  0
2026-07-23 05:36:51  0  3      0 102788      0 306952    0    0 43784   752 1618 1294  9 14  3 74  0
2026-07-23 05:36:56  1  3      0  99028      0 310316    0    0 40680  1366 1322 1182  3  7  3 87  0
2026-07-23 05:37:02  0  6      0  93956      0 315888    0    0 55879  1614 1672 1207 10 15  5 69  2
2026-07-23 05:37:08  0  4      0  89740      0 320764    0    0 43979   862 1812 1675  4  7  1 85  3
2026-07-23 05:37:13  1 12      0  92664      0 317668    0    0 41629  1430 1524 1215  8 14  3 75  0
2026-07-23 05:37:18  0  7      0  88512      0 322112    0    0 44593  1466 1485 1183  7 11  4 78  0
2026-07-23 05:37:24  0 13      0  96748      0 311892    0    0 47787  1302 1288 1224  2  5  5 87  0
2026-07-23 05:37:30  0  3      0  87136      0 323396    0    0 45253   871 1117 1092  1  3  6 90  0
2026-07-23 05:37:35  0 16      0  93016      0 315944    0    0 45074  1048 1553 1423  5  8  6 81  0
2026-07-23 05:37:40  1 12      0  94000      0 316052    0    0 43971  1969 1580 1381  7 10  4 79  0
2026-07-23 05:37:45  0  4      0  88980      0 321124    0    0 41866  1518 1463 1376  5  8  4 84  0
2026-07-23 05:37:51  1 13      0  90052      0 319420    0    0 41717  2126 1706 1293 11 15  4 70  0
2026-07-23 05:37:56  1  5      0  93516      0 316068    0    0 46225   740 1412 1246  5  9  3 82  0
2026-07-23 05:38:02  5  5      0  96640      0 312456    0    0 45079   789 1628 1249  9 15  1 73  3
2026-07-23 05:38:07  0  4      0  88876      0 321164    0    0 44229  1464 1333 1307  2  5  2 88  4
2026-07-23 05:38:12  0  4      0  94300      0 318056    0    0 44919   726 1130 1056  1  3 10 85  0
2026-07-23 05:38:18  0 12      0  91772      0 319476    0    0 44034  1440 1345 1337  1  3  3 93  0
2026-07-23 05:38:24  4  3      0  94980      0 316960    0    0 47458  1442 1262 1259  1  4  6 89  0
2026-07-23 05:38:29  0  3      0  95012      0 313964    0    0 45219   722 1187 1211  1  3  2 93  0
2026-07-23 05:38:34 procs -----------memory---------- ---swap-- -----io---- -system-- ------cpu-----
2026-07-23 05:38:35  r  b   swpd   free   buff  cache   si   so    bi    bo   in   cs us sy id wa st
2026-07-23 05:38:35  0  7      0  89872      0 320036    0    0 44804  1921 1363 1451  1  3  5 90  0
2026-07-23 05:38:40  5  6      0  87460      0 330828    0    0 43487  1716 1534 1469  5  7  6 82  0
2026-07-23 05:38:45  3  3      0  87192      0 331476    0    0 36647  7223 1809 1120 19 23  6 52  0
2026-07-23 05:38:50  7  2      0  88220      0 330464    0    0 39000  3638 1843 1065 19 22 12 48  0
2026-07-23 05:38:55  9  1      0  87892      0 330824    0    0 37790  7214 1724 1146 15 17 12 55  0
2026-07-23 05:39:01  1  5      0  95252      0 323660    0    0 42109  5057 1951 1392 14 17  4 64  2
2026-07-23 05:39:07  2  3      0  87804      0 329956    0    0 42740  2200 1576 1389  4  8  4 72 12
2026-07-23 05:39:12  1 13      0  94616      0 323308    0    0 44058  2175 1527 1393  4 11  3 82  0
2026-07-23 05:39:17  0  4      0  90872      0 325376    0    0 40624  2161 1517 1347  6 10  7 77  0
2026-07-23 05:39:22  0  4      0  96348      0 321476    0    0 41839  1439 1492 1482  2  5  3 90  0
2026-07-23 05:39:27  1 11      0 103772      0 312072    0    0 44071  1442 1488 1371  3  6  7 83  0
2026-07-23 05:39:32  1  3      0  89264      0 328220    0    0 41441  2157 1347 1139  5  7 22 66  0
2026-07-23 05:39:39  1 15      0  98852      0 317628    0    0 53365  2129 1717 1477  5  8  3 85  0
2026-07-23 05:39:44  0 13      0  88312      0 328704    0    0 43288  1482 1298 1259  2  4  1 94  0
2026-07-23 05:39:50  0  3      0  92092      0 324296    0    0 43036  2167 1222 1158  3  4  3 90  0
2026-07-23 05:39:55  1 13      0  98816      0 317396    0    0 45785   735 1316 1282  2  5  1 92  0
2026-07-23 05:40:01  0 12      0  88240      0 328500    0    0 45033  1438 1315 1223  2  5  7 84  2
2026-07-23 05:40:06  2  5      0  97540      0 323452    0    0 43597  3600 1736 1266  5 10  1 74  9
2026-07-23 05:40:11  0  4      0  92696      0 327576    0    0 40739  2156 1271 1154  3  5  3 89  0
2026-07-23 05:40:17  1  4      0  93992      0 327072    0    0 44546  1439 1235 1089  2  4  7 87  0
2026-07-23 05:40:22  0  6      0  93116      0 326692    0    0 46556   726 1275 1293  1  3  3 93  0
2026-07-23 05:40:27 procs -----------memory---------- ---swap-- -----io---- -system-- ------cpu-----
2026-07-23 05:40:28  r  b   swpd   free   buff  cache   si   so    bi    bo   in   cs us sy id wa st
2026-07-23 05:40:29  0  5      0  92248      0 328680    0    0 41310  1434 1290 1120  3  7  1 89  0
2026-07-23 05:40:33  1 15      0  90836      0 329268    0    0 49948  1452 1441 1223  3  6  4 87  0
2026-07-23 05:40:39  1 14      0  93392      0 332168    0    0 48270  1149 1436 1377  2  6  2 91  0
2026-07-23 05:40:44  2  4      0  95716      0 325076    0    0 41286  1744 1339 1292  3  6  4 87  0
2026-07-23 05:40:50  1  4      0  94520      0 325328    0    0 50363  2175 1587 1318  4  6  3 87  0
2026-07-23 05:40:55  0 11      0 100240      0 318796    0    0 41029  1447 1259 1115  3  6  5 86  0
2026-07-23 05:41:01  1  4      0 100296      0 319384    0    0 43459  1865 1275 1125  3  5  2 89  1
2026-07-23 05:41:06  1  3      0  91772      0 328588    0    0 43370  1758 1658 1407  5  8  5 77  5
2026-07-23 05:41:11  0 12      0  92200      0 329012    0    0 43652  1447 1370 1143  4  6  5 85  0
2026-07-23 05:41:16  0  5      0  91968      0 326776    0    0 40248  2166 1139 1074  2  4  5 89  0
2026-07-23 05:41:22  0  4      0  96168      0 323564    0    0 42810  2888 1398 1354  2  4  3 90  0
2026-07-23 05:41:27  0  6      0  93408      0 327300    0    0 46252   724 1104  980  2  4  6 88  0
2026-07-23 05:41:33  0 12      0  90200      0 330368    0    0 42101  2172 1198 1309  1  3  5 90  0
2026-07-23 05:41:38  0  6      0  88800      0 331340    0    0 43968  1444 1274 1332  1  3  3 93  0
2026-07-23 05:41:43  0 12      0  94416      0 338708    0    0 41225  2158 1345 1262  4  5  7 84  0
2026-07-23 05:41:48  1  5      0  99056      0 333540    0    0 40592  3651 1837 1235 15 19 14 52  0
2026-07-23 05:41:53  1  3      0  97432      0 335884    0    0 40378  3631 1891 1156 16 22  3 59  0
2026-07-23 05:41:59  0 13      0  96804      0 336636    0    0 41542  5057 1729 1032 14 19 15 51  0
2026-07-23 05:42:05  1  3      0  94460      0 336892    0    0 41541  2942 1927 1143 10 16 10 48 16
2026-07-23 05:42:10  2  4      0  96728      0 335360    0    0 45716  1476 1824 1350 11 16  3 69  0
2026-07-23 05:42:15  8  2      0  97920      0 331888    0    0 44072  1465 1496 1244  7 12  2 78  0
2026-07-23 05:42:20 procs -----------memory---------- ---swap-- -----io---- -system-- ------cpu-----
2026-07-23 05:42:20  r  b   swpd   free   buff  cache   si   so    bi    bo   in   cs us sy id wa st
2026-07-23 05:42:20  2  6      0  98776      0 331444    0    0 40506  1134 1475 1427  3  6  4 86  0
2026-07-23 05:42:25  2 14      0  95452      0 337160    0    0 44552  1072 1941 1501 12 18  1 69  0
2026-07-23 05:42:32  2 13      0  95416      0 334640    0    0 49487  1518 1685 1552  6  9  2 82  0
2026-07-23 05:42:37  0  8      0 100408      0 332012    0    0 46163   760 1534 1669  1  3  5 91  0
2026-07-23 05:42:42  2  6      0  95844      0 335608    0    0 43496  2194 1826 1443 11 17  2 70  0
2026-07-23 05:42:48  0  7      0 102588      0 328820    0    0 44664  2186 1848 1614  9 14  1 76  0
2026-07-23 05:42:53  1  4      0  91812      0 339540    0    0 45252   745 1818 1661  8 13  2 77  0
2026-07-23 05:42:59  1 16      0  87988      0 343736    0    0 44299   746 1751 1510  8 12  1 79  0
2026-07-23 05:43:04  0  6      0  96244      0 334612    0    0 43296   798 1468 1451  3  8  3 79  7
2026-07-23 05:43:09  3 12      0  95208      0 335176    0    0 43539  1450 1626 1554  5  8  0 87  0
2026-07-23 05:43:15  0 17      0  98332      0 330404    0    0 46258   746 1635 1416  7 11  1 81  0
2026-07-23 05:43:21  1 15      0  95704      0 334624    0    0 47826  1458 1471 1293  5  8  1 86  0
2026-07-23 05:43:26  1  6      0  91576      0 338428    0    0 44744   729 1257 1350  1  4  1 94  0
2026-07-23 05:43:32  0  8      0  91148      0 340060    0    0 47366  1447 1467 1545  1  4  1 94  0
2026-07-23 05:43:37  6  3      0 104972      0 329352    0    0 44419  1569 1834 1640  6 11  2 80  0
2026-07-23 05:43:42  2 13      0 107668      0 326220    0    0 41259  2268 2161 1613 15 22  5 57  0
2026-07-23 05:43:49  1 12      0 109504      0 324284    0    0 51876  1511 2181 1523 17 24  3 57  0
2026-07-23 05:43:55  0  6      0 103676      0 333080    0    0 50704  1465 2039 1729  6 10  4 79  0
2026-07-23 05:44:00  0  0      0  87908      0 349200    0    0 23246  3623 1317  767 13 16 50 20  0
2026-07-23 05:44:05  0  3      0 102048      0 334044    0    0 56918  2998 1867 1543  8 13  4 71  3
2026-07-23 05:44:10  1  5      0 104696      0 331812    0    0 43114  1461 1689 1391  8 12  5 74  0
2026-07-23 05:44:15 procs -----------memory---------- ---swap-- -----io---- -system-- ------cpu-----
2026-07-23 05:44:15  r  b   swpd   free   buff  cache   si   so    bi    bo   in   cs us sy id wa st
2026-07-23 05:44:15  1  1      0 106208      0 327636    0    0 38657  3626 1652 1161 12 16  7 65  0
2026-07-23 05:44:21  0 13      0 110532      0 324520    0    0 47129   745 1709 1413  8 12  4 77  0
2026-07-23 05:44:26  0  0      0  92564      0 343928    0    0 19313  2166 1281  892 12 14 29 46  0
2026-07-23 05:44:31  2  0      0  87380      0 349512    0    0 56471  1457 1603 1366  7 11 11 71  0
2026-07-23 05:44:36  1  0      0  87752      0 347564    0    0 41725  5827 1730 1023 15 18 27 39  0
2026-07-23 05:44:41  0 12      0 105848      0 330872    0    0 43532  2218 1559 1291  7  9 11 73  0
2026-07-23 05:44:46  1 11      0 106856      0 328160    0    0 39295  4356 1627 1054 13 16 22 48  0
2026-07-23 05:44:52  0  4      0 102696      0 334724    0    0 42212  3614 1498 1137  9 12 30 49  0
2026-07-23 05:44:57  1  0      0 107180      0 329072    0    0 37791  2892 1550 1056 11 14 12 62  0
2026-07-23 05:45:04  0  8      0 109396      0 327172    0    0 54711  4338 1830 1267 10 14 32 39  6
2026-07-23 05:45:09  0  5      0 156628      0 277856    0    0 42737  1508 1580 1557  4  8  2 86  0
2026-07-23 05:45:14  0  0      0 161528      0 286272    0    0  4661  4314  835  828  3  3 81 13  0
2026-07-23 05:45:19  0  0      0 135988      0 311224    0    0    13  5043  491  420  3  1 96  0  0
2026-07-23 05:45:24  0  0      0 131824      0 316228    0    0     0  5044  513  436  2  1 96  0  0
2026-07-23 05:45:29  0  0      0 129988      0 316300    0    0     0  5037  483  413  2  1 97  0  0
2026-07-23 05:45:34  0  0      0 129468      0 316796    0    0   112  4315  459  398  2  1 97  0  0
2026-07-23 05:45:39  0  0      0 129200      0 316864    0    0     0  5038  513  428  2  1 97  0  0
2026-07-23 05:45:44  0  0      0 128960      0 316924    0    0     1  4395  529  478  2  1 97  0  0
2026-07-23 05:45:49  0  0      0 128812      0 316980    0    0     4  5760  567  501  3  1 96  0  0
2026-07-23 05:45:54  0  0      0 129672      0 317036    0    0     0  3596  427  357  2  1 97  0  0
2026-07-23 05:45:59  0  0      0 128868      0 317092    0    0     0  3596  475  421  2  1 97  0  0
2026-07-23 05:46:04 procs -----------memory---------- ---swap-- -----io---- -system-- ------cpu-----
2026-07-23 05:46:04  r  b   swpd   free   buff  cache   si   so    bi    bo   in   cs us sy id wa st
2026-07-23 05:46:04  0  0      0 128244      0 317492    0    0    74  5034  565  465  2  1 93  0  3
2026-07-23 05:46:09  0  0      0 128272      0 317552    0    0     0  4367  552  511  2  1 97  0  0
2026-07-23 05:46:14  0  0      0 128088      0 317592    0    0     0  5102  558  493  2  1 97  0  0
2026-07-23 05:46:19  0  0      0 128076      0 317668    0    0     0  3612  470  433  2  1 97  0  0
2026-07-23 05:46:24  0  0      0 145244      0 317728    0    0     0  3608  508  482  2  1 97  0  0
2026-07-23 05:46:29  0  0      0 145256      0 317828    0    0     0  4328  514  471  2  1 97  0  0
2026-07-23 05:46:34  0  0      0 146664      0 317876    0    0     0  5042  554  500  2  1 96  0  0
2026-07-23 05:46:39  0  0      0 146664      0 317932    0    0     0  4351  509  459  2  1 97  0  0
2026-07-23 05:46:44  0  0      0 146768      0 317992    0    0     0  3667  485  454  2  1 97  0  0
2026-07-23 05:46:49  0  0      0 145540      0 318928    0    0   178  4326  533  491  2  1 97  0  0
2026-07-23 05:46:54  1  0      0 145860      0 318972    0    0     0  4320  544  483  2  1 97  0  0
2026-07-23 05:46:59  0  0      0 145404      0 319032    0    0     0  5765  579  533  3  1 96  0  0
2026-07-23 05:47:04  0  0      0 145156      0 319092    0    0     0  3600  514  490  2  1 95  0  2
2026-07-23 05:47:09  0  0      0 145528      0 319152    0    0     0  4323  490  420  2  1 97  0  0
2026-07-23 05:47:14  0  0      0 145280      0 319208    0    0     0  4321  533  484  2  1 97  0  0
2026-07-23 05:47:19  0  0      0 137056      0 327464    0    0     0  5126  550  505  2  1 97  0  0
2026-07-23 05:47:24  0  0      0 136956      0 327516    0    0     0  3614  480  438  2  1 97  0  0
2026-07-23 05:47:29  0  0      0 137016      0 327596    0    0     0  4334  533  502  2  1 97  0  0
2026-07-23 05:47:34  0  0      0 136996      0 327684    0    0     0  4333  505  442  2  1 97  0  0
2026-07-23 05:47:39  0  0      0 136680      0 327748    0    0     0  5059  557  522  2  1 96  0  0
2026-07-23 05:47:44  0  0      0 136660      0 327796    0    0     0  5046  562  501  2  1 96  0  0
2026-07-23 05:47:49 procs -----------memory---------- ---swap-- -----io---- -system-- ------cpu-----
2026-07-23 05:47:49  r  b   swpd   free   buff  cache   si   so    bi    bo   in   cs us sy id wa st
2026-07-23 05:47:49  0  0      0 136888      0 327844    0    0     0  5110  521  512  2  1 97  0  0
2026-07-23 05:47:54  0  0      0 136864      0 327904    0    0     0  4332  522  486  2  1 97  0  0
2026-07-23 05:47:59  0  0      0 136448      0 327964    0    0     0  5046  548  489  3  1 96  0  0
2026-07-23 05:48:04  0  0      0 121732      0 340816    0    0  2609  4325  780  723  3  3 83  1 10
2026-07-23 05:48:09  0  0      0 121456      0 340868    0    0     0  3610  465  415  2  1 97  0  0
2026-07-23 05:48:14  0  0      0 121648      0 340924    0    0     0  3605  489  450  2  1 97  0  0
2026-07-23 05:48:19  0  0      0 121668      0 340984    0    0     0  4391  512  472  2  1 97  0  0
2026-07-23 05:48:24  0  0      0 121948      0 341040    0    0     0  4345  561  540  2  1 97  0  0
2026-07-23 05:48:29  0  0      0 121440      0 341136    0    0     0  5782  588  541  2  1 96  0  0
2026-07-23 05:48:34  0  0      0 121120      0 341196    0    0     0  4346  515  487  2  1 97  0  0
2026-07-23 05:48:39  0  0      0 121252      0 341276    0    0     0  5100  554  553  3  1 97  0  0
2026-07-23 05:48:44  0  0      0 121064      0 341320    0    0     0  4330  539  482  2  1 97  0  0
2026-07-23 05:48:49  0  0      0 121100      0 341388    0    0     0  5773  603  565  3  1 96  0  0
2026-07-23 05:48:54  3  0      0 120892      0 341436    0    0     0  3608  486  451  2  1 97  0  0
2026-07-23 05:48:59  0  0      0 120876      0 341496    0    0     0  3682  486  454  2  1 97  0  0
2026-07-23 05:49:04  0  0      0 120840      0 341412    0    0     2  4336  575  521  2  1 94  0  2
2026-07-23 05:49:09  0  0      0 121772      0 341472    0    0     0  5060  550  499  2  1 97  0  0
2026-07-23 05:49:14  0  0      0 122732      0 341352    0    0     0  5051  525  460  2  1 96  0  0
2026-07-23 05:49:19  0  0      0 122720      0 341416    0    0     0  6505  598  542  3  1 96  1  0
2026-07-23 05:49:24  0  0      0 122800      0 341528    0    0     0  6514  623  572  3  1 96  1  0
2026-07-23 05:49:29  0  0      0 115612      0 348308    0    0     0  7293  629  553  3  1 95  1  0
2026-07-23 05:49:34 procs -----------memory---------- ---swap-- -----io---- -system-- ------cpu-----
2026-07-23 05:49:34  r  b   swpd   free   buff  cache   si   so    bi    bo   in   cs us sy id wa st
2026-07-23 05:49:34  2  0      0 125056      0 348368    0    0     0  6510  616  531  3  1 96  1  0
2026-07-23 05:49:39  4  0      0 125376      0 348436    0    0     0  6517  636  559  3  1 96  1  0
2026-07-23 05:49:44  0  0      0 125292      0 348504    0    0     0  5779  557  514  3  1 96  1  0
2026-07-23 05:49:49  0  0      0 125176      0 348572    0    0     0  6502  638  566  3  1 96  1  0
2026-07-23 05:49:54  0  0      0 124996      0 348620    0    0     0  6502  636  568  3  1 96  1  0
2026-07-23 05:49:59  0  0      0 124988      0 348696    0    0     0  7302  627  555  3  1 95  1  0
2026-07-23 05:50:04  0  0      0 122708      0 348996    0    0    38  6534  678  576  3  2 85  1  9
2026-07-23 05:50:09  0  0      0 123232      0 349108    0    0     0  6524  632  604  3  1 96  1  0
2026-07-23 05:50:14  0  0      0 122640      0 349180    0    0     0  6508  594  544  3  1 96  1  0
2026-07-23 05:50:19  0  0      0 125592      0 348908    0    0     0  7234  650  561  3  1 95  1  0
2026-07-23 05:50:24  1  0      0 125244      0 348956    0    0     0  5786  551  489  3  1 96  0  0
2026-07-23 05:50:29  0  0      0 125584      0 348736    0    0     0  5858  552  484  3  1 96  0  0
2026-07-23 05:50:34  0  0      0 125488      0 348808    0    0     0  6522  601  539  3  1 96  1  0
2026-07-23 05:50:39  0  0      0 125348      0 348872    0    0     0  6522  597  496  3  1 95  0  0
2026-07-23 05:50:44  0  0      0 125348      0 348932    0    0     0  6519  602  528  3  1 96  1  0
2026-07-23 05:50:49  0  0      0 129720      0 349024    0    0     0  6529  578  496  3  1 96  0  0
2026-07-23 05:50:54  0  0      0 129308      0 349124    0    0     0  6522  628  569  3  1 96  0  0
2026-07-23 05:50:59  0  0      0 144220      0 334260    0    0     0  6588  604  520  3  1 96  1  0
2026-07-23 05:51:04  0  0      0 143788      0 334464    0    0    25  5800  713  628  3  2 90  0  5
2026-07-23 05:51:09  1  0      0 143788      0 334512    0    0     0  5807  595  544  3  1 96  1  0
2026-07-23 05:51:14  0  0      0 143660      0 334572    0    0     0  5797  544  493  2  1 96  0  0
2026-07-23 05:51:19 procs -----------memory---------- ---swap-- -----io---- -system-- ------cpu-----
2026-07-23 05:51:19  r  b   swpd   free   buff  cache   si   so    bi    bo   in   cs us sy id wa st
2026-07-23 05:51:19  0  0      0 143908      0 334648    0    0     0  6517  631  565  3  1 96  1  0
2026-07-23 05:51:24  0  0      0 143600      0 334716    0    0     0  7240  648  572  3  1 95  1  0
2026-07-23 05:51:29  0  0      0 145108      0 334564    0    0     0  6609  602  503  3  1 96  1  0
2026-07-23 05:51:34  0  0      0 146408      0 334628    0    0     0  6546  594  516  3  1 96  1  0
2026-07-23 05:51:39  0  0      0 145008      0 334708    0    0     0  5818  633  609  3  1 96  1  0
2026-07-23 05:51:44  0  0      0 145296      0 334504    0    0     0  6523  624  584  3  1 96  0  0
2026-07-23 05:51:49  0  0      0 145212      0 334568    0    0     0  6524  628  574  3  1 96  1  0
2026-07-23 05:51:54  4  0      0 145308      0 334616    0    0     0  5798  578  510  3  1 96  0  0
2026-07-23 05:51:59  0  0      0 146172      0 334684    0    0     0  5870  601  578  2  1 96  0  0
2026-07-23 05:52:04  0  0      0 145208      0 334776    0    0     3  7973  806  695  4  2 87  1  7
2026-07-23 05:52:09  0  0      0 145448      0 334840    0    0     0  6547  604  531  3  1 96  1  0
2026-07-23 05:52:14  0  0      0 145096      0 334944    0    0     0  6543  607  524  3  1 96  1  0
2026-07-23 05:52:19  0  0      0 144668      0 335028    0    0     0  7260  573  500  3  1 96  1  0
2026-07-23 05:52:24  1  0      0 144556      0 335084    0    0     0  6541  627  568  3  1 96  1  0
2026-07-23 05:52:29  0  0      0 144712      0 335164    0    0     0  6530  652  577  3  1 96  1  0
2026-07-23 05:52:34  0  0      0 144500      0 335220    0    0     0  6530  586  510  3  1 96  1  0
2026-07-23 05:52:39  2  0      0 144772      0 335280    0    0     0  5900  582  493  3  1 96  0  0
2026-07-23 05:52:44  1  0      0 145064      0 334836    0    0     0  6538  586  522  3  1 96  1  0
2026-07-23 05:52:49  0  0      0 144896      0 334908    0    0     0  6530  612  531  3  1 95  0  0
2026-07-23 05:52:54  0  0      0 136904      0 342924    0    0     0  6550  598  507  3  1 96  1  0
2026-07-23 05:52:59  0  0      0 136788      0 342976    0    0     0  6544  579  507  3  1 96  0  0
2026-07-23 05:53:04 procs -----------memory---------- ---swap-- -----io---- -system-- ------cpu-----
2026-07-23 05:53:04  r  b   swpd   free   buff  cache   si   so    bi    bo   in   cs us sy id wa st
2026-07-23 05:53:04  0  0      0 132640      0 344264    0    0   235  6538  783  659  3  2 89  0  5
2026-07-23 05:53:09  0  0      0 132636      0 344332    0    0     0  6613  619  604  3  1 96  1  0
2026-07-23 05:53:14  0  0      0 132564      0 344400    0    0     0  6546  618  546  3  1 96  1  0
2026-07-23 05:53:19  0  0      0 132500      0 344464    0    0     0  6538  623  574  3  1 96  1  0
2026-07-23 05:53:24  0  1      0 132460      0 344524    0    0     0  7265  588  528  3  1 95  1  0
2026-07-23 05:53:29  0  0      0 132404      0 344584    0    0     0  5085  557  506  2  1 96  0  0
2026-07-23 05:53:34  0  0      0 132352      0 344664    0    0     0  6546  577  484  3  1 96  1  0
2026-07-23 05:53:39  0  0      0 132228      0 344756    0    0     0  6601  610  489  3  1 95  1  0
2026-07-23 05:53:44  0  0      0 133152      0 344840    0    0     0  7360  631  539  3  1 96  1  0
2026-07-23 05:53:49  0  0      0 132120      0 344904    0    0     0  6554  585  499  3  1 96  1  0
2026-07-23 05:53:54  1  0      0 132248      0 344976    0    0     0  6546  625  558  3  1 96  0  0
2026-07-23 05:53:59  0  0      0 135016      0 344776    0    0     0  6545  602  535  3  1 96  1  0
2026-07-23 05:54:04  0  0      0 132108      0 344848    0    0     0  5818  712  583  3  2 87  0  8
2026-07-23 05:54:09  1  0      0 133216      0 344508    0    0     0  6556  596  528  3  1 96  1  0
2026-07-23 05:54:14  0  0      0 122372      0 344572    0    0     0  5890  588  521  3  1 96  1  0
2026-07-23 05:54:19  0  0      0 118192      0 344668    0    0     0  6566  615  545  3  1 96  1  0
2026-07-23 05:54:24  0  0      0 110788      0 344756    0    0     0  6558  624  561  3  1 96  1  0
2026-07-23 05:54:29  0  0      0 108548      0 344824    0    0     0  5829  575  505  3  1 96  1  0
2026-07-23 05:54:34  0  0      0 107896      0 344884    0    0     0  6554  609  547  3  1 96  1  0
2026-07-23 05:54:39  0  0      0 107856      0 344956    0    0     0  6559  658  616  3  1 96  0  0
2026-07-23 05:54:44  0  0      0 112504      0 339356    0    0     0  6625  702  616  3  1 95  1  0
2026-07-23 05:54:49 procs -----------memory---------- ---swap-- -----io---- -system-- ------cpu-----
2026-07-23 05:54:49  r  b   swpd   free   buff  cache   si   so    bi    bo   in   cs us sy id wa st
2026-07-23 05:54:49  0  0      0 105416      0 339440    0    0     0  7285  679  639  3  1 95  1  0
2026-07-23 05:54:54  0  1      0 119756      0 309908    0    0    54  6577  637  575  3  1 95  1  0
2026-07-23 05:54:59  0  0      0 109288      0 319064    0    0   983  5138  605  584  3  1 96  1  0
2026-07-23 05:55:04  0  0      0 109100      0 320080    0    0   966  6566  743  643  3  2 90  1  5
2026-07-23 05:55:09  0  0      0 108896      0 320144    0    0     0  6563  583  541  3  1 96  1  0
2026-07-23 05:55:14  0  0      0 112680      0 319188    0    0     0  6559  610  562  3  1 96  1  0
2026-07-23 05:55:19  1  0      0 118180      0 319256    0    0     0  6559  579  532  3  1 96  1  0
2026-07-23 05:55:24  0  0      0 113868      0 319064    0    0     0  6559  585  507  3  1 96  0  0
2026-07-23 05:55:29  0  0      0 112504      0 319136    0    0     0  7368  694  645  3  1 95  1  0
2026-07-23 05:55:34  0  0      0 109488      0 319204    0    0     0  6562  644  603  3  1 96  1  0
2026-07-23 05:55:39  2  0      0 104868      0 319256    0    0     0  6578  629  560  3  1 96  1  0
2026-07-23 05:55:44  0  0      0 104900      0 319336    0    0     0  5110  548  513  2  1 97  0  0
2026-07-23 05:55:49  0  0      0 113872      0 308524    0    0    83  6588  609  492  3  1 95  1  0
2026-07-23 05:55:54  0  0      0 106940      0 303836    0    0  1554  7367  648  549  3  1 95  1  0
2026-07-23 05:55:59  0  0      0 105852      0 290632    0    0  1125  6588  677  595  3  1 95  0  0
2026-07-23 05:56:04  0  0      0 107824      0 270536    0    0  8269  5849  781  651  3  2 87  2  6
2026-07-23 05:56:09  0  0      0 117496      0 261660    0    0  1219  7392  676  590  3  1 95  1  0
2026-07-23 05:56:14  0  0      0 104452      0 266744    0    0  1423  6604  775  866  3  1 94  2  0
2026-07-23 05:56:19  0  0      0 104324      0 264104    0    0  1809  6578  710  673  3  1 94  1  0
2026-07-23 05:56:24  1  0      0 105040      0 242560    0    0  1718  6617  765  799  3  1 94  2  0
2026-07-23 05:56:29  0  0      0 105344      0 226752    0    0 37005  5148 1001  750  2  2 92  3  0
2026-07-23 05:56:34 procs -----------memory---------- ---swap-- -----io---- -system-- ------cpu-----
2026-07-23 05:56:34  r  b   swpd   free   buff  cache   si   so    bi    bo   in   cs us sy id wa st
2026-07-23 05:56:34  0  5      0  94280      0 228260    0    0 143473  5166 2366 1578  3  7 31 59  0
2026-07-23 05:56:39  3  9      0  86756      0 229932    0    0 133261  3715 2256 1712  2  9 17 72  0
2026-07-23 05:56:45  0  5      0  86480      0 226904    0    0 156481  2216 2756 1924  1 15  6 78  0
2026-07-23 05:56:52  4 11      0  86868      0 229960    0    0 170640   752 2840 1983  1 16  4 80  0
2026-07-23 05:57:00  2 19      0  87204      0 223384    0    0 192982   748 2257 1668  1 15  2 81  0
2026-07-23 05:57:05  4 17      0  89264      0 220388    0    0 148274   746 3693 2467  1 22  4 68  5
2026-07-23 05:57:12  0 14      0  86572      0 227044    0    0 159643   770 2511 1701  1 22  4 73  0
2026-07-23 05:57:18  0  6      0  86884      0 226852    0    0 150366   744 2476 1723  1 19  4 76  0
2026-07-23 05:57:23  0 13      0  88764      0 223392    0    0 138646    15 2488 1819  1 19  3 77  0
2026-07-23 05:57:28  1 13      0  86708      0 226160    0    0 133600   749 2283 1632  1 18  3 78  0
2026-07-23 05:57:33  3  2      0  86880      0 225812    0    0 129410    11 2269 1530  1 25  1 73  0
2026-07-23 05:57:39  0  9      0  87704      0 222440    0    0 134358   750 2198 1489  1 17  5 77  0
2026-07-23 05:57:45  0  6      0  87236      0 226364    0    0 165432    36 2656 1780  1 20  3 76  0
2026-07-23 05:57:55  5  4      0  88276      0 224104    0    0 244044   805 4278 3057  1 24  1 73  0
2026-07-23 05:58:03  2 13      0  85604      0 225348    0    0 188034   755 2915 2090  1 21  3 74  1
2026-07-23 05:58:08  1  5      0  85668      0 226120    0    0 150809   739 2963 1943  0 24  2 67  7
2026-07-23 05:58:16  0  6      0  85096      0 227568    0    0 187986    50 3130 2159  1 18  6 75  0
2026-07-23 05:58:21  0 15      0  84972      0 223824    0    0 140248   747 2556 1998  1 16  4 79  0
2026-07-23 05:58:26  0  4      0  85652      0 224616    0    0 130525   746 2466 1932  1 19  5 75  0
2026-07-23 05:58:31  1  0      0 3266608      0 280984    0    0 107574   738 2362 1749  2 28 16 54  0
2026-07-23 05:58:36  0  0      0 3203636      0 301180    0    0   206  4387  466  469  1  1 97  0  0
2026-07-23 05:58:41 procs -----------memory---------- ---swap-- -----io---- -system-- ------cpu-----
2026-07-23 05:58:41  r  b   swpd   free   buff  cache   si   so    bi    bo   in   cs us sy id wa st
2026-07-23 05:58:41  0  0      0 3137456      0 325684    0    0   552  4409  501  484  2  1 97  1  0
2026-07-23 05:58:46  0  0      0 3132284      0 332952    0    0     0  5113  538  486  3  1 96  0  0
2026-07-23 05:58:51  0  0      0 3100380      0 332992    0    0     0  3652  474  459  2  1 97  0  0
2026-07-23 05:58:56  0  0      0 3076860      0 333268    0    0    41  5113  555  507  3  1 96  1  0
2026-07-23 05:59:01  0  0      0 3090356      0 333324    0    0     0  3653  523  491  2  1 97  0  0
2026-07-23 05:59:06  0  0      0 3060524      0 334416    0    0   218  4487  612  586  2  1 94  0  1
2026-07-23 05:59:11  0  0      0 3065760      0 334492    0    0     0  3710  483  440  2  1 97  0  0
2026-07-23 05:59:16  0  0      0 3062128      0 334548    0    0     0  4390  556  545  2  1 97  0  0
2026-07-23 05:59:21  0  0      0 3060072      0 334588    0    0     0  4392  592  568  2  1 97  0  0
2026-07-23 05:59:26  0  0      0 3036272      0 334668    0    0     0  4389  564  562  2  1 97  0  0
2026-07-23 05:59:31  0  0      0 3034900      0 335592    0    0   178  4387  570  540  2  1 97  0  0
2026-07-23 05:59:36  0  0      0 3025672      0 335644    0    0     0  5186  560  533  2  1 97  0  0
2026-07-23 05:59:41  0  0      0 2991420      0 343908    0    0     2  7332  669  592  3  1 95  1  0
2026-07-23 05:59:46  0  0      0 2965100      0 343952    0    0     0  5850  617  574  3  1 96  1  0
2026-07-23 05:59:51  0  0      0 2921828      0 344016    0    0     0  5850  624  579  2  1 96  1  0
2026-07-23 05:59:56  0  0      0 2893612      0 344080    0    0     0  5850  604  570  3  1 96  0  0
2026-07-23 06:00:01  0  0      0 2879404      0 344136    0    0     0  6593  669  644  3  1 95  1  1
2026-07-23 06:00:06  0  0      0 2853408      0 344476    0    0    47  6674  802  673  3  3 83  1 10
2026-07-23 06:00:11  0  0      0 2844848      0 344520    0    0     0  5866  598  582  2  1 96  0  0
2026-07-23 06:00:16  0  0      0 2814132      0 344588    0    0     0  6590  629  563  3  1 96  1  0
2026-07-23 06:00:21  0  0      0 2777380      0 344652    0    0     0  5856  586  533  2  1 96  0  0
2026-07-23 06:00:26 procs -----------memory---------- ---swap-- -----io---- -system-- ------cpu-----
2026-07-23 06:00:26  r  b   swpd   free   buff  cache   si   so    bi    bo   in   cs us sy id wa st
2026-07-23 06:00:26  0  0      0 2733344      0 344704    0    0     0  6588  640  596  3  1 96  1  0
2026-07-23 06:00:31  0  0      0 2702592      0 344772    0    0     0  5856  625  607  3  1 96  1  0
2026-07-23 06:00:36  0  0      0 2677408      0 344820    0    0     0  5939  614  581  3  1 96  1  0
2026-07-23 06:00:41  0  0      0 2652216      0 344888    0    0     0  6598  570  498  3  1 96  1  0
2026-07-23 06:00:46  0  0      0 2638732      0 344948    0    0     0  6610  655  609  3  1 96  1  0
2026-07-23 06:00:51  0  0      0 2604180      0 345036    0    0     0  6606  629  546  3  1 96  1  0
2026-07-23 06:00:56  0  0      0 2584040      0 345100    0    0     0  5856  572  509  3  1 96  0  0
2026-07-23 06:01:01  0  0      0 2559892      0 345176    0    0     0  5862  614  514  3  1 94  0  1
2026-07-23 06:01:06  0  0      0 2528484      0 345372    0    0    48  5938  672  584  3  2 88  1  6
2026-07-23 06:01:11  0  0      0 2499988      0 345432    0    0     0  7341  683  623  3  1 95  1  0
2026-07-23 06:01:16  0  0      0 2486688      0 345492    0    0     0  5861  595  507  3  1 96  1  0
2026-07-23 06:01:21  0  0      0 2467984      0 345556    0    0     0  5864  628  578  3  1 96  1  0
2026-07-23 06:01:26  0  0      0 2440624      0 345608    0    0     0  5860  579  515  3  1 96  0  0
2026-07-23 06:01:31  0  0      0 2401168      0 345680    0    0     0  6609  644  583  3  1 96  1  0
2026-07-23 06:01:36  0  0      0 2372840      0 345732    0    0     2  7437  691  627  3  1 95  1  0
2026-07-23 06:01:41  0  0      0 2348768      0 345840    0    0     0  5871  612  559  3  1 96  0  0
2026-07-23 06:01:46  0  0      0 2326572      0 345888    0    0     0  5862  587  507  3  1 96  0  0
2026-07-23 06:01:51  0  0      0 2302468      0 352652    0    0     0  5862  605  559  2  1 96  1  0
2026-07-23 06:01:56  0  0      0 2285892      0 352708    0    0     0  6595  652  601  3  1 96  1  0
2026-07-23 06:02:01  0  0      0 2269944      0 352768    0    0     0  5862  622  561  3  1 96  0  0
2026-07-23 06:02:06  0  0      0 2248744      0 352820    0    0     0  5862  701  666  3  1 93  0  3
2026-07-23 06:02:11 procs -----------memory---------- ---swap-- -----io---- -system-- ------cpu-----
2026-07-23 06:02:11  r  b   swpd   free   buff  cache   si   so    bi    bo   in   cs us sy id wa st
2026-07-23 06:02:11  0  0      0 2230364      0 352884    0    0     0  5944  563  492  3  1 96  0  0
2026-07-23 06:02:16  0  0      0 2211996      0 352964    0    0     0  6613  659  606  3  1 96  1  0
2026-07-23 06:02:21  0  0      0 2197552      0 353032    0    0     0  6630  656  591  3  1 96  1  0
2026-07-23 06:02:26  0  0      0 2178324      0 353100    0    0     0  6614  640  593  3  1 96  0  0
2026-07-23 06:02:31  0  0      0 2164480      0 353168    0    0     0  5869  607  550  3  1 96  1  0
2026-07-23 06:02:36  0  0      0 2133976      0 353228    0    0     0  5874  568  473  3  1 96  0  0
2026-07-23 06:02:41  0  0      0 2113776      0 353296    0    0     0  7421  663  579  3  1 95  1  0
2026-07-23 06:02:46  0  0      0 2101556      0 353352    0    0     0  5869  611  557  2  1 96  0  0
2026-07-23 06:02:51  0  0      0 2087412      0 353420    0    0     0  5869  629  582  3  1 96  1  0
2026-07-23 06:02:56  0  0      0 2065872      0 353468    0    0     0  5874  570  522  3  1 96  1  0
2026-07-23 06:03:01  0  0      0 2051740      0 353576    0    0     0  6623  645  567  3  1 95  0  0
2026-07-23 06:03:06  0  0      0 2027172      0 353632    0    0     0  6631  707  628  3  2 92  1  3
2026-07-23 06:03:11  0  0      0 1990572      0 353696    0    0     0  7438  673  619  3  1 95  1  0
2026-07-23 06:03:16  0  0      0 1951796      0 353756    0    0     0  5877  595  526  3  1 96  1  0
2026-07-23 06:03:21  0  0      0 1912676      0 353816    0    0     0  5875  584  513  3  1 96  0  0
2026-07-23 06:03:26  0  0      0 1870288      0 353880    0    0     0  7344  667  592  3  1 95  1  0
2026-07-23 06:03:31  0  0      0 1870388      0 339032    0    0     0  5875  588  529  3  1 96  0  0
2026-07-23 06:03:36  0  0      0 1855400      0 339104    0    0     0  5882  599  537  3  1 96  1  0
2026-07-23 06:03:41  0  0      0 1842012      0 339160    0    0     0  5962  558  486  3  1 96  1  0
2026-07-23 06:03:46  0  0      0 1810368      0 339272    0    0     0  7376  674  611  3  1 95  1  0
2026-07-23 06:03:51  0  1      0 1731920      0 369316    0    0  6334  6625  960  971  5  2 90  3  0
2026-07-23 06:03:56 procs -----------memory---------- ---swap-- -----io---- -system-- ------cpu-----
2026-07-23 06:03:56  r  b   swpd   free   buff  cache   si   so    bi    bo   in   cs us sy id wa st
2026-07-23 06:03:56  0  0      0 1732084      0 378364    0    0  1864  5882  901  873  6  2 90  2  0
2026-07-23 06:04:01  0  0      0 1719068      0 378412    0    0     0  5882  607  550  3  1 96  0  0
2026-07-23 06:04:06  0  0      0 1700080      0 378472    0    0     0  5882  671  650  3  2 92  0  3
2026-07-23 06:04:11  0  0      0 1654624      0 378540    0    0     0  6691  654  592  3  1 95  0  0
2026-07-23 06:04:16  0  0      0 1642440      0 378600    0    0     0  5887  607  554  3  1 96  1  0
2026-07-23 06:04:21  0  0      0 1619476      0 378660    0    0     0  5882  622  581  3  1 96  1  0
2026-07-23 06:04:26  0  0      0 1599068      0 378712    0    0     0  5934  554  486  3  1 96  1  0
2026-07-23 06:04:31  0  0      0 1560616      0 378780    0    0     0  7374  672  595  3  1 95  1  0
2026-07-23 06:04:36  0  0      0 1536660      0 378880    0    0     0  6631  621  558  3  1 96  1  0
2026-07-23 06:04:41  0  0      0 1519540      0 378944    0    0     0  5956  595  518  2  1 96  1  0
2026-07-23 06:04:46  0  0      0 1489548      0 378992    0    0     0  5953  605  537  3  1 96  1  0
2026-07-23 06:04:51  0  0      0 1479876      0 379052    0    0     0  5888  602  556  3  1 96  1  0
2026-07-23 06:04:56  0  0      0 1448456      0 379116    0    0     0  7360  674  617  3  1 95  1  0
2026-07-23 06:05:01  0  0      0 1419364      0 379176    0    0     0  5888  622  571  3  1 96  0  0
2026-07-23 06:05:06  0  0      0 1392028      0 379240    0    0     0  5892  679  602  3  2 91  0  4
2026-07-23 06:05:11  2  0      0 1366564      0 379312    0    0     0  6705  583  531  3  1 96  1  0
2026-07-23 06:05:16  0  0      0 1342224      0 379376    0    0     0  6668  640  589  3  1 96  1  0
2026-07-23 06:05:21  0  0      0 1310272      0 379456    0    0     0  6639  647  589  3  1 96  1  0
2026-07-23 06:05:26  0  0      0 1277780      0 379520    0    0     0  5894  601  558  2  1 96  0  0
2026-07-23 06:05:31  0  0      0 1243780      0 387680    0    0     0  5894  568  478  3  1 96  1  0
2026-07-23 06:05:36  0  0      0 1231456      0 387840    0    0     0  5894  579  525  2  1 96  0  0
2026-07-23 06:05:41 procs -----------memory---------- ---swap-- -----io---- -system-- ------cpu-----
2026-07-23 06:05:41  r  b   swpd   free   buff  cache   si   so    bi    bo   in   cs us sy id wa st
2026-07-23 06:05:41  0  0      0 1197644      0 387908    0    0     0  7372  654  580  3  1 95  1  0
2026-07-23 06:05:46  0  0      0 1180964      0 387956    0    0     0  5901  627  574  3  1 96  0  0
2026-07-23 06:05:51  0  0      0 1152436      0 388036    0    0     0  6709  632  556  3  1 95  1  0
2026-07-23 06:05:56  1  0      0 1138128      0 388084    0    0     0  5920  586  512  3  1 96  1  0
2026-07-23 06:06:01  0  0      0 1112024      0 388180    0    0     0  6649  663  596  3  1 94  0  2
2026-07-23 06:06:06  0  0      0 1070508      0 388236    0    0     0  6653  699  610  3  2 89  0  6
2026-07-23 06:06:11  0  0      0 1042260      0 388312    0    0     0  5914  597  545  3  1 96  1  0
2026-07-23 06:06:16  0  0      0 998400      0 388364    0    0     0  6655  618  563  3  1 96  1  0
2026-07-23 06:06:21  1  0      0 984852      0 388436    0    0     0  7463  654  602  3  1 96  1  0
2026-07-23 06:06:26  0  0      0 952644      0 388492    0    0     0  6661  646  579  3  1 95  1  0
2026-07-23 06:06:31  0  0      0 919596      0 388548    0    0     0  6653  640  608  3  1 96  1  0
2026-07-23 06:06:36  0  0      0 897308      0 388608    0    0     0  5921  584  483  3  1 96  1  0
2026-07-23 06:06:41  0  0      0 868008      0 388672    0    0     0  5934  574  510  2  1 96  1  0
2026-07-23 06:06:46  0  0      0 833940      0 388732    0    0     0  7442  682  619  3  1 95  1  0
2026-07-23 06:06:51  0  0      0 804488      0 388796    0    0     0  6743  650  594  3  1 96  1  0
2026-07-23 06:06:56  0  0      0 779724      0 388848    0    0     0  6666  640  570  3  1 96  1  0
2026-07-23 06:07:01  0  0      0 771364      0 388912    0    0     0  5930  597  544  2  1 96  0  0
2026-07-23 06:07:06  0  0      0 748504      0 388972    0    0     0  5920  670  613  3  2 92  0  3
2026-07-23 06:07:11  0  0      0 698900      0 389044    0    0     0  8140  681  606  3  1 95  1  0
2026-07-23 06:07:16  0  0      0 679428      0 389108    0    0     0  6664  635  578  3  1 96  1  0
2026-07-23 06:07:21  0  0      0 656500      0 389176    0    0     0  6674  633  616  3  1 96  1  0
2026-07-23 06:07:26 procs -----------memory---------- ---swap-- -----io---- -system-- ------cpu-----
2026-07-23 06:07:26  r  b   swpd   free   buff  cache   si   so    bi    bo   in   cs us sy id wa st
2026-07-23 06:07:26  0  0      0 632324      0 389224    0    0     0  6028  586  528  3  1 96  1  0
2026-07-23 06:07:31  0  0      0 621616      0 389280    0    0     0  6694  640  582  3  1 96  1  0
2026-07-23 06:07:36  1  0      0 592964      0 389352    0    0     0  6671  652  594  3  1 95  1  0
2026-07-23 06:07:41  0  0      0 555712      0 396120    0    0     0  5926  600  555  3  1 96  0  0
2026-07-23 06:07:46  0  0      0 538392      0 396176    0    0     0  6673  646  604  3  1 96  1  0
2026-07-23 06:07:51  0  0      0 528316      0 396236    0    0     0  5926  567  490  3  1 96  0  0
2026-07-23 06:07:56  0  0      0 491416      0 396304    0    0     0  7476  667  608  3  1 95  1  0
2026-07-23 06:08:01  0  0      0 474472      0 396364    0    0     0  6680  671  610  3  1 96  1  0
2026-07-23 06:08:06  0  0      0 451428      0 396420    0    0     0  5946  674  607  3  2 92  0  3
2026-07-23 06:08:11  1  0      0 421732      0 396484    0    0     0  6701  635  568  3  1 96  1  0
2026-07-23 06:08:16  0  0      0 382912      0 396552    0    0     0  8907  709  611  3  1 95  1  0
2026-07-23 06:08:21  0  0      0 344960      0 396616    0    0     0  6674  632  570  3  1 96  1  0
2026-07-23 06:08:26  0  0      0 308124      0 396680    0    0     0  6743  626  556  3  1 96  1  0
2026-07-23 06:08:31  0  0      0 299648      0 396736    0    0     0  5938  598  543  3  1 96  1  0
2026-07-23 06:08:36  0  0      0 284140      0 396800    0    0     0  5947  596  553  3  1 96  1  0
2026-07-23 06:08:41  0  0      0 254752      0 396860    0    0     0  7421  664  589  3  1 95  1  0
2026-07-23 06:08:46  0  0      0 220520      0 396920    0    0     0  5959  615  555  3  1 96  1  0
2026-07-23 06:08:51  0  0      0 209404      0 396996    0    0     0  5971  623  576  3  1 96  1  0
2026-07-23 06:08:56  4  0      0 187968      0 397052    0    0     0  5940  595  531  3  1 96  1  0
2026-07-23 06:09:01  0  0      0 167404      0 397144    0    0     5  7506  753  672  4  1 94  1  1
2026-07-23 06:09:06  0  0      0 126960      0 397192    0    0     0  6690  685  608  3  2 93  0  2
2026-07-23 06:09:11 procs -----------memory---------- ---swap-- -----io---- -system-- ------cpu-----
2026-07-23 06:09:11  r  b   swpd   free   buff  cache   si   so    bi    bo   in   cs us sy id wa st
2026-07-23 06:09:11  0  0      0 119044      0 374572    0    0     0  5939  592  551  3  1 96  1  0
2026-07-23 06:09:16  0  0      0 113308      0 359556    0    0     0  7428  653  573  3  1 95  1  0
2026-07-23 06:09:21  0  0      0 109584      0 325840    0    0    93  6079  640  611  3  1 96  1  0
2026-07-23 06:09:26  0  0      0 107816      0 309168    0    0  3557  7432  715  642  3  2 95  1  0
2026-07-23 06:09:31  0  0      0 106312      0 283992    0    0   798  5968  653  585  3  1 96  1  0
2026-07-23 06:09:36  0  0      0  98084      0 282556    0    0  1582  5958  655  640  3  1 96  1  0
2026-07-23 06:09:41  1  0      0  97816      0 264192    0    0  2718  6003  723  623  3  1 96  1  0
2026-07-23 06:09:46  0  0      0  99500      0 238548    0    0  2785  6731  725  690  3  1 94  1  0
2026-07-23 06:09:51  0 13      0  93540      0 228288    0    0 100556  4523 1871 1250  2  5 55 38  0
2026-07-23 06:09:56  0  0      0  95888      0 224540    0    0 126550  2256 2123 1542  2  7  9 82  0
2026-07-23 06:10:01  0  3      0  94260      0 226676    0    0 129665  2256 2169 1578  2  7  6 80  5
2026-07-23 06:10:09  4  7      0  87272      0 227524    0    0 179791   761 2151 1431  1 14  4 76  6
2026-07-23 06:10:14  4  8      0  87720      0 228780    0    0 141370   754 2915 2052  1 17  2 81  0
2026-07-23 06:10:19  2  4      0  90324      0 225944    0    0 133196   790 2323 1706  1 14  4 82  0
2026-07-23 06:10:25  2  5      0  87056      0 230408    0    0 155858  1525 2626 1866  1 14  4 81  0
2026-07-23 06:10:31  3  6      0  88456      0 227404    0    0 156947   761 2318 1643  1 12  5 82  0
2026-07-23 06:10:37  2 15      0  86632      0 228948    0    0 143072   758 2436 1709  1 14  4 82  0
2026-07-23 06:10:42  2 13      0  90372      0 226416    0    0 130931   758 2207 1572  1 15  2 82  0
2026-07-23 06:10:47  1 12      0  89688      0 227800    0    0 137928   770 2074 1409  1 13  4 82  0
2026-07-23 06:10:53  2  3      0  93660      0 222704    0    0 130961   769 2270 1656  1 13  2 83  0
2026-07-23 06:10:58  2  5      0  86236      0 224596    0    0 130623   772 2215 1597  1 14  5 80  0
2026-07-23 06:11:04 procs -----------memory---------- ---swap-- -----io---- -system-- ------cpu-----
2026-07-23 06:11:06  r  b   swpd   free   buff  cache   si   so    bi    bo   in   cs us sy id wa st
2026-07-23 06:11:06  0 14      0  88048      0 224376    0    0 159993    10 2843 1954  0 23  4 62 10
2026-07-23 06:11:10  5 11      0  86488      0 225788    0    0 165165    14 3097 2172  0 33  1 66  0
2026-07-23 06:11:18  0 14      0  93168      0 217860    0    0 177818    17 2907 1832  0 27  2 71  0
2026-07-23 06:11:33  1 10      0  87548      0 224824    0    0 403772     9 4668 2741  0 34  0 65  0
2026-07-23 06:11:41  0 16      0  90272      0 221544    0    0 188400   754 4660 3167  0 21  2 76  0
2026-07-23 06:11:48  0 15      0  87008      0 225312    0    0 178726    29 3201 2188  0 26  2 72  0
2026-07-23 06:12:15  0  9      0  87392      0 223672    0    0 529746    12 4109 2280  0 28  2 69  0
2026-07-23 06:12:38  0 14      0  91624      0 220680    0    0 741207    20 13693 7893  0 32  1 65  3
2026-07-23 06:12:50  0 16      0  85564      0 226748    0    0 329745    17 6200 4036  0 27  1 72  0
2026-07-23 06:12:56  1 13      0  85504      0 225504    0    0 153423     5 4280 3036  0 22  2 76  0
2026-07-23 06:13:40  0 18      0  88760      0 223056    0    0 1027553    21 15344 8836  0 46  1 51  3
2026-07-23 06:14:07  3 16      0  85592      0 226332    0    0 708302    45 12626 7629  0 38  1 61  0
2026-07-23 06:14:18  1 13      0  85772      0 226036    0    0 366167    17 8773 5573  0 29  1 66  4
2026-07-23 06:14:25  1  5      0  84628      0 226988    0    0 182358    11 3531 2338  0 23  1 77  0
2026-07-23 06:14:31  0 10      0  85008      0 227596    0    0 160868    66 3421 3062  1 17  5 78  0
2026-07-23 06:14:40  2  7      0  85380      0 227392    0    0 207686    11 2622 1800  0 18  2 79  0
2026-07-23 06:14:46  0 14      0  85016      0 224704    0    0 158902   807 3245 2551  1 17  3 80  0
2026-07-23 06:15:36  7 10      0  86384      0 222916    0    0 829941    51 5173 3189  0 43  1 57  0
2026-07-23 06:15:45  1  6      0  85568      0 223288    0    0 703218    17 24348 14448  0 47  1 50  2
2026-07-23 06:15:50  0  0      0 3147452      0 306040    0    0 12258  5953  836  857  3  2 89  5  0
2026-07-23 06:15:55  0  0      0 3083652      0 330604    0    0   474  6715  661  567  3  1 95  1  0
2026-07-23 06:16:00 procs -----------memory---------- ---swap-- -----io---- -system-- ------cpu-----
2026-07-23 06:16:00  r  b   swpd   free   buff  cache   si   so    bi    bo   in   cs us sy id wa st
2026-07-23 06:16:00  0  0      0 3059112      0 330664    0    0     0  5963  635  555  3  1 95  0  0
2026-07-23 06:16:05  1  0      0 3026736      0 331756    0    0   210  6700  675  606  3  2 93  1  2
2026-07-23 06:16:10  0  0      0 2983920      0 331824    0    0     0  5953  571  491  2  1 96  1  0
2026-07-23 06:16:15  0  0      0 2952628      0 331892    0    0     0  6696  645  573  3  1 96  0  0
2026-07-23 06:16:20  0  0      0 2930128      0 331952    0    0     4  7586  650  573  3  1 96  1  0
2026-07-23 06:16:25  0  0      0 2894560      0 332004    0    0     0  8184  670  589  3  1 95  1  0
2026-07-23 06:16:30  0  0      0 2850664      0 340268    0    0     0  6696  623  580  3  1 96  1  0
2026-07-23 06:16:35  0  0      0 2804112      0 340340    0    0     0  8932  720  656  4  1 95  1  0
2026-07-23 06:16:40  0  0      0 2775516      0 340400    0    0     0  6726  647  612  3  1 96  0  0
2026-07-23 06:16:45  0  0      0 2746764      0 340500    0    0     0  5964  630  577  3  1 96  1  0
2026-07-23 06:16:50  1  0      0 2733720      0 340552    0    0     0  6778  625  532  3  1 95  1  0
2026-07-23 06:16:55  0  0      0 2704144      0 341496    0    0   174  7462  594  531  3  1 95  1  0
2026-07-23 06:17:00  0  0      0 2662184      0 341560    0    0     0  8193  684  608  3  1 94  1  1
2026-07-23 06:17:05  0  0      0 2620416      0 341632    0    0     0  7448  733  671  3  2 91  1  3
2026-07-23 06:17:10  0  0      0 2561284      0 341680    0    0     0  6704  601  511  3  1 96  1  0
2026-07-23 06:17:15  0  0      0 2540640      0 341744    0    0     0  5214  574  538  2  1 96  1  0
2026-07-23 06:17:20  0  0      0 2514912      0 341852    0    0     0  9041  736  665  4  1 94  1  0
2026-07-23 06:17:25  1  0      0 2455980      0 341924    0    0     0  8972  708  607  4  1 95  1  0
2026-07-23 06:17:30  0  0      0 2419696      0 341976    0    0     0  8202  653  590  3  1 95  1  0
2026-07-23 06:17:35  2  0      0 2380220      0 342044    0    0     2  8206  685  600  3  1 95  1  0
2026-07-23 06:17:40  0  0      0 2359920      0 342116    0    0     0  7456  632  578  3  1 95  1  0
2026-07-23 06:17:45 procs -----------memory---------- ---swap-- -----io---- -system-- ------cpu-----
2026-07-23 06:17:45  r  b   swpd   free   buff  cache   si   so    bi    bo   in   cs us sy id wa st
2026-07-23 06:17:45  0  0      0 2301940      0 342188    0    0     0  8948  675  563  4  1 95  1  0
2026-07-23 06:17:50  0  0      0 2277264      0 342248    0    0     0  6717  690  627  3  1 96  1  0
2026-07-23 06:17:55  0  0      0 2255600      0 342348    0    0     0  7551  642  608  3  1 95  1  0
2026-07-23 06:18:00  0  0      0 2237740      0 342396    0    0     0  5248  540  527  2  1 95  0  1
2026-07-23 06:18:05  0  0      0 2211048      0 342476    0    0     3  7473  746  645  3  2 88  1  6
2026-07-23 06:18:10  0  0      0 2169272      0 342548    0    0     0  8957  726  664  3  1 95  1  0
2026-07-23 06:18:15  0  0      0 2139436      0 342608    0    0     0  6718  611  525  3  1 96  0  0
2026-07-23 06:18:20  1  0      0 2088696      0 342668    0    0     0  7467  657  602  3  1 95  1  0
2026-07-23 06:18:25  0  0      0 2056468      0 342728    0    0     0  6042  606  566  3  1 96  1  0
2026-07-23 06:18:30  0  0      0 1995436      0 349496    0    0     0  8213  702  641  3  1 95  1  0
2026-07-23 06:18:35  0  0      0 1952588      0 349588    0    0     2  7493  653  603  3  1 95  1  0
2026-07-23 06:18:40  0  0      0 1927920      0 349644    0    0     0  7496  653  598  3  1 95  1  0
2026-07-23 06:18:45  0  0      0 1897456      0 349712    0    0     0  5977  521  450  2  1 96  0  0
2026-07-23 06:18:50  0  0      0 1844632      0 349784    0    0     0  8224  714  656  3  1 95  1  0
2026-07-23 06:18:55  0  0      0 1798616      0 349852    0    0     0  9036  676  617  3  1 95  1  0
2026-07-23 06:19:00  0  0      0 1754664      0 349916    0    0     0  7472  668  596  3  1 95  1  0
2026-07-23 06:19:05  0  1      0 1718120      0 349976    0    0     0  8980  759  653  4  2 90  1  4
2026-07-23 06:19:10  0  0      0 1678520      0 350072    0    0     0  8238  693  614  3  1 95  1  0
2026-07-23 06:19:15  0  0      0 1629112      0 350164    0    0     0 10502  771  695  4  1 94  1  0
2026-07-23 06:19:20  0  0      0 1578076      0 350232    0    0     0 10502  759  644  4  1 94  1  0
2026-07-23 06:19:25  0  0      0 1543124      0 350296    0    0     0  9745  703  616  4  1 94  1  0
2026-07-23 06:19:30 procs -----------memory---------- ---swap-- -----io---- -system-- ------cpu-----
2026-07-23 06:19:30  r  b   swpd   free   buff  cache   si   so    bi    bo   in   cs us sy id wa st
2026-07-23 06:19:30  0  0      0 1496816      0 350380    0    0     0  9834  719  648  4  1 94  1  0
2026-07-23 06:19:35  0  0      0 1449432      0 350460    0    0     0 10499  744  630  4  1 94  1  0
2026-07-23 06:19:40  0  0      0 1396648      0 350576    0    0     0 10545  779  673  4  1 94  1  0
2026-07-23 06:19:45  0  0      0 1349308      0 350628    0    0     0  8254  690  615  3  1 95  1  0
2026-07-23 06:19:50  0  0      0 1307348      0 350696    0    0     0  9008  707  637  3  1 95  1  0
2026-07-23 06:19:55  0  0      0 1291432      0 326168    0    0     0  8253  666  577  3  1 95  1  0
2026-07-23 06:20:00  0  0      0 1241780      0 326252    0    0     0 11254  802  710  4  1 93  1  1
2026-07-23 06:20:05  0  0      0 1196824      0 326500    0    0    38  9846  849  709  4  3 80  1 12
2026-07-23 06:20:10  0  0      0 1127108      0 326588    0    0     0 10542  724  646  4  1 94  1  0
2026-07-23 06:20:15  0  0      0 1084148      0 326680    0    0     0  8280  661  591  3  1 95  1  0
2026-07-23 06:20:20  0  0      0 1022288      0 326760    0    0     0  9777  747  668  4  1 94  1  0
2026-07-23 06:20:25  0  0      0 951832      0 326828    0    0     0 11281  803  711  5  1 93  1  0
2026-07-23 06:20:30  0  0      0 883836      0 326884    0    0     0  8272  699  632  3  1 95  1  0
2026-07-23 06:20:35  1  0      0 841504      0 326960    0    0     0  8279  695  635  4  1 95  1  0
2026-07-23 06:20:40  0  0      0 773488      0 327072    0    0     0 10652  732  644  4  1 94  1  0
2026-07-23 06:20:45  0  0      0 715788      0 327160    0    0     0 11345  775  681  4  1 94  1  0
2026-07-23 06:20:50 10  0      0 646292      0 327232    0    0    28 11292  857  761  5  2 93  1  0
2026-07-23 06:20:55  0  0      0 581752      0 327292    0    0     0  9769  732  656  4  1 94  1  0
2026-07-23 06:21:00  0  0      0 540768      0 327376    0    0     0  9766  712  632  4  1 94  1  0
2026-07-23 06:21:05  0  0      0 474680      0 327468    0    0     0 10534  812  679  5  2 91  1  2
2026-07-23 06:21:10  0  0      0 375104      0 327584    0    0     0 10626  745  632  4  2 94  1  0
2026-07-23 06:21:15 procs -----------memory---------- ---swap-- -----io---- -system-- ------cpu-----
2026-07-23 06:21:15  r  b   swpd   free   buff  cache   si   so    bi    bo   in   cs us sy id wa st
2026-07-23 06:21:15  0  0      0 316588      0 327660    0    0     0 10528  759  662  4  1 94  1  0
2026-07-23 06:21:20  0  1      0 254872      0 327720    0    0     0 10589  726  652  4  1 94  1  0
2026-07-23 06:21:25  0  0      0 207820      0 327804    0    0     0  9026  694  595  4  1 94  1  0
2026-07-23 06:21:30  0  0      0 144100      0 327876    0    0     0 10534  770  644  4  1 93  1  0
2026-07-23 06:21:35  0  0      0 104824      0 303628    0    0   129  9897  758  670  4  1 94  1  0
2026-07-23 06:21:40  0  0      0  95336      0 269152    0    0  3217  9085  773  622  4  2 94  1  0
2026-07-23 06:22:06  1 15      0  86620      0 224880    0    0 548631  6871 2605 1736  2 17 41 40  0
2026-07-23 06:22:28  0 13      0  84776      0 224064    0    0 611524    48 14341 8345  0 35  1 62  2
2026-07-23 06:22:33  0  0      0 3209612      0 302428    0    0 25047  6779 4183 2521  1 30 36 33  0
2026-07-23 06:22:38  0  0      0 3155000      0 319372    0    0   703  8304  696  614  4  1 95  1  0
2026-07-23 06:22:43  0  0      0 3108048      0 319772    0    0    69  8303  663  559  3  1 95  1  0
2026-07-23 06:22:48  0  0      0 3055004      0 319832    0    0     0  9027  725  627  4  1 95  1  0
2026-07-23 06:22:53  0  0      0 3017452      0 319892    0    0     0  7534  650  566  3  1 95  1  0
2026-07-23 06:22:58  0  0      0 2975352      0 319980    0    0     0  9790  721  625  4  1 94  1  0
2026-07-23 06:23:03  0  0      0 2892004      0 320676    0    0   183 10554  838  742  4  2 91  1  2
2026-07-23 06:23:08  0  0      0 2849012      0 321192    0    0    34  9034  707  618  4  1 94  1  0
2026-07-23 06:23:13  0  0      0 2799436      0 321244    0    0     0  8356  661  565  3  1 95  1  0
2026-07-23 06:23:18  0  0      0 2733776      0 321316    0    0     0  9786  726  614  4  1 94  1  0
2026-07-23 06:23:23  0  0      0 2660340      0 321400    0    0     0  9067  718  613  4  1 94  1  0
2026-07-23 06:23:28  0  0      0 2613812      0 321664    0    0    47  9801  730  640  4  1 94  1  0
2026-07-23 06:23:33  0  0      0 2558200      0 321748    0    0     0 10562  767  656  4  1 94  1  0
2026-07-23 06:23:38 procs -----------memory---------- ---swap-- -----io---- -system-- ------cpu-----
2026-07-23 06:23:38  r  b   swpd   free   buff  cache   si   so    bi    bo   in   cs us sy id wa st
2026-07-23 06:23:38  1  0      0 2525936      0 321828    0    0     2  9048  712  619  4  1 94  1  0
2026-07-23 06:23:43  0  0      0 2479512      0 321904    0    0     0  9877  739  662  4  1 94  1  0
2026-07-23 06:23:48  0  0      0 2430820      0 321976    0    0     0  9797  739  671  4  1 94  1  0
2026-07-23 06:23:53  0  0      0 2377904      0 322048    0    0     0  9083  713  618  4  1 94  1  0
2026-07-23 06:23:58  0  0      0 2318504      0 322116    0    0     0  9057  710  630  4  1 95  1  0
2026-07-23 06:24:03  0  0      0 2277604      0 322184    0    0     0  9062  792  692  4  2 86  1  8
2026-07-23 06:24:08  0  0      0 2230436      0 322232    0    0     0  8298  741  691  3  1 95  1  0
2026-07-23 06:24:13  0  0      0 2190064      0 322312    0    0     0  8374  675  605  3  1 95  1  0
2026-07-23 06:24:18  1  0      0 2129776      0 329080    0    0     0 10563  761  652  4  1 94  1  0
2026-07-23 06:24:23  0  0      0 2095520      0 329148    0    0     0  7559  659  589  3  1 95  1  0
2026-07-23 06:24:28  0  0      0 2045132      0 329216    0    0     0  9065  706  614  4  1 94  1  0
2026-07-23 06:24:33  0  0      0 1992604      0 329280    0    0     0  9066  733  644  4  1 94  1  0
2026-07-23 06:24:38  0  0      0 1938136      0 329352    0    0     0  8301  696  620  3  1 95  1  0
2026-07-23 06:24:43  0  0      0 1902412      0 329416    0    0     0  8374  679  606  3  1 95  1  0
2026-07-23 06:24:48  0  0      0 1863404      0 329488    0    0     0  9054  747  648  4  1 94  1  0
2026-07-23 06:24:53  0  0      0 1830092      0 329556    0    0     0  8304  688  610  4  1 95  1  0
2026-07-23 06:24:58  0  0      0 1788192      0 330500    0    0   174  8332  688  599  3  1 95  1  0
2026-07-23 06:25:03  0  0      0 1717480      0 330564    0    0     0  9097  815  672  4  2 86  1  7
2026-07-23 06:25:08  0  0      0 1681824      0 330648    0    0     0  8311  742  706  3  1 95  1  0
2026-07-23 06:25:13  0  0      0 1643956      0 330716    0    0     0  8386  719  670  3  1 95  1  0
2026-07-23 06:25:18  0  0      0 1595504      0 330788    0    0     0 10573  792  768  4  1 94  1  0
2026-07-23 06:25:23 procs -----------memory---------- ---swap-- -----io---- -system-- ------cpu-----
2026-07-23 06:25:23  r  b   swpd   free   buff  cache   si   so    bi    bo   in   cs us sy id wa st
2026-07-23 06:25:23  2  0      0 1532580      0 330860    0    0     0  9064  736  671  4  1 94  1  0
2026-07-23 06:25:28  0  0      0 1493652      0 330924    0    0     0  8318  685  628  3  1 95  1  0
2026-07-23 06:25:33  0  0      0 1450588      0 330992    0    0     0  9109  749  700  4  1 95  1  0
2026-07-23 06:25:38  0  0      0 1396588      0 322868    0    0     0  9079  739  660  4  1 94  1  0
2026-07-23 06:25:43  0  0      0 1321248      0 322920    0    0     0  9074  712  637  4  1 94  1  0
2026-07-23 06:25:48  0  0      0 1279304      0 323008    0    0     0 10662  799  729  4  1 94  1  0
2026-07-23 06:25:53  0  0      0 1240092      0 323072    0    0     0  7565  669  623  3  1 95  1  0
2026-07-23 06:25:58  0  0      0 1184460      0 323124    0    0     0  9077  741  677  4  1 95  1  0
2026-07-23 06:26:03  0  0      0 1118044      0 334072    0    0  2209  9858  963  796  5  3 84  1  7
2026-07-23 06:26:08  0  0      0 1062048      0 334148    0    0     0  9098  744  689  3  1 94  1  0
2026-07-23 06:26:13  0  0      0 1007896      0 334216    0    0     0  9082  699  629  4  1 95  1  0
2026-07-23 06:26:18  0  0      0 947648      0 334288    0    0     0  9082  750  668  4  1 94  1  0
2026-07-23 06:26:23  0  0      0 893584      0 334356    0    0     0  8420  700  623  4  1 95  1  0
2026-07-23 06:26:28  0  0      0 842492      0 334424    0    0     0 10595  746  677  4  1 94  1  0
2026-07-23 06:26:33  0  0      0 781440      0 334492    0    0     0  9878  742  646  4  1 94  1  0
2026-07-23 06:26:38  0  0      0 742200      0 334560    0    0     0  8399  651  557  3  1 95  1  0
2026-07-23 06:26:43  0  0      0 672896      0 334632    0    0     2  9109  713  611  3  1 94  1  0
2026-07-23 06:26:48  0  0      0 625464      0 334704    0    0     0  9111  704  601  4  1 95  1  0
2026-07-23 06:26:53  0  0      0 578420      0 334776    0    0     0  9222  713  669  4  1 94  1  0
2026-07-23 06:26:58  0  0      0 534492      0 334836    0    0     0  8338  697  615  3  1 95  1  0
2026-07-23 06:27:03  0  0      0 486888      0 334908    0    0     0  8344  781  669  3  2 89  1  5
2026-07-23 06:27:08 procs -----------memory---------- ---swap-- -----io---- -system-- ------cpu-----
2026-07-23 06:27:08  r  b   swpd   free   buff  cache   si   so    bi    bo   in   cs us sy id wa st
2026-07-23 06:27:08  0  0      0 427600      0 334964    0    0     0  9900  799  730  4  2 94  1  0
2026-07-23 06:27:13  2  0      0 364016      0 335036    0    0     0  9120  718  636  4  1 95  1  0
2026-07-23 06:27:18  0  0      0 295552      0 335116    0    0     0 12161  839  735  4  2 93  1  0
2026-07-23 06:27:23  0  0      0 275756      0 335196    0    0     0  7690  680  620  3  1 95  0  0
2026-07-23 06:27:28  0  0      0 196220      0 343460    0    0     0  9880  761  679  4  1 94  1  0
2026-07-23 06:27:33  1  0      0 138376      0 343516    0    0     0  9899  704  593  4  1 94  1  0
2026-07-23 06:27:38  0  0      0 108308      0 326264    0    0     0  9206  720  628  4  1 95  1  0
2026-07-23 06:27:43  0  0      0  93148      0 284164    0    0   477  8392  778  678  4  2 94  1  0
2026-07-23 06:27:48  0  0      0  93536      0 231488    0    0  3061  9967 1005  961  4  2 92  2  0
2026-07-23 06:27:54  2  4      0  88784      0 232128    0    0 155348  2392 2510 1722  1 11 16 72  0
2026-07-23 06:28:03  0 12      0  93156      0 227628    0    0 231005    20 2781 1811  1 16  2 80  1
2026-07-23 06:28:09  0  8      0  91812      0 230480    0    0 155810   780 3399 2179  1 14  3 75  8
2026-07-23 06:28:16  3  8      0  87256      0 233628    0    0 179765   785 2542 1712  1 13  2 84  0
2026-07-23 06:28:21  1  9      0  89516      0 232320    0    0 143948   775 2824 1908  1 13  2 84  0
2026-07-23 06:28:30  3  9      0  90412      0 229568    0    0 215365    52 2505 1771  0 12  2 85  0
2026-07-23 06:28:40  0 11      0  91684      0 229312    0    0 248264    18 3877 2695  0 17  1 82  0
2026-07-23 06:28:46  0  9      0  86648      0 235248    0    0 165550   784 3362 2266  1 15  2 83  0
2026-07-23 06:28:52  0  8      0  87676      0 233504    0    0 155810    14 2627 1783  0 16  1 83  0
2026-07-23 06:28:58  0  9      0  90712      0 231492    0    0 160474    11 2518 1772  0 16  1 83  0
2026-07-23 06:29:05  0 11      0  87908      0 233156    0    0 180761    21 2603 1702  0 16  1 78  5
2026-07-23 06:29:11  0 10      0  87436      0 233268    0    0 140861    11 2752 1908  0 16  1 82  0
2026-07-23 06:29:16 procs -----------memory---------- ---swap-- -----io---- -system-- ------cpu-----
2026-07-23 06:29:16  r  b   swpd   free   buff  cache   si   so    bi    bo   in   cs us sy id wa st
2026-07-23 06:29:17  0  9      0  88172      0 233564    0    0 145534    16 2592 1854  0 16  1 83  0
2026-07-23 06:29:25  1  8      0  88372      0 232816    0    0 207098    16 3055 1982  0 16  1 83  0
2026-07-23 06:29:30  1  3      0  87804      0 234148    0    0 132770   770 2168 1504  1 16  1 82  0
2026-07-23 06:29:41  0 12      0  92360      0 228080    0    0 287223    42 3228 2172  0 14  1 84  0
2026-07-23 06:29:50  0 11      0  89556      0 231000    0    0 219187    20 3558 2317  0 17  1 81  0
2026-07-23 06:30:01  1 13      0  86824      0 234300    0    0 279103    23 4082 2795  0 18  1 81  0
2026-07-23 06:30:07  0 10      0  86300      0 235408    0    0 160222    14 3145 2060  0 17  1 68 14
2026-07-23 06:30:17  1 13      0  87760      0 234048    0    0 260799    25 3262 2285  0 18  1 81  0
2026-07-23 06:30:26  0 12      0  89216      0 232364    0    0 210930    20 3872 2629  0 17  1 82  0
2026-07-23 06:30:35  2 11      0  91076      0 230496    0    0 249409    16 3194 2127  0 17  1 82  0
2026-07-23 06:30:45  2 11      0  86880      0 234532    0    0 241788    21 3833 2702  0 18  1 80  0
2026-07-23 06:30:51  1  4      0  86300      0 235168    0    0 159687    12 3817 2713  0 16  1 82  0
2026-07-23 06:31:05  0  9      0  91792      0 229244    0    0 354960   800 2864 1921  0 14  3 83  0
2026-07-23 06:31:11  5  9      0  87536      0 233860    0    0 158525     6 4956 3257  0 21  1 74  4
2026-07-23 06:31:21  5  8      0  87224      0 233992    0    0 275462    17 2816 1847  0 18  1 81  0
2026-07-23 06:31:29  0 10      0  89544      0 231912    0    0 199555    23 3948 2869  0 16  1 83  0
2026-07-23 06:31:37  0 13      0  91668      0 229304    0    0 183870    13 3584 2443  0 18  0 81  0
2026-07-23 06:31:42  1 10      0  90464      0 230192    0    0 142817    10 2387 1627  0 19  0 81  0
2026-07-23 06:31:51  1  9      0  88960      0 231796    0    0 236117    18 2554 1834  0 17  1 82  0
2026-07-23 06:31:59  0 12      0  95116      0 225756    0    0 163901    15 3290 2224  0 16  1 82  0
2026-07-23 06:32:11  5 10      0  93148      0 228104    0    0 339635    20 4130 2689  0 21  1 73  5
2026-07-23 06:32:16 procs -----------memory---------- ---swap-- -----io---- -system-- ------cpu-----
2026-07-23 06:32:18  r  b   swpd   free   buff  cache   si   so    bi    bo   in   cs us sy id wa st
2026-07-23 06:32:21  0 14      0  87460      0 232384    0    0 268510    21 5043 3489  0 20  1 79  0
2026-07-23 06:32:29  0 11      0  91244      0 229392    0    0 206408    32 3100 2081  0 17  1 82  0
2026-07-23 06:32:36  2  6      0  88116      0 232392    0    0 169148   774 3038 2080  0 16  1 82  0
2026-07-23 06:32:42  0 11      0  91672      0 228300    0    0 153021    12 2754 1941  1 13  3 83  0
2026-07-23 06:32:49  0 13      0  91388      0 229220    0    0 175156    24 2952 2024  0 17  1 82  0
2026-07-23 06:33:08  0 12      0  90176      0 229668    0    0 235810    26 3238 2431  0 11  1 88  0
2026-07-23 06:33:17  0 13      0  86780      0 233536    0    0 84594     8 2695 2655  0  6  0 93  2
2026-07-23 06:33:27  1 13      0  87344      0 233548    0    0 82616     7 1917 1969  0  5  0 94  0
2026-07-23 06:33:35  1 12      0  85096      0 235392    0    0 68889     7 2149 2191  0  5  0 95  0
2026-07-23 06:33:44  2 14      0  87188      0 233848    0    0 76122     3 1941 2034  0  6  0 94  0
2026-07-23 06:34:00  0 13      0  85368      0 234708    0    0 134995     8 2066 2336  0  5  0 94  0
2026-07-23 06:34:06  0  5      0 3334012      0 238416    0    0 51795    11 2739 2841  0  7  1 91  1
2026-07-23 06:34:11  0  0      0 3158796      0 304128    0    0 12163  2310 1134 1451  4  3 78 16  0
2026-07-23 06:34:16  0  0      0 3128732      0 314084    0    0     0  2282  367  370  1  1 98  0  0
2026-07-23 06:34:21  0  0      0 3092212      0 322860    0    0     0  2282  329  342  1  1 98  0  0
2026-07-23 06:34:26  0  0      0 3066508      0 335800    0    0     0  3046  416  412  2  1 98  0  0
2026-07-23 06:34:31  0  0      0 3070416      0 337472    0    0     0  3043  413  414  2  1 97  0  0
2026-07-23 06:34:36  0  0      0 3057476      0 337532    0    0     0  2277  390  388  1  1 98  0  0
2026-07-23 06:34:41  0  0      0 3057280      0 337564    0    0     2  2414  382  379  1  0 98  0  0
2026-07-23 06:34:46  0  0      0 3040944      0 337816    0    0    44  1530  320  354  1  1 98  0  0
2026-07-23 06:34:51  0  0      0 3045040      0 337864    0    0     0  2285  399  409  1  1 98  0  0
2026-07-23 06:34:56 procs -----------memory---------- ---swap-- -----io---- -system-- ------cpu-----
2026-07-23 06:34:56  r  b   swpd   free   buff  cache   si   so    bi    bo   in   cs us sy id wa st
2026-07-23 06:34:56  0  0      0 3034864      0 337924    0    0     0  2334  390  399  1  1 98  0  0
2026-07-23 06:35:01  0  0      0 3033028      0 337976    0    0     0  2282  383  393  1  0 98  0  0
2026-07-23 06:35:06  0  0      0 3032872      0 338020    0    0     0  1524  448  453  1  1 93  0  4
2026-07-23 06:35:11  0  0      0 3037792      0 338068    0    0     0  2290  404  432  1  1 98  0  0
2026-07-23 06:35:16  0  0      0 3012248      0 338104    0    0     0  3869  472  490  2  1 97  0  0
2026-07-23 06:35:21  0  0      0 3019112      0 338176    0    0     0  3805  469  449  2  1 97  0  0
2026-07-23 06:35:26  0  0      0 3010332      0 344916    0    0     0  3816  463  493  2  1 97  0  0
2026-07-23 06:35:31  0  0      0 2999824      0 344968    0    0     0  3800  439  447  2  1 97  0  0
2026-07-23 06:35:36  0  0      0 2998808      0 345024    0    0     0  4565  513  492  2  1 97  0  0
2026-07-23 06:35:41  0  0      0 2980888      0 345076    0    0     0  4560  512  508  2  1 97  0  0
2026-07-23 06:35:46  2  0      0 2977372      0 345124    0    0     0  5320  552  514  3  1 96  0  0
2026-07-23 06:35:51  0  0      0 2968556      0 345192    0    0     0  6916  594  531  3  1 96  1  0
2026-07-23 06:35:56  0  0      0 2948748      0 345252    0    0     0  6846  611  548  3  1 96  0  0
2026-07-23 06:36:01  0  0      0 2926376      0 345316    0    0     0  6862  640  591  3  1 95  1  0
2026-07-23 06:36:06  0  0      0 2909064      0 345400    0    0     0  5342  686  603  3  2 89  0  6
2026-07-23 06:36:11  0  0      0 2880976      0 345476    0    0     0  5346  578  542  2  1 96  0  0
2026-07-23 06:36:16  0  0      0 2857828      0 345536    0    0     0  5337  537  473  2  1 96  0  0
2026-07-23 06:36:21  0  0      0 2825336      0 345592    0    0     0  5406  578  542  3  1 96  1  0
2026-07-23 06:36:26  0  0      0 2797636      0 345652    0    0     0  6872  637  588  3  1 96  0  0
2026-07-23 06:36:31  0  0      0 2784240      0 345704    0    0     0  6099  594  556  3  1 96  1  0
2026-07-23 06:36:36  0  0      0 2757108      0 345768    0    0     0  6104  563  528  3  1 96  0  0
2026-07-23 06:36:41 procs -----------memory---------- ---swap-- -----io---- -system-- ------cpu-----
2026-07-23 06:36:41  r  b   swpd   free   buff  cache   si   so    bi    bo   in   cs us sy id wa st
2026-07-23 06:36:41  0  0      0 2748704      0 346712    0    0   178  6862  622  570  3  1 96  1  0
2026-07-23 06:36:46  0  0      0 2715632      0 346772    0    0     0  7626  650  601  3  1 95  1  0
2026-07-23 06:36:51  0  0      0 2676232      0 346832    0    0     0  6880  589  493  3  1 96  1  0
2026-07-23 06:36:56  0  0      0 2665048      0 346920    0    0     0  4653  533  509  2  1 97  0  0
2026-07-23 06:37:01  0  0      0 2655144      0 346984    0    0     0  5350  514  466  2  1 96  0  0
2026-07-23 06:37:06  0  0      0 2635324      0 347048    0    0     0  6869  754  658  3  2 90  0  4
2026-07-23 06:37:11  0  0      0 2605776      0 322508    0    0     0  7634  633  574  3  1 95  1  0
2026-07-23 06:37:16  0  0      0 2583268      0 322588    0    0     0  5342  564  528  2  1 96  0  0
2026-07-23 06:37:21  0  0      0 2566288      0 322636    0    0     0  5342  539  493  2  1 96  0  0
2026-07-23 06:37:26  0  0      0 2533236      0 322700    0    0     0  6938  632  577  3  1 96  0  0
2026-07-23 06:37:31  0  0      0 2507564      0 322764    0    0     0  7634  659  611  3  1 95  1  0
2026-07-23 06:37:36  0  0      0 2478444      0 322808    0    0     0  6903  611  538  3  1 95  1  0
2026-07-23 06:37:41  0  0      0 2467280      0 322908    0    0     0  5356  568  507  2  1 96  0  0
2026-07-23 06:37:46  0  0      0 2456004      0 322972    0    0     0  5356  518  472  2  1 96  0  0
2026-07-23 06:37:51  0  0      0 2432520      0 323040    0    0     0  6876  637  588  3  1 96  1  0
2026-07-23 06:37:56  0  0      0 2394724      0 323092    0    0     0  6884  638  617  3  1 96  1  0
2026-07-23 06:38:01  0  0      0 2372024      0 323144    0    0     0  5425  558  530  2  1 95  0  1
2026-07-23 06:38:06  0  0      0 2349364      0 323204    0    0     0  4592  560  519  2  1 94  0  2
2026-07-23 06:38:11  0  0      0 2312408      0 323268    0    0     2  6877  618  549  3  1 95  1  0
2026-07-23 06:38:16  0  0      0 2288488      0 323332    0    0     0  6876  621  574  3  1 96  1  0
2026-07-23 06:38:21  0  0      0 2265540      0 323400    0    0     0  6885  577  515  3  1 96  1  0
2026-07-23 06:38:26 procs -----------memory---------- ---swap-- -----io---- -system-- ------cpu-----
2026-07-23 06:38:26  r  b   swpd   free   buff  cache   si   so    bi    bo   in   cs us sy id wa st
2026-07-23 06:38:26  0  0      0 2252588      0 323452    0    0     0  5368  549  508  2  1 96  0  0
2026-07-23 06:38:31  0  0      0 2229632      0 323540    0    0     0  6190  565  548  2  1 96  1  0
2026-07-23 06:38:36  0  0      0 2207000      0 323600    0    0     2  6895  625  571  3  1 96  1  0
2026-07-23 06:38:41  0  0      0 2192432      0 323660    0    0     0  6884  612  554  3  1 96  0  0
2026-07-23 06:38:46  0  0      0 2178600      0 323724    0    0     0  5354  584  593  2  1 96  0  0
2026-07-23 06:38:51  0  0      0 2162244      0 323776    0    0     0  6118  564  519  3  1 96  0  0
2026-07-23 06:38:56  0  0      0 2134492      0 323836    0    0     0  6123  602  566  3  1 96  0  0
2026-07-23 06:39:01  0  0      0 2110204      0 323896    0    0     0  7658  668  615  3  1 95  1  0
2026-07-23 06:39:06  0  0      0 2082156      0 323980    0    0     0  7737  735  630  4  2 87  1  6
2026-07-23 06:39:11  0  0      0 2056628      0 324080    0    0     0  4615  539  506  2  1 97  0  0
2026-07-23 06:39:16  0  0      0 2003808      0 332324    0    0     0  6902  587  515  3  1 96  1  0
2026-07-23 06:39:21  0  0      0 1973312      0 332388    0    0    21  6138  699  652  3  1 95  1  0
2026-07-23 06:39:26  0  0      0 1954976      0 332432    0    0     0  6138  603  560  3  1 96  1  0
2026-07-23 06:39:31  0  0      0 1921060      0 332492    0    0     0  5377  555  508  2  1 96  0  0
2026-07-23 06:39:36  0  0      0 1892636      0 332552    0    0     0  5440  554  505  2  1 96  0  0
2026-07-23 06:39:41  0  0      0 1862592      0 332616    0    0     0  6914  614  551  3  1 96  1  0
2026-07-23 06:39:46  0  0      0 1835696      0 332684    0    0     0  7672  636  549  3  1 95  1  0
2026-07-23 06:39:51  0  0      0 1810828      0 332728    0    0     0  6909  641  584  3  1 96  1  0
2026-07-23 06:39:56  0  0      0 1785324      0 332792    0    0     0  4618  533  485  2  1 97  0  0
2026-07-23 06:40:01  0  0      0 1771048      0 332892    0    0     0  6193  565  521  3  1 95  0  1
2026-07-23 06:40:06  0  0      0 1740632      0 333004    0    0     0  6211  660  606  3  2 87  0  8
2026-07-23 06:40:11 procs -----------memory---------- ---swap-- -----io---- -system-- ------cpu-----
2026-07-23 06:40:11  r  b   swpd   free   buff  cache   si   so    bi    bo   in   cs us sy id wa st
2026-07-23 06:40:11  0  0      0 1724008      0 333064    0    0     0  5377  574  536  2  1 96  1  0
2026-07-23 06:40:16  0  0      0 1704628      0 333112    0    0     0  5381  563  543  2  1 96  0  0
2026-07-23 06:40:21  0  0      0 1682924      0 333172    0    0     0  6153  583  537  3  1 96  1  0
2026-07-23 06:40:26  0  0      0 1652440      0 333240    0    0     0  6912  615  559  3  1 95  0  0
2026-07-23 06:40:31  0  0      0 1627576      0 333288    0    0     0  6146  637  585  3  1 96  0  0
2026-07-23 06:40:36  0  0      0 1604016      0 333352    0    0     0  6914  599  514  3  1 96  1  0
2026-07-23 06:40:41  0  0      0 1577772      0 333412    0    0     0  5386  566  526  2  1 96  0  0
2026-07-23 06:40:46  0  0      0 1551784      0 333476    0    0     0  7009  575  502  3  1 95  1  0
2026-07-23 06:40:51  0  0      0 1542676      0 333576    0    0     0  6928  626  568  3  1 96  0  0
2026-07-23 06:40:56  0  0      0 1523176      0 333616    0    0     0  6150  602  542  3  1 96  0  0
2026-07-23 06:41:01  0  0      0 1496692      0 333676    0    0     0  5391  546  493  2  1 96  0  0
2026-07-23 06:41:06  0  0      0 1488936      0 333736    0    0     0  4613  605  553  2  1 94  0  2
2026-07-23 06:41:11  0  0      0 1444812      0 333800    0    0     0  6150  612  565  3  1 96  0  0
2026-07-23 06:41:16  0  0      0 1418756      0 333856    0    0     0  7689  660  614  3  1 95  1  0
2026-07-23 06:41:21  0  0      0 1400884      0 333912    0    0     0  6226  570  510  3  1 96  1  0
2026-07-23 06:41:26  0  0      0 1364888      0 333968    0    0     0  5390  550  492  3  1 96  0  0
2026-07-23 06:41:31  0  0      0 1350888      0 340740    0    0     0  4634  535  511  2  1 97  0  0
2026-07-23 06:41:36  0  0      0 1332836      0 340804    0    0     0  6946  615  570  3  1 96  1  0
2026-07-23 06:41:41  0  0      0 1304504      0 340872    0    0     0  6929  641  615  3  1 96  1  0
2026-07-23 06:41:46  0  0      0 1285692      0 340928    0    0     0  3849  529  506  2  1 97  0  0
2026-07-23 06:41:51  0  0      0 1264420      0 340988    0    0     0  5452  554  574  2  1 96  0  0
2026-07-23 06:41:56 procs -----------memory---------- ---swap-- -----io---- -system-- ------cpu-----
2026-07-23 06:41:56  r  b   swpd   free   buff  cache   si   so    bi    bo   in   cs us sy id wa st
2026-07-23 06:41:56  0  0      0 1248668      0 341052    0    0     0  6934  623  567  3  1 96  0  0
2026-07-23 06:42:01  0  0      0 1216824      0 341116    0    0     0  7700  658  601  3  1 94  1  1
2026-07-23 06:42:06  0  0      0 1196492      0 341176    0    0     0  5387  634  575  3  2 88  0  7
2026-07-23 06:42:11  0  0      0 1193648      0 341240    0    0     0  5387  550  535  3  1 96  0  0
2026-07-23 06:42:16  0  0      0 1168636      0 341304    0    0     0  6160  575  541  3  1 96  1  0
2026-07-23 06:42:21  0  0      0 1140160      0 341388    0    0     0  7007  633  595  3  1 96  1  0
2026-07-23 06:42:26  0  0      0 1095480      0 342148    0    0   150  6955  618  544  3  1 95  1  0
2026-07-23 06:42:31  0  0      0 1072516      0 342224    0    0     0  5414  544  493  2  1 96  0  0
2026-07-23 06:42:36  0  0      0 1050788      0 342292    0    0     0  6168  560  504  3  1 96  0  0
2026-07-23 06:42:41  0  0      0 1026928      0 342352    0    0     0  6934  611  556  3  1 96  1  0
2026-07-23 06:42:46  0  0      0 1004944      0 342420    0    0     0  6934  631  553  3  1 95  1  0
2026-07-23 06:42:51  0  0      0 980076      0 342464    0    0     0  6938  595  520  3  1 96  1  0
2026-07-23 06:42:56  0  0      0 943724      0 342528    0    0     0  5470  565  514  3  1 96  0  0
2026-07-23 06:43:01  0  0      0 914128      0 342592    0    0     0  6189  570  519  3  1 95  0  0
2026-07-23 06:43:06  0  0      0 893312      0 319588    0    0     0  6180  672  606  3  2 92  0  3
2026-07-23 06:43:11  0  0      0 858380      0 319648    0    0     0  6178  606  539  3  1 96  0  0
2026-07-23 06:43:16  0  0      0 812940      0 319692    0    0     0  5406  572  536  2  1 96  0  0
2026-07-23 06:43:21  0  0      0 784388      0 319760    0    0     0  6170  544  482  3  1 96  1  0
2026-07-23 06:43:26  0  0      0 752464      0 319812    0    0     0  7006  599  542  3  1 96  1  0
2026-07-23 06:43:31  0  0      0 711528      0 319892    0    0     0  8493  677  617  3  1 95  1  0
2026-07-23 06:43:36  0  0      0 692804      0 319948    0    0     0  6946  620  553  3  1 96  0  0
2026-07-23 06:43:41 procs -----------memory---------- ---swap-- -----io---- -system-- ------cpu-----
2026-07-23 06:43:41  r  b   swpd   free   buff  cache   si   so    bi    bo   in   cs us sy id wa st
2026-07-23 06:43:41  0  0      0 668112      0 320000    0    0     0  5398  565  526  3  1 96  0  0
2026-07-23 06:43:46  0  0      0 655872      0 320060    0    0     0  5399  541  501  2  1 96  0  0
2026-07-23 06:43:51  0  0      0 622620      0 320128    0    0     6  6958  660  608  3  1 96  1  0
2026-07-23 06:43:56  0  0      0 595764      0 320212    0    0     0  6951  616  549  3  1 96  1  0
2026-07-23 06:44:01  0  0      0 565612      0 320272    0    0     0  5481  556  497  2  1 96  0  0
2026-07-23 06:44:06  0  0      0 522296      0 320336    0    0     0  6176  671  595  3  2 91  1  4
2026-07-23 06:44:11  0  0      0 487500      0 320400    0    0     0  7738  658  590  3  1 95  1  0
2026-07-23 06:44:16  0  0      0 452980      0 320468    0    0     0  6948  629  582  3  1 95  0  0
2026-07-23 06:44:21  0  0      0 418876      0 320520    0    0     0  6949  611  541  3  1 96  1  0
2026-07-23 06:44:26  0  0      0 391956      0 320572    0    0     0  5405  562  538  2  1 96  0  0
2026-07-23 06:44:31  0  0      0 374708      0 320636    0    0     0  6256  558  513  3  1 96  1  0
2026-07-23 06:44:36  0  0      0 345048      0 320700    0    0     0  6965  625  587  3  1 95  0  0
2026-07-23 06:44:41  0  0      0 333280      0 320796    0    0     0  6969  613  556  3  1 96  1  0
2026-07-23 06:44:46  0  0      0 318432      0 320848    0    0     0  5410  536  489  3  1 96  0  0
2026-07-23 06:44:51  0  0      0 293012      0 320912    0    0     0  6956  671  614  3  1 95  1  0
2026-07-23 06:44:56  0  0      0 263184      0 320980    0    0     0  6955  647  609  3  1 96  1  0
2026-07-23 06:45:01  0  0      0 228668      0 321040    0    0     0  6260  635  586  3  1 95  0  1
2026-07-23 06:45:06  0  0      0 187032      0 321084    0    0     0  6182  649  624  3  2 91  1  4
2026-07-23 06:45:11  0  0      0 160104      0 321144    0    0     0  3871  508  484  2  1 97  0  0
2026-07-23 06:45:16  0  0      0 113780      0 329400    0    0     0  6182  572  537  3  1 96  1  0
2026-07-23 06:45:21  0  0      0 102092      0 294768    0    0     0  7017  634  603  3  1 95  1  0
2026-07-23 06:45:26 procs -----------memory---------- ---swap-- -----io---- -system-- ------cpu-----
2026-07-23 06:45:26  r  b   swpd   free   buff  cache   si   so    bi    bo   in   cs us sy id wa st
2026-07-23 06:45:26  0  0      0  96980      0 275000    0    0  2768  8595  963  648  3  2 94  1  0
2026-07-23 06:45:31  0  0      0  91812      0 265976    0    0  1927  7772  721  628  3  1 95  1  0
2026-07-23 06:45:36  0  0      0  94904      0 250084    0    0   569  8530  716  625  3  2 95  1  0
2026-07-23 06:45:41  1  3      0  86608      0 212816    0    0 57181  9382 1463 1103  3  4 81 11  0
2026-07-23 06:45:47  1 13      0  84648      0 215984    0    0 151544    12 2305 1611  1 19  1 79  0
2026-07-23 06:45:54  1  5      0  84800      0 217660    0    0 188919   794 2683 2058  1 14  1 84  0
2026-07-23 06:46:00  6 12      0  85152      0 218228    0    0 137150    43 3168 2371  1 15  1 83  0
2026-07-23 06:46:06  1 17      0  87928      0 213040    0    0 170169   792 2741 1959  1 13  4 72 10
2026-07-23 06:46:13  1  7      0  87372      0 213196    0    0 164578   788 2740 1974  1 15  3 81  0
2026-07-23 06:46:20  5 11      0  86756      0 215268    0    0 185457    17 3207 2134  1 17  1 82  0
2026-07-23 06:46:25  1  3      0  89580      0 212372    0    0 130598   783 2029 1466  1 12  2 85  0
2026-07-23 06:46:30  1  4      0  84800      0 214104    0    0 132928   793 2386 1738  2 13  5 81  0
2026-07-23 06:46:35  1  4      0  90352      0 209916    0    0 129982   797 2103 1497  1 15  1 83  0
2026-07-23 06:46:47  2  9      0  85296      0 213040    0    0 273424    22 2906 2038  1 15  2 82  0
2026-07-23 06:46:54  2 17      0  91332      0 210324    0    0 190879   790 4545 3191  1 16  1 82  0
2026-07-23 06:47:04  0 16      0  91744      0 210876    0    0 257402    23 4053 2846  0 23  1 72  4
2026-07-23 06:47:12  0 16      0  87244      0 215528    0    0 207421   787 3576 2552  0 18  3 78  0
2026-07-23 06:47:18  0 15      0  94892      0 206564    0    0 164331    14 2586 1886  0 18  2 79  0
2026-07-23 06:47:37  1  8      0  86912      0 215160    0    0 394381    41 3712 2548  0 24  1 75  0
2026-07-23 06:47:42  3  1      0  93796      0 211648    0    0 222435  1638 6846 4721  1 21  3 74  0
2026-07-23 06:47:47  0  7      0  94456      0 212932    0    0 131792  2339 2184 1611  2 10  6 83  0
2026-07-23 06:47:53 procs -----------memory---------- ---swap-- -----io---- -system-- ------cpu-----
2026-07-23 06:47:53  r  b   swpd   free   buff  cache   si   so    bi    bo   in   cs us sy id wa st
2026-07-23 06:47:54  2  3      0  90348      0 215468    0    0 130781  2341 2232 1681  2 10  5 84  0
2026-07-23 06:47:58  2  3      0  89072      0 216140    0    0 130454   793 2210 1536  1 12  6 81  0
2026-07-23 06:48:04  2 15      0  87848      0 218096    0    0 161679   826 2442 1643  1 14  5 66 14
2026-07-23 06:48:10  0  4      0  90040      0 215420    0    0 140729  1592 2769 2095  1 12  4 83  0
2026-07-23 06:48:15  2 12      0  90556      0 212548    0    0 143300  1566 2256 1677  1 11  4 84  0
2026-07-23 06:48:21  1 10      0  91592      0 212300    0    0 133859   792 2326 1681  1 11  8 80  0
2026-07-23 06:48:26  1  3      0  92504      0 212424    0    0 134198  1566 2238 1712  1 11  9 79  0
2026-07-23 06:48:32  0  5      0  88776      0 216232    0    0 153162  1569 2374 1772  1 11  5 82  0
2026-07-23 06:48:37  0  2      0  92492      0 212464    0    0 134490   892 2635 1917  2 11  7 80  0
2026-07-23 06:48:43  0 16      0  94036      0 209636    0    0 139066  2345 2301 1705  1 10 11 77  0
2026-07-23 06:48:48  0  3      0  94504      0 211084    0    0 129876   790 2286 1703  1 11  6 81  0
2026-07-23 06:48:53  0  3      0  87672      0 216652    0    0 135417  1569 2320 1663  1 11  8 79  0
2026-07-23 06:48:58  0  4      0  94164      0 211120    0    0 130105   794 2258 1608  1 11  7 81  0
2026-07-23 06:49:03  0 11      0  86884      0 216000    0    0 132418   818 2361 1700  1 14  3 76  7
2026-07-23 06:49:09  1 15      0  91840      0 214408    0    0 142368  1567 2284 1646  1 10  8 81  0
2026-07-23 06:49:15  3 10      0  87412      0 214680    0    0 156295   790 2318 1558  1 13  3 84  0
2026-07-23 06:49:25  4 12      0  91588      0 211988    0    0 232439    19 2594 1759  0 18  1 81  0
2026-07-23 06:49:30  0  9      0  88068      0 214528    0    0 142106    15 3739 2642  1 19  1 79  0
2026-07-23 06:49:40  1 14      0  88600      0 214076    0    0 233984   802 3654 2649  1 17  1 81  0
2026-07-23 06:49:48  2 15      0  87180      0 216096    0    0 199566    19 3208 2282  0 18  0 81  0
2026-07-23 06:49:57  1 13      0  94884      0 208076    0    0 270103    15 3086 2061  0 27  1 72  0
2026-07-23 06:50:03 procs -----------memory---------- ---swap-- -----io---- -system-- ------cpu-----
2026-07-23 06:50:04  r  b   swpd   free   buff  cache   si   so    bi    bo   in   cs us sy id wa st
2026-07-23 06:50:07  4  6      0  91228      0 212132    0    0 249038   805 4714 3092  0 18  2 71  9
2026-07-23 06:50:19  2 17      0  86744      0 216200    0    0 313339    16 4313 2873  0 22  1 77  0
2026-07-23 06:50:28  0 14      0  89148      0 213708    0    0 233320    14 3560 2431  0 26  0 74  0
2026-07-23 06:50:50  0 20      0  92028      0 210248    0    0 244599    28 4341 3231  0 15  0 85  0
2026-07-23 06:51:00  4  6      0  85628      0 217220    0    0 91197     9 3108 3054  0  7  0 93  0
2026-07-23 06:51:12  0 15      0  86028      0 216536    0    0 103332   639 1337 1389  0  5  0 91  4
2026-07-23 06:51:19  0  9      0  89816      0 211924    0    0 56706   176 2566 2823  0  5  0 95  0
2026-07-23 06:51:28  0 17      0  85412      0 217032    0    0 71793     7 1720 1706  0  6  0 94  0
2026-07-23 06:51:37  0 17      0  88272      0 213896    0    0 80462    17 1894 1942  0  7  0 93  0
2026-07-23 06:51:44  0 11      0  84820      0 216516    0    0 58194     4 1614 1688  0  4  1 94  0
2026-07-23 06:51:55  0 15      0  87776      0 215032    0    0 96906    11 1594 1706  0  5  0 95  0
2026-07-23 06:52:24  0 16      0  84580      0 217112    0    0 193388    20 3443 3667  0  6  0 91  2
2026-07-23 06:52:39  0 17      0  85148      0 217096    0    0 178447    16 4985 4477  0  8  0 92  0
2026-07-23 06:53:06  0 20      0  84904      0 217540    0    0 223817    12 4505 3943  0 10  0 90  0
2026-07-23 06:53:12  0  8      0  89256      0 211888    0    0 51542     7 2972 3135  0  6  1 91  2
2026-07-23 06:53:17  0  4      0  93164      0 208856    0    0 43164     8 1118 1191  0  4  4 92  0
2026-07-23 06:53:24  2  9      0  86084      0 216588    0    0 61138    17 1337 1472  0  4  0 96  0
2026-07-23 06:53:30  0  5      0  91844      0 212008    0    0 50132   850 1473 1807  1  3  1 95  0
2026-07-23 06:53:43  3  8      0  90168      0 212520    0    0 107490    52 1590 1684  0  4  0 95  0
2026-07-23 06:53:51  0 15      0  86692      0 217120    0    0 67425     7 2448 2619  0  5  0 95  0
2026-07-23 06:53:56  0  8      0  91636      0 211528    0    0 49725     3 1434 1639  0  5  0 94  0
2026-07-23 06:54:02 procs -----------memory---------- ---swap-- -----io---- -system-- ------cpu-----
2026-07-23 06:54:03  r  b   swpd   free   buff  cache   si   so    bi    bo   in   cs us sy id wa st
2026-07-23 06:54:05  0 10      0  86712      0 215596    0    0 56573     9 1479 1613  0  6  0 85  9
2026-07-23 06:54:11  1  9      0  87492      0 216004    0    0 67963     5 1548 1620  0  5  0 94  0
2026-07-23 06:54:23  2 12      0  87352      0 217760    0    0 94178     9 1739 1727  0  6  0 93  0
2026-07-23 06:54:33  0 10      0  89988      0 214748    0    0 90229     8 2200 2305  0  6  0 94  0
2026-07-23 06:54:43  0 16      0  87640      0 217576    0    0 77796   828 1938 1801  0  5  1 93  0
2026-07-23 06:54:58  0 15      0  86588      0 216860    0    0 129327    16 1725 1888  0  7  0 93  0
2026-07-23 06:55:09  0 21      0  90564      0 214888    0    0 92774    39 3414 3607  0  7  0 90  3
2026-07-23 06:55:19  2 17      0  88212      0 216640    0    0 75934    10 2318 2429  0  6  0 94  0
2026-07-23 06:55:27  0 17      0  94204      0 210232    0    0 77062    13 1993 2058  0  6  0 94  0
2026-07-23 06:55:33  0 18      0  86856      0 217068    0    0 56500    32 1711 1895  0  4  0 95  0
2026-07-23 06:55:45  4 14      0  86908      0 217328    0    0 100185    29 1853 1876  0  6  0 93  0
2026-07-23 06:55:52  0  8      0  87520      0 217676    0    0 55546   154 1949 2055  0  5  1 94  0
2026-07-23 06:55:58  1  5      0  87508      0 216556    0    0 51343   698 1411 1604  1  3  0 96  0
2026-07-23 06:56:03  0 15      0  91512      0 214072    0    0 46656     7 1383 1478  0  6  0 88  6
2026-07-23 06:56:15  4 10      0  88356      0 217088    0    0 87131    16 1391 1490  0  4  1 94  0
2026-07-23 06:56:25  0 19      0  86928      0 217064    0    0 92573     8 2499 2525  0  6  0 94  0
2026-07-23 06:56:40  1 11      0  88740      0 216196    0    0 129379    49 1708 1762  0  6  0 94  0
2026-07-23 06:56:46  0 12      0  93772      0 211704    0    0 45798     4 2747 2663  0  6  0 94  0
2026-07-23 06:56:55  0 17      0  88172      0 216400    0    0 82335     6 1892 1998  0  6  0 94  0
2026-07-23 06:57:03  2  9      0  87608      0 216932    0    0 66906     6 1154 1115  0  6  0 92  1
2026-07-23 06:57:09  0  4      0  88676      0 216220    0    0 50727   781 1681 1855  0  5  0 92  3
2026-07-23 06:57:14 procs -----------memory---------- ---swap-- -----io---- -system-- ------cpu-----
2026-07-23 06:57:17  r  b   swpd   free   buff  cache   si   so    bi    bo   in   cs us sy id wa st
2026-07-23 06:57:22  0 11      0  93344      0 211544    0    0 100275    12 1895 1990  0  5  1 93  0
2026-07-23 06:57:29  0 17      0  87748      0 216048    0    0 67839     6 1953 1987  0  6  0 94  0
2026-07-23 06:57:37  0 19      0  87484      0 217588    0    0 70549    10 1861 1907  0  5  0 94  0
2026-07-23 06:57:46  1 17      0  87380      0 218240    0    0 73054    15 2050 2245  0  6  0 94  0
2026-07-23 06:57:59  0 13      0  87376      0 217772    0    0 106882     9 1985 2043  0  6  0 94  0
2026-07-23 06:58:07  2 14      0  87496      0 216840    0    0 68281    12 1950 1793  0  7  0 90  3
2026-07-23 06:58:26  0 20      0  87908      0 217448    0    0 161243     9 1969 1740  0  8  0 92  0
2026-07-23 06:58:37  0 14      0  87456      0 217384    0    0 97888    14 3690 3964  0  6  0 94  0
2026-07-23 06:58:42  0  3      0 102032      0 211280    0    0 46673   779 1870 2056  0  4  2 93  0
2026-07-23 06:58:48  0  5      0  97008      0 214820    0    0 45473   781 1450 1380  2  4  3 92  0
2026-07-23 06:58:54  0 15      0  87568      0 225816    0    0 45736   787 1258 1233  1  3  6 90  0
2026-07-23 06:58:59  0 19      0  96140      0 217396    0    0 49107   910 1352 1380  1  2  1 95  0
2026-07-23 06:59:04  0  5      0  88468      0 221852    0    0 41268   952 1229 1190  1  3  8 84  4
2026-07-23 06:59:10  1  2      0  96848      0 215380    0    0 43908  1280 1176 1095  1  2  6 91  0
2026-07-23 06:59:15  0  4      0  94920      0 216528    0    0 44759  1553 1276 1215  1  2  9 87  0
2026-07-23 06:59:20  0  3      0  93460      0 217908    0    0 44329  1551 1259 1296  1  2 10 87  0
2026-07-23 06:59:26  0  5      0  87576      0 224664    0    0 45822  1555 1341 1258  1  2  4 92  0
2026-07-23 06:59:32  0  6      0  97804      0 213240    0    0 44270   779 1279 1226  1  2  3 94  0
2026-07-23 06:59:37  0  3      0  94840      0 215400    0    0 42614  1554 1205 1136  1  2  4 92  0
2026-07-23 06:59:43  0  5      0  96612      0 215000    0    0 48790  1561 1352 1239  1  2  3 93  0
2026-07-23 06:59:48  0  2      0  98540      0 213940    0    0 41780  1554 1284 1122  1  2  5 91  0
2026-07-23 06:59:53 procs -----------memory---------- ---swap-- -----io---- -system-- ------cpu-----
2026-07-23 06:59:55  r  b   swpd   free   buff  cache   si   so    bi    bo   in   cs us sy id wa st
2026-07-23 06:59:56  0 11      0  97584      0 213244    0    0 51358  2329 1437 1313  2  2 18 78  0
2026-07-23 06:59:59  0  4      0  96444      0 214468    0    0 43524  1553 1322 1367  1  2  1 96  0
2026-07-23 07:00:05  0 12      0  96100      0 216104    0    0 46764  1553 1283 1173  1  4  9 73 13
2026-07-23 07:00:11  0 13      0  97004      0 216264    0    0 50236   792 1382 1359  1  3  6 89  2
2026-07-23 07:00:17  1  2      0  95756      0 216208    0    0 47251  1554 1180 1121  1  2 11 86  0
2026-07-23 07:00:22  0 12      0  94796      0 215832    0    0 43444  1554 1280 1270  1  2  7 89  0
2026-07-23 07:00:29  0  6      0  98136      0 214504    0    0 52162  1565 1375 1382  1  2  1 96  0
2026-07-23 07:00:34  0  4      0  96872      0 214468    0    0 44235  1545 1289 1262  1  2 11 86  0
2026-07-23 07:00:39  1 14      0  94204      0 218748    0    0 45018  1193 1213 1151  1  2  3 94  0
2026-07-23 07:00:44  0 13      0  96544      0 214040    0    0 42207  1152 1163 1111  1  2  6 91  0
2026-07-23 07:00:51  0  6      0  96144      0 214900    0    0 50775   778 1258 1226  1  2  3 94  0
2026-07-23 07:00:56  0 12      0  95292      0 216108    0    0 43948  1554 1321 1301  1  2  4 93  0
2026-07-23 07:01:02  3 12      0 101416      0 217176    0    0 47265   872 1614 1431  4 13  1 78  4
2026-07-23 07:01:07  0 16      0  96956      0 222896    0    0 46244  1461 1528 1312  2  7  4 82  5
2026-07-23 07:01:13  0  3      0  95844      0 237412    0    0 43067  1603 1478 1441  2  4  2 91  0
2026-07-23 07:01:18  0 13      0 104880      0 228624    0    0 40188  2342 1457 1533  2  3  1 94  0
2026-07-23 07:01:22  4  1      0 105628      0 227312    0    0 41291   849 1554 1569  3  4  1 93  0
2026-07-23 07:01:28  1 14      0  92644      0 228704    0    0 46435  1505 1630 1637  2  3  1 93  0
2026-07-23 07:01:34  0  4      0  91800      0 231796    0    0 45879   780 1237 1287  1  3  2 94  0
2026-07-23 07:01:40  0 13      0  90132      0 232040    0    0 51868   822 1276 1345  1  3  4 92  0
2026-07-23 07:01:46  0 16      0  87348      0 230984    0    0 52017   782 1579 1724  1  4  1 95  0
2026-07-23 07:01:51 procs -----------memory---------- ---swap-- -----io---- -system-- ------cpu-----
2026-07-23 07:01:53  r  b   swpd   free   buff  cache   si   so    bi    bo   in   cs us sy id wa st
2026-07-23 07:01:53  0 14      0  88752      0 241404    0    0 48510   788 1577 1587  2  4  4 91  0
2026-07-23 07:01:57  0 12      0  94464      0 230256    0    0 42957   794 1389 1419  2  4  0 94  0
2026-07-23 07:02:03  2  6      0  96704      0 221888    0    0 46392   783 1235 1257  1  4  3 87  5
2026-07-23 07:02:09  0 19      0  90604      0 228488    0    0 54177    54 1491 1517  1  5  0 94  0
2026-07-23 07:02:15  0 14      0  86916      0 230928    0    0 51101   783 1229 1265  1  4  1 94  0
2026-07-23 07:02:21  0  5      0  90648      0 228200    0    0 46717     5 1292 1357  1  4  2 94  0
2026-07-23 07:02:31  0 21      0  87708      0 230108    0    0 81670   786 1258 1218  1  5  1 93  0
2026-07-23 07:02:38  0  8      0  96052      0 222544    0    0 60319    24 2319 2618  0  4  0 95  0
2026-07-23 07:02:44  0 18      0  90372      0 227960    0    0 45006   782 1122 1227  0  4  0 95  0
2026-07-23 07:02:50  0 10      0  86016      0 231204    0    0 59532     5 1493 1564  0  5  0 95  0
2026-07-23 07:02:56  0 10      0  86860      0 236312    0    0 52155   934 1958 1934  5  6  1 87  0
2026-07-23 07:03:02  0 13      0  89760      0 230288    0    0 47041  1454 1502 1442  3  5  8 81  4
2026-07-23 07:03:07  0  0      0 3181936      0 285940    0    0 14353  3112  905  852  3  4 75 17  1
2026-07-23 07:03:12  0  0      0 3140912      0 305504    0    0    82  3880  489  465  3  2 95  0  0
2026-07-23 07:03:17  0  0      0 3090260      0 317044    0    0     0  5447  658  551  4  3 93  0  0
2026-07-23 07:03:22  0  0      0 3070244      0 317648    0    0   112  4650  569  461  3  2 95  0  0
2026-07-23 07:03:27  2  0      0 3074752      0 319484    0    0     0  4643  590  483  4  2 94  0  0
2026-07-23 07:03:32  0  0      0 3053492      0 319524    0    0     0  4642  601  489  4  2 94  0  0
2026-07-23 07:03:37  0  0      0 3036284      0 319596    0    0     0  4725  622  512  4  2 94  0  0
2026-07-23 07:03:42  1  0      0 3023680      0 319640    0    0     0  5413  657  583  3  2 94  0  0
2026-07-23 07:03:47  0  0      0 3013940      0 319696    0    0     0  3860  574  505  3  2 94  0  0
2026-07-23 07:03:52 procs -----------memory---------- ---swap-- -----io---- -system-- ------cpu-----
2026-07-23 07:03:52  r  b   swpd   free   buff  cache   si   so    bi    bo   in   cs us sy id wa st
2026-07-23 07:03:52  0  0      0 2987668      0 330808    0    0  2254  4632  753  667  4  2 93  1  0
2026-07-23 07:03:57  0  0      0 2974668      0 330864    0    0     0  4632  637  553  3  2 94  0  0
2026-07-23 07:04:02  0  0      0 2953400      0 331256    0    0   105  4635  748  581  4  3 86  0  6
2026-07-23 07:04:07  2  0      0 2940448      0 332668    0    0    99  5497  676  568  4  2 93  0  0
2026-07-23 07:04:12  0  0      0 2916920      0 332720    0    0     0  3884  555  489  3  2 95  0  0
2026-07-23 07:04:17  0  0      0 2901560      0 333688    0    0   178  3881  611  559  3  2 95  0  0
2026-07-23 07:04:22  0  0      0 2876512      0 333744    0    0     0  5421  689  602  4  2 94  0  0
2026-07-23 07:04:27  2  0      0 2866420      0 333796    0    0     0  5422  664  580  4  2 94  0  0
2026-07-23 07:04:32  0  0      0 2852616      0 333844    0    0     0  3872  598  564  3  2 94  0  0
2026-07-23 07:04:37  0  0      0 2835292      0 333904    0    0     0  5527  673  631  4  2 94  0  0
2026-07-23 07:04:42  0  0      0 2819068      0 342152    0    0     0  4646  646  579  4  2 94  0  0
2026-07-23 07:04:47  0  0      0 2815456      0 342192    0    0     2  5422  692  612  4  2 93  0  0
2026-07-23 07:04:52  0  0      0 2802408      0 342248    0    0     0  4658  605  535  3  2 94  0  0
2026-07-23 07:04:57  0  0      0 2793364      0 342304    0    0     0  3872  579  519  3  2 94  0  0
2026-07-23 07:05:02  0  0      0 2789448      0 342360    0    0     0  3872  671  535  4  3 90  0  3
2026-07-23 07:05:07  0  0      0 2764580      0 342412    0    0     0  4725  668  567  4  3 91  0  2
2026-07-23 07:05:12  1  0      0 2752536      0 342480    0    0     0  4663  626  535  4  2 94  0  0
2026-07-23 07:05:17  0  0      0 2735672      0 342540    0    0     0  4656  549  474  3  2 95  0  0
2026-07-23 07:05:22  0  0      0 2708856      0 342612    0    0     0  6210  681  561  4  2 93  1  0
2026-07-23 07:05:27  0  0      0 2676944      0 342672    0    0     0  6208  683  580  5  3 92  0  0
2026-07-23 07:05:32  0  0      0 2640760      0 342732    0    0     0  6978  731  632  5  2 92  1  0
2026-07-23 07:05:37 procs -----------memory---------- ---swap-- -----io---- -system-- ------cpu-----
2026-07-23 07:05:37  r  b   swpd   free   buff  cache   si   so    bi    bo   in   cs us sy id wa st
2026-07-23 07:05:37  0  0      0 2604836      0 342784    0    0     0  7054  699  579  4  2 93  1  0
2026-07-23 07:05:42  0  0      0 2586608      0 342824    0    0     0  6202  674  556  4  3 92  0  0
2026-07-23 07:05:47  0  0      0 2580340      0 342892    0    0     0  6202  678  552  5  3 92  0  0
2026-07-23 07:05:52  0  0      0 2573992      0 342976    0    0     0  6977  713  598  5  2 92  1  0
2026-07-23 07:05:57  1  0      0 2554020      0 343032    0    0     0  6221  653  554  4  3 93  0  0
2026-07-23 07:06:02  3  0      0 2531564      0 343092    0    0     0  6216  711  558  4  3 85  0  7
2026-07-23 07:06:07  0  0      0 2496668      0 343188    0    0     0  6984  799  604  5  4 86  0  5
2026-07-23 07:06:12  0  0      0 2489000      0 343252    0    0     0  6279  713  625  4  3 93  1  0
2026-07-23 07:06:17  0  0      0 2440368      0 343316    0    0     0  7765  770  629  5  3 92  1  0
2026-07-23 07:06:22  0  0      0 2427308      0 343364    0    0     0  6208  643  537  4  2 94  0  0
2026-07-23 07:06:27  0  0      0 2379280      0 343408    0    0     0  6208  666  548  5  3 92  1  0
2026-07-23 07:06:32  0  0      0 2356460      0 343488    0    0     0  6216  670  578  4  2 93  0  0
2026-07-23 07:06:37  0  0      0 2332000      0 343548    0    0     0  6986  753  631  4  3 92  1  0
2026-07-23 07:06:42  1  0      0 2292096      0 343608    0    0     2  6299  637  507  5  3 93  0  0
2026-07-23 07:06:47  4  0      0 2265132      0 343708    0    0     0  6216  683  579  4  2 93  0  0
2026-07-23 07:06:52  0  0      0 2242024      0 343764    0    0     0  6991  666  532  5  3 92  1  0
2026-07-23 07:06:57  0  0      0 2218516      0 343836    0    0     0  6991  749  648  4  3 92  1  0
2026-07-23 07:07:02  1  0      0 2180568      0 350596    0    0     0  6998  809  582  5  4 84  0  7
2026-07-23 07:07:07  0  0      0 2155848      0 350636    0    0     0  6214  671  565  4  2 93  1  0
2026-07-23 07:07:12  0  0      0 2122148      0 350704    0    0     0  6282  663  562  4  3 93  1  0
2026-07-23 07:07:17  0  0      0 2092068      0 350764    0    0     0  6214  645  514  5  3 92  0  0
2026-07-23 07:07:22 procs -----------memory---------- ---swap-- -----io---- -system-- ------cpu-----
2026-07-23 07:07:22  r  b   swpd   free   buff  cache   si   so    bi    bo   in   cs us sy id wa st
2026-07-23 07:07:22  2  0      0 2051084      0 350828    0    0     0  6991  735  622  5  3 92  1  0
2026-07-23 07:07:27  0  0      0 2017176      0 350904    0    0     0  6225  661  531  5  3 92  0  0
2026-07-23 07:07:32  5  0      0 1996508      0 350960    0    0     0  6236  683  586  4  2 93  1  0
2026-07-23 07:07:37  0  0      0 1987736      0 351044    0    0     0  7004  656  528  5  3 92  1  0
2026-07-23 07:07:42  0  0      0 1966988      0 351104    0    0     0  6296  716  612  4  2 93  0  0
2026-07-23 07:07:47  0  0      0 1909036      0 351164    0    0     0  6998  718  639  5  2 92  1  0
2026-07-23 07:07:52  0  0      0 1876044      0 351216    0    0     0  6998  722  613  4  2 93  1  0
2026-07-23 07:07:57  0  0      0 1844084      0 351280    0    0     0  6222  672  562  4  2 93  1  0
2026-07-23 07:08:02  0  0      0 1822148      0 351332    0    0     0  6221  688  544  5  3 88  0  4
2026-07-23 07:08:07  0  0      0 1788376      0 351404    0    0     0  7012  767  660  5  3 91  1  1
2026-07-23 07:08:12  1  0      0 1756608      0 351460    0    0     0  6297  650  558  4  2 93  0  0
2026-07-23 07:08:17  3  0      0 1746620      0 351556    0    0     0  6233  691  583  4  3 93  1  0
2026-07-23 07:08:22  0  0      0 1728572      0 351612    0    0     0  7782  666  517  6  3 91  1  0
2026-07-23 07:08:27  2  0      0 1696708      0 351680    0    0     0  6227  703  575  5  3 92  0  0
2026-07-23 07:08:32  0  0      0 1677380      0 351740    0    0     0  7006  723  592  5  2 92  1  0
2026-07-23 07:08:37  0  0      0 1680668      0 332844    0    0     0  6239  834  581  3  2 94  1  0
2026-07-23 07:08:42  0  0      0 1642088      0 332912    0    0     0  6302  598  539  3  1 96  0  0
2026-07-23 07:08:47  0  0      0 1619864      0 332968    0    0     0  6232  628  570  3  1 96  1  0
2026-07-23 07:08:52  0  0      0 1580140      0 333036    0    0     0  7006  670  595  3  1 95  1  0
2026-07-23 07:08:57  0  0      0 1565396      0 333116    0    0     0  6238  599  549  3  1 96  0  0
2026-07-23 07:09:02  8  0      0 1540132      0 333192    0    0    21  7017  784  654  4  2 89  1  5
2026-07-23 07:09:07 procs -----------memory---------- ---swap-- -----io---- -system-- ------cpu-----
2026-07-23 07:09:07  r  b   swpd   free   buff  cache   si   so    bi    bo   in   cs us sy id wa st
2026-07-23 07:09:07  0  0      0 1515632      0 333288    0    0     0  7012  672  593  3  1 95  1  0
2026-07-23 07:09:12  0  0      0 1481532      0 333352    0    0     0  7095  639  580  3  1 96  1  0
2026-07-23 07:09:17  0  0      0 1453812      0 333396    0    0     0  7013  668  599  3  1 95  1  0
2026-07-23 07:09:22  0  0      0 1422088      0 333460    0    0     0  6234  620  572  3  1 96  1  0
2026-07-23 07:09:27  0  0      0 1406388      0 333528    0    0     0  7013  625  572  3  1 96  1  0
2026-07-23 07:09:32  0  0      0 1375476      0 333584    0    0     0  6235  599  542  3  1 96  1  0
2026-07-23 07:09:37  0  0      0 1346968      0 333636    0    0     0  7020  678  633  3  1 96  1  0
2026-07-23 07:09:42  0  0      0 1317768      0 333716    0    0     0  7068  667  620  3  1 95  1  0
2026-07-23 07:09:47  1  0      0 1287256      0 333808    0    0     0  6314  647  593  3  1 96  1  0
2026-07-23 07:09:52  0  0      0 1257932      0 333868    0    0     0  8573  683  644  3  1 95  1  0
2026-07-23 07:09:57  0  0      0 1223208      0 333920    0    0     0  6234  638  613  3  1 96  1  0
2026-07-23 07:10:02  1  0      0 1184060      0 334176    0    0    38  7017  709  591  3  2 86  1  8
2026-07-23 07:10:07  0  0      0 1168612      0 334224    0    0     0  6235  603  607  3  1 95  0  1
2026-07-23 07:10:12  1  0      0 1143900      0 334284    0    0     0  6243  599  572  2  1 96  1  0
2026-07-23 07:10:17  0  0      0 1108996      0 334332    0    0     0  6311  598  539  3  1 96  0  0
2026-07-23 07:10:22  0  0      0 1063120      0 334412    0    0     0  7804  703  634  3  1 95  1  0
2026-07-23 07:10:27  2  0      0 1040032      0 334512    0    0     0  7029  626  541  3  1 96  1  0
2026-07-23 07:10:32  0  1      0 1001988      0 334572    0    0     0  7813  644  577  3  1 95  1  0
2026-07-23 07:10:37  0  0      0 983236      0 334636    0    0     2  7026  648  592  3  1 95  1  0
2026-07-23 07:10:42  0  0      0 944668      0 342892    0    0     0  7028  622  553  3  1 95  1  0
2026-07-23 07:10:47  0  0      0 915228      0 342948    0    0     0  8658  678  596  3  1 95  1  0
2026-07-23 07:10:52 procs -----------memory---------- ---swap-- -----io---- -system-- ------cpu-----
2026-07-23 07:10:52  r  b   swpd   free   buff  cache   si   so    bi    bo   in   cs us sy id wa st
2026-07-23 07:10:52  0  0      0 875548      0 343008    0    0     0  7020  631  556  3  1 96  1  0
2026-07-23 07:10:57  0  0      0 852924      0 343080    0    0     0  7801  665  571  3  1 95  1  0
2026-07-23 07:11:02  0  0      0 801336      0 343132    0    0     0  7030  715  623  3  1 90  0  5
2026-07-23 07:11:07  1  0      0 757864      0 343224    0    0     0  7820  688  644  3  1 95  1  0
2026-07-23 07:11:12  1  0      0 720344      0 343308    0    0     0  7046  658  601  3  1 96  1  0
2026-07-23 07:11:17  2  0      0 662832      0 343368    0    0     0  7818  672  622  3  1 95  1  0
2026-07-23 07:11:22  0  0      0 642484      0 343428    0    0     0  7107  652  601  3  1 96  1  0
2026-07-23 07:11:27  0  0      0 610588      0 343496    0    0     0  7027  673  636  3  1 95  1  0
2026-07-23 07:11:32  0  0      0 560684      0 343552    0    0     0  9370  755  663  4  1 94  1  0
2026-07-23 07:11:37  0  0      0 521308      0 343620    0    0     0  7813  674  617  3  1 95  1  0
2026-07-23 07:11:42  0  0      0 485940      0 343688    0    0     0  7835  659  619  3  1 95  1  0
2026-07-23 07:11:47  0  0      0 467340      0 343792    0    0     0  7050  645  595  3  1 95  1  0
2026-07-23 07:11:52  0  0      0 422232      0 343856    0    0     0  7886  699  636  3  1 95  1  0
2026-07-23 07:11:57  2  0      0 407200      0 343912    0    0     0  6253  596  520  3  1 96  1  0
2026-07-23 07:12:02  3  0      0 363236      0 343972    0    0     0  7816  716  650  3  2 90  1  4
2026-07-23 07:12:07  0  0      0 334348      0 344036    0    0     0  8598  698  614  3  1 93  1  2
2026-07-23 07:12:12  0  0      0 305912      0 344108    0    0     0  7819  677  615  3  1 95  1  0
2026-07-23 07:12:17  0  0      0 262952      0 344152    0    0     0  7048  653  599  3  1 95  1  0
2026-07-23 07:12:22  0  0      0 230004      0 344240    0    0     0  6338  614  570  3  1 96  1  0
2026-07-23 07:12:27  0  0      0 217684      0 345012    0    0   150  6270  632  600  3  1 96  1  0
2026-07-23 07:12:32  2  0      0 174216      0 345100    0    0     0  8613  711  650  4  1 95  1  0
2026-07-23 07:12:37 procs -----------memory---------- ---swap-- -----io---- -system-- ------cpu-----
2026-07-23 07:12:37  r  b   swpd   free   buff  cache   si   so    bi    bo   in   cs us sy id wa st
2026-07-23 07:12:37  0  0      0 146304      0 345172    0    0     0  8609  724  671  3  1 95  1  0
2026-07-23 07:12:42  2  0      0 122468      0 345224    0    0     0  6268  612  534  3  1 96  1  0
2026-07-23 07:12:47  2  0      0  99664      0 336796    0    0     0  7833  639  579  3  1 95  1  0
2026-07-23 07:12:52  0  0      0  99372      0 299004    0    0   720  7922  748  648  3  1 95  1  0
2026-07-23 07:12:57  0  0      0  93012      0 281888    0    0  3708  7064  744  676  3  2 95  1  0
2026-07-23 07:13:02  1  0      0  95744      0 249652    0    0  8867  7118  965  906  3  3 85  2  7
2026-07-23 07:13:07  0  7      0  84804      0 239380    0    0 91587  4818 1876 1337  2  6 60 32  1
2026-07-23 07:13:14  1 16      0  90104      0 233692    0    0 161377  1621 2736 1978  1 15  6 78  0
2026-07-23 07:13:19  0  7      0  87480      0 232504    0    0 135178    24 2375 1865  1 15  5 79  0
2026-07-23 07:13:25  2  3      0  89080      0 235996    0    0 162354   802 2768 1992  1 18  3 78  0
2026-07-23 07:13:30  0  5      0  89812      0 234088    0    0 131086  1580 2138 1600  1 13  6 80  0
2026-07-23 07:13:36  0 14      0  87080      0 236420    0    0 146533    14 2357 1760  1 19  2 78  0
2026-07-23 07:13:41  1  2      0  86616      0 235744    0    0 130485   802 2325 1762  1 14  4 81  0
2026-07-23 07:13:46  2  1      0  87084      0 238560    0    0 128157   815 2092 1591  1 16  4 79  0
2026-07-23 07:13:52  2 15      0  86600      0 236360    0    0 146333   802 2480 1864  1 16  3 80  0
2026-07-23 07:13:58  0 15      0  86088      0 234712    0    0 159501   807 2507 1990  1 14  5 80  0
2026-07-23 07:14:04  0  5      0  85772      0 235784    0    0 136502   796 2284 1613  1 15  3 67 14
2026-07-23 07:14:09  2  4      0  84696      0 238076    0    0 136258  1582 2191 1633  1 12  9 78  0
2026-07-23 07:14:15  1  6      0  87012      0 237388    0    0 146800   829 2460 1876  1 15  5 79  0
2026-07-23 07:14:20  1  5      0  84356      0 238416    0    0 147158   800 2363 1652  1 16  5 78  0
2026-07-23 07:14:26  1 14      0  86924      0 236932    0    0 136737  1642 2791 2570  2 14  8 76  0
2026-07-23 07:14:31 procs -----------memory---------- ---swap-- -----io---- -system-- ------cpu-----
2026-07-23 07:14:32  r  b   swpd   free   buff  cache   si   so    bi    bo   in   cs us sy id wa st
2026-07-23 07:14:32  0  6      0  86808      0 236136    0    0 138670    14 2238 1677  1 16  3 80  0
2026-07-23 07:14:37  2 12      0  86968      0 238132    0    0 138763   800 2371 1701  1 17  3 79  0
2026-07-23 07:14:43  7  7      0  87904      0 235824    0    0 159166   867 2412 1846  1 16  3 80  0
2026-07-23 07:14:52  1  7      0  85940      0 232524    0    0 237806   790 3218 2157  0 25  7 67  0
2026-07-23 07:15:06  0 10      0  84424      0 233940    0    0 342989    13 3263 1931  0 26  5 69  0
2026-07-23 07:15:11  0  0      0 3178984      0 323396    0    0 11355  9402 4586 2767  1 30 36 23  9
2026-07-23 07:15:16  0  0      0 3134632      0 327436    0    0    13  7858  657  585  3  1 95  1  0
2026-07-23 07:15:21  0  0      0 3087100      0 327500    0    0     0  8615  722  625  3  1 95  1  0
2026-07-23 07:15:26  0  0      0 3001448      0 327560    0    0     0  8615  691  603  4  1 95  1  0
2026-07-23 07:15:31  0  0      0 2939444      0 327660    0    0     0  9422  725  610  4  1 94  1  0
2026-07-23 07:15:36  0  0      0 2910792      0 327736    0    0     0  7853  615  526  3  1 95  1  0
2026-07-23 07:15:41  0  0      0 2869300      0 313480    0    0   116  9511  691  578  4  1 94  1  0
2026-07-23 07:15:46  0  0      0 2822424      0 313552    0    0     0  8667  701  614  3  1 95  1  0
2026-07-23 07:15:51  0  0      0 2782536      0 313616    0    0     0  9408  732  666  4  1 95  1  0
2026-07-23 07:15:56  0  0      0 2734176      0 313692    0    0     5  9408  779  708  4  1 94  1  0
2026-07-23 07:16:01  0  0      0 2697620      0 313748    0    0    19  7849  597  516  3  1 94  1  1
2026-07-23 07:16:06  0  0      0 2636576      0 314884    0    0   176  8650  791  672  4  2 88  1  6
2026-07-23 07:16:11  0  0      0 2569044      0 314988    0    0     0  8716  720  663  3  1 95  1  0
2026-07-23 07:16:16  0  0      0 2519680      0 315044    0    0     0  9429  688  599  4  1 95  1  0
2026-07-23 07:16:21  0  0      0 2482872      0 315112    0    0     0  7848  629  551  3  1 95  1  0
2026-07-23 07:16:26  0  0      0 2423548      0 315180    0    0     0  9418  740  671  4  1 94  1  0
2026-07-23 07:16:31 procs -----------memory---------- ---swap-- -----io---- -system-- ------cpu-----
2026-07-23 07:16:31  r  b   swpd   free   buff  cache   si   so    bi    bo   in   cs us sy id wa st
2026-07-23 07:16:31  2  0      0 2351952      0 315252    0    0     0  8634  689  608  3  1 95  1  0
2026-07-23 07:16:36  0  0      0 2292988      0 315324    0    0     2  9439  733  645  4  1 94  1  0
2026-07-23 07:16:41  0  0      0 2266784      0 315420    0    0     0  9529  713  631  4  1 95  1  0
2026-07-23 07:16:46  0  0      0 2226584      0 315492    0    0     0  7873  641  565  3  1 95  1  0
2026-07-23 07:16:51  0  0      0 2174164      0 315556    0    0     0  8642  708  645  3  1 95  1  0
2026-07-23 07:16:56  0  0      0 2130852      0 316508    0    0   174  8642  729  668  4  1 95  1  0
2026-07-23 07:17:01  0  0      0 2058800      0 316560    0    0     0  9432  723  633  3  1 94  1  1
2026-07-23 07:17:06  0  0      0 2013184      0 316648    0    0     0  7856  756  657  3  2 90  1  4
2026-07-23 07:17:11  0  0      0 1955132      0 316728    0    0     0  9535  747  679  4  1 94  1  0
2026-07-23 07:17:16  0  0      0 1917708      0 316904    0    0     0  8677  712  640  3  1 95  1  0
2026-07-23 07:17:21  0  0      0 1854680      0 316976    0    0     0  9437  733  675  4  1 94  1  0
2026-07-23 07:17:26  0  0      0 1809544      0 317036    0    0     0  9438  729  630  4  1 94  1  0
2026-07-23 07:17:31  2  0      0 1773556      0 317096    0    0     0  7865  639  580  3  1 95  1  0
2026-07-23 07:17:36  0  0      0 1697804      0 325360    0    0     0  8654  691  593  3  1 95  1  0
2026-07-23 07:17:41  0  0      0 1649196      0 325432    0    0     0  8734  723  652  3  1 95  1  0
2026-07-23 07:17:46  0  0      0 1594628      0 325496    0    0     0  9470  734  651  4  1 94  1  0
2026-07-23 07:17:51  0  0      0 1569924      0 325592    0    0     0  7904  643  584  3  1 95  1  0
2026-07-23 07:17:56  0  0      0 1532692      0 325668    0    0     0  9466  742  648  4  1 94  1  0
2026-07-23 07:18:01  0  0      0 1500092      0 325740    0    0     0  8663  719  653  3  1 95  1  0
2026-07-23 07:18:06  0  0      0 1437296      0 325828    0    0     0  8659  810  711  4  2 83  1 10
2026-07-23 07:18:11  0  0      0 1373676      0 325888    0    0     0  9530  746  645  4  1 94  1  0
2026-07-23 07:18:16 procs -----------memory---------- ---swap-- -----io---- -system-- ------cpu-----
2026-07-23 07:18:16  r  b   swpd   free   buff  cache   si   so    bi    bo   in   cs us sy id wa st
2026-07-23 07:18:16  0  0      0 1341456      0 325944    0    0     0  7881  692  654  3  1 95  1  0
2026-07-23 07:18:21  0  0      0 1298408      0 326024    0    0     0  8698  724  679  3  1 95  1  0
2026-07-23 07:18:26  0  0      0 1243940      0 326160    0    0     0  8670  747  688  3  1 95  1  0
2026-07-23 07:18:31  2  0      0 1183044      0 326220    0    0     0  9456  747  698  4  1 94  1  0
2026-07-23 07:18:36  0  0      0 1141092      0 326288    0    0     0  7882  666  611  3  1 95  1  0
2026-07-23 07:18:41  0  0      0 1098364      0 326360    0    0     0  9460  726  650  4  1 95  1  0
2026-07-23 07:18:46  1  0      0 1065144      0 326428    0    0     0  8756  712  638  4  1 95  1  0
2026-07-23 07:18:51  0  0      0 1018900      0 326500    0    0     0  9468  760  722  4  1 94  1  0
2026-07-23 07:18:56  1  0      0 970272      0 326580    0    0     0  9497  742  634  4  1 94  1  0
2026-07-23 07:19:01  0  0      0 930520      0 326704    0    0     0  7910  651  598  3  1 95  1  0
2026-07-23 07:19:06  0  0      0 869988      0 326764    0    0     0  8678  753  673  4  2 92  1  2
2026-07-23 07:19:11  0  0      0 819620      0 326836    0    0     0  8677  710  643  3  1 95  1  0
2026-07-23 07:19:16  0  0      0 767700      0 326892    0    0     0  9552  724  632  4  1 94  1  0
2026-07-23 07:19:21  0  0      0 723244      0 326968    0    0     0  7888  655  595  3  1 95  1  0
2026-07-23 07:19:26  0  0      0 680564      0 327048    0    0     0  9479  717  597  4  1 94  1  0
2026-07-23 07:19:31  0  0      0 631796      0 327144    0    0     0  8713  676  587  3  1 95  1  0
2026-07-23 07:19:36  0  0      0 570664      0 333912    0    0     0  9476  708  611  4  1 94  1  0
2026-07-23 07:19:41  0  0      0 545644      0 333972    0    0     0  9477  709  599  3  1 95  1  0
2026-07-23 07:19:46  0  0      0 487684      0 334036    0    0     0  7975  674  619  3  1 95  1  0
2026-07-23 07:19:51  0  0      0 449868      0 345168    0    0  2248  8697  799  726  4  1 94  1  0
2026-07-23 07:19:56  0  0      0 394896      0 345240    0    0     0  8690  706  668  4  1 94  1  0
2026-07-23 07:20:01 procs -----------memory---------- ---swap-- -----io---- -system-- ------cpu-----
2026-07-23 07:20:01  r  b   swpd   free   buff  cache   si   so    bi    bo   in   cs us sy id wa st
2026-07-23 07:20:01  1  0      0 351808      0 345300    0    0     0  9511  742  632  4  1 94  1  1
2026-07-23 07:20:06  0  0      0 309060      0 345620    0    0    38  7115  757  642  3  2 83  1 11
2026-07-23 07:20:11  0  0      0 255912      0 345684    0    0     0  9489  730  637  4  1 94  1  0
2026-07-23 07:20:16  0  0      0 203428      0 345740    0    0     0  8773  695  644  3  1 95  1  0
2026-07-23 07:20:21  0  0      0 155568      0 345824    0    0     0  9495  734  672  4  1 94  1  0
2026-07-23 07:20:26  0  0      0 107812      0 337216    0    0     0  9486  752  682  4  1 94  1  0
2026-07-23 07:20:31  0  0      0 107352      0 283964    0    0   780  8019  718  607  3  2 95  1  0
2026-07-23 07:20:36  0  0      0  94956      0 240320    0    0  2652  9593  870  769  4  2 94  1  0
2026-07-23 07:20:43  9  1      0  87688      0 238564    0    0 195107  1639 2621 1726  1 14 15 70  0
2026-07-23 07:20:49  3 10      0  87164      0 237756    0    0 146162   842 3035 2075  1 16  3 80  0
2026-07-23 07:20:55  0  9      0  92468      0 232908    0    0 169253  1609 2249 1505  1 13  3 83  0
2026-07-23 07:21:02  3  9      0  86668      0 236492    0    0 180978    10 3616 2286  1 20  2 72  5
2026-07-23 07:21:08  2 10      0  85548      0 235076    0    0 144167   814 2667 1916  1 17  4 78  0
2026-07-23 07:21:13  0 10      0  84304      0 235376    0    0 133834     8 2319 1454  1 24  1 74  0
2026-07-23 07:21:21  0  7      0  86096      0 234424    0    0 159578   815 2289 1475  0 25  2 73  0
2026-07-23 07:21:26  0  5      0  84888      0 236312    0    0 173183    18 3230 2150  1 17  4 78  0
2026-07-23 07:21:39  2  5      0  84720      0 236212    0    0 334387   808 2403 1614  0 16  7 77  0
2026-07-23 07:22:11  0 15      0  85792      0 235176    0    0 695887    31 7256 4006  0 33  1 66  0
2026-07-23 07:22:39  2 13      0  85500      0 234448    0    0 819156    23 15754 9104  0 36  1 61  2
2026-07-23 07:23:02  0 11      0  84568      0 236308    0    0 575410    16 13948 8134  0 36  1 63  0
2026-07-23 07:23:34  0 13      0  89272      0 231508    0    0 776642    22 7331 4112  0 39  1 57  3
2026-07-23 07:23:42 procs -----------memory---------- ---swap-- -----io---- -system-- ------cpu-----
2026-07-23 07:24:00  r  b   swpd   free   buff  cache   si   so    bi    bo   in   cs us sy id wa st
2026-07-23 07:24:13  0 13      0  87660      0 233000    0    0 1062953    44 26477 15060  0 40  1 57  2
2026-07-23 07:24:19  0  8      0  84916      0 236044    0    0 157864    12 2860 1723  0 40  0 59  0
2026-07-23 07:24:33  6  7      0  85752      0 234936    0    0 365526    10 3825 2375  0 30  1 68  0
2026-07-23 07:24:41  0 13      0  85604      0 234816    0    0 199957    20 5632 3555  0 29  1 70  0
2026-07-23 07:24:52  0  3      0 3335236      0 236704    0    0 266562    12 5144 3054  0 35  1 64  0
2026-07-23 07:24:57  0  0      0 3156952      0 329076    0    0 20947  1609 1558 1918  8  3 61 27  0
2026-07-23 07:25:02  0  0      0 3083496      0 345436    0    0   146  3165  497  462  2  1 93  0  3
2026-07-23 07:25:07  0  0      0 3064908      0 357628    0    0    34  2374  425  423  1  1 96  0  1
2026-07-23 07:25:12  0  0      0 3037584      0 368096    0    0     0  3165  428  416  2  1 97  0  0
2026-07-23 07:25:17  0  0      0 3037416      0 368124    0    0     0  1587  288  302  1  0 99  0  0
2026-07-23 07:25:22  0  0      0 3024080      0 368180    0    0     0  3956  467  450  2  1 97  0  0
2026-07-23 07:25:27  0  0      0 3011084      0 368216    0    0     5  3258  431  439  2  1 97  0  0
2026-07-23 07:25:32  0  0      0 3025220      0 368276    0    0     0  2420  412  420  1  1 98  0  0
2026-07-23 07:25:37  0  0      0 3016548      0 368316    0    0     2  2378  380  367  1  1 98  0  0
2026-07-23 07:25:42  0  0      0 3014172      0 368364    0    0     0  2374  345  354  1  0 98  0  0
2026-07-23 07:25:47  0  0      0 3003316      0 368416    0    0     0  2437  411  414  1  1 98  0  0
2026-07-23 07:25:52  0  0      0 2984092      0 368468    0    0     0  3957  481  471  2  1 97  0  0
2026-07-23 07:25:57  0  0      0 2983056      0 369396    0    0   178  3218  436  435  2  1 97  0  0
2026-07-23 07:26:02  0  0      0 2979216      0 369428    0    0     0  1586  329  339  1  1 97  0  1
2026-07-23 07:26:07  0  0      0 2979872      0 369484    0    0     0  4747  555  511  3  1 95  0  1
2026-07-23 07:26:12  0  0      0 2973216      0 369524    0    0     0  4753  529  498  2  1 96  0  0
2026-07-23 07:26:17 procs -----------memory---------- ---swap-- -----io---- -system-- ------cpu-----
2026-07-23 07:26:17  r  b   swpd   free   buff  cache   si   so    bi    bo   in   cs us sy id wa st
2026-07-23 07:26:17  0  0      0 2972864      0 369592    0    0     0  4787  507  472  2  1 97  0  0
2026-07-23 07:26:22  0  0      0 2965040      0 369672    0    0     0  3965  507  481  2  1 97  0  0
2026-07-23 07:26:27  0  0      0 2948556      0 369728    0    0     2  4815  506  489  2  1 97  0  0
2026-07-23 07:26:32  0  0      0 2932560      0 369784    0    0     0  4758  561  535  2  1 97  0  0
2026-07-23 07:26:37  0  0      0 2928132      0 369836    0    0     0  4756  559  520  2  1 97  0  0
2026-07-23 07:26:42  0  0      0 2925104      0 369884    0    0     0  4752  529  508  2  1 97  0  0
2026-07-23 07:26:47  0  0      0 2888768      0 369944    0    0     0  5549  542  482  3  1 96  0  0
2026-07-23 07:26:52  0  0      0 2881152      0 370000    0    0     0  4752  560  533  2  1 97  0  0
2026-07-23 07:26:57  0  0      0 2870208      0 370048    0    0     0  5606  588  557  2  1 96  0  0
2026-07-23 07:27:02  1  0      0 2860396      0 370116    0    0     0  4758  586  510  3  1 93  0  3
2026-07-23 07:27:07  0  0      0 2840012      0 370164    0    0     0  4752  524  479  2  1 96  0  0
2026-07-23 07:27:12  0  0      0 2825656      0 370204    0    0     0  3964  480  453  2  1 97  0  0
2026-07-23 07:27:17  0  0      0 2811836      0 370300    0    0     0  4773  563  556  2  1 97  0  0
2026-07-23 07:27:22  0  0      0 2790868      0 378556    0    0     0  5558  528  479  2  1 96  0  0
2026-07-23 07:27:27  0  0      0 2775548      0 378604    0    0     0  4034  483  462  2  1 97  0  0
2026-07-23 07:27:32  0  0      0 2757816      0 378680    0    0     0  6350  595  535  3  1 96  1  0
2026-07-23 07:27:37  0  0      0 2739200      0 378740    0    0     0  6347  574  513  3  1 96  1  0
2026-07-23 07:27:42  0  0      0 2713592      0 378784    0    0     0  6342  574  499  3  1 96  1  0
2026-07-23 07:27:47  0  0      0 2692756      0 378848    0    0     0  6347  607  576  3  1 96  0  0
2026-07-23 07:27:52  0  0      0 2659640      0 378908    0    0     0  7135  597  574  3  1 95  1  0
2026-07-23 07:27:57  0  0      0 2650256      0 378976    0    0     0  5615  542  527  2  1 96  0  0
2026-07-23 07:28:02 procs -----------memory---------- ---swap-- -----io---- -system-- ------cpu-----
2026-07-23 07:28:02  r  b   swpd   free   buff  cache   si   so    bi    bo   in   cs us sy id wa st
2026-07-23 07:28:02  0  0      0 2632968      0 379032    0    0     0  5557  642  551  3  2 91  0  4
2026-07-23 07:28:07  0  0      0 2612244      0 379096    0    0     0  4762  541  519  2  1 96  0  0
2026-07-23 07:28:12  0  0      0 2563448      0 379148    0    0     0  7158  607  556  3  1 95  1  0
2026-07-23 07:28:17  0  0      0 2536304      0 379252    0    0     0  5562  536  480  3  1 96  0  0
2026-07-23 07:28:22  0  0      0 2513760      0 379312    0    0     0  6349  584  538  3  1 96  1  0
2026-07-23 07:28:27  0  0      0 2482352      0 379372    0    0     0  7208  625  558  3  1 95  1  0
2026-07-23 07:28:32  0  0      0 2467948      0 379420    0    0     0  5565  552  499  3  1 96  1  0
2026-07-23 07:28:37  0  0      0 2446932      0 379476    0    0     0  5560  563  509  3  1 96  0  0
2026-07-23 07:28:42  0  0      0 2424208      0 379536    0    0     0  5557  581  550  2  1 96  0  0
2026-07-23 07:28:47  0  0      0 2397124      0 379596    0    0     0  6353  620  584  3  1 96  1  0
2026-07-23 07:28:52  2  0      0 2378496      0 379640    0    0     0  6349  606  553  3  1 96  0  0
2026-07-23 07:28:57  0  0      0 2365912      0 379708    0    0     0  5565  550  515  2  1 96  1  0
2026-07-23 07:29:02  0  0      0 2346768      0 379800    0    0     0  5566  593  564  3  1 94  0  2
2026-07-23 07:29:07  0  0      0 2333676      0 379856    0    0     0  5652  596  569  3  1 96  0  0
2026-07-23 07:29:12  0  0      0 2312332      0 379920    0    0     0  6360  603  570  3  1 96  1  0
2026-07-23 07:29:17  0  0      0 2283096      0 379980    0    0     0  5563  549  500  3  1 96  0  0
2026-07-23 07:29:22  0  0      0 2266480      0 380028    0    0     0  7150  606  567  3  1 95  1  0
2026-07-23 07:29:27  0  0      0 2237664      0 380096    0    0     0  5562  533  505  3  1 96  0  0
2026-07-23 07:29:32  0  0      0 2218196      0 380156    0    0     0  7150  631  557  3  1 96  1  0
2026-07-23 07:29:37  0  0      0 2189256      0 380212    0    0     0  6432  598  543  3  1 96  0  0
2026-07-23 07:29:42  0  0      0 2159028      0 386980    0    0     0  5561  526  481  2  1 96  0  0
2026-07-23 07:29:47 procs -----------memory---------- ---swap-- -----io---- -system-- ------cpu-----
2026-07-23 07:29:47  r  b   swpd   free   buff  cache   si   so    bi    bo   in   cs us sy id wa st
2026-07-23 07:29:47  0  0      0 2134812      0 387012    0    0     0  5573  551  512  3  1 96  0  0
2026-07-23 07:29:52  0  0      0 2107212      0 387108    0    0     0  6373  597  531  3  1 96  0  0
2026-07-23 07:29:57  0  0      0 2073476      0 387188    0    0     0  6371  613  575  3  1 96  1  0
2026-07-23 07:30:02  0  0      0 2052532      0 387500    0    0    66  4780  736  693  3  2 88  0  6
2026-07-23 07:30:07  0  0      0 2030184      0 387556    0    0     0  7221  677  612  3  2 90  0  5
2026-07-23 07:30:12  0  0      0 2000644      0 387620    0    0     0  5574  535  496  2  1 96  0  0
2026-07-23 07:30:17  0  0      0 1977888      0 387676    0    0     0  6372  622  610  3  1 96  1  0
2026-07-23 07:30:22  0  0      0 1945400      0 387736    0    0     0  7157  608  568  3  1 95  1  0
2026-07-23 07:30:27  0  0      0 1912464      0 387800    0    0     0  6362  603  564  3  1 96  0  0
2026-07-23 07:30:32  0  0      0 1898620      0 387852    0    0     0  5567  517  464  2  1 96  0  0
2026-07-23 07:30:37  0  0      0 1875580      0 387912    0    0     0  6454  611  550  3  1 96  0  0
2026-07-23 07:30:42  0  0      0 1841980      0 388012    0    0     0  7982  625  565  3  1 95  1  0
2026-07-23 07:30:47  0  0      0 1813024      0 388072    0    0     0  5572  578  535  3  1 96  0  0
2026-07-23 07:30:52  0  0      0 1780784      0 388120    0    0     0  7205  605  549  3  1 96  1  0
2026-07-23 07:30:57  0  0      0 1755264      0 388164    0    0     0  5572  544  481  3  1 96  0  0
2026-07-23 07:31:02  0  0      0 1725036      0 388248    0    0     0  7165  700  631  3  1 92  0  3
2026-07-23 07:31:07  0  0      0 1709876      0 388300    0    0     0  6434  604  574  3  1 96  0  0
2026-07-23 07:31:12  0  0      0 1707472      0 388348    0    0     0  4776  513  472  2  1 97  0  0
2026-07-23 07:31:17  0  0      0 1692716      0 388404    0    0     0  3988  522  507  2  1 97  0  0
2026-07-23 07:31:22  0  0      0 1694640      0 373576    0    0     0  7183  620  555  3  1 95  1  0
2026-07-23 07:31:27  0  0      0 1663816      0 373664    0    0     0  7187  630  600  3  1 95  1  0
2026-07-23 07:31:32 procs -----------memory---------- ---swap-- -----io---- -system-- ------cpu-----
2026-07-23 07:31:32  r  b   swpd   free   buff  cache   si   so    bi    bo   in   cs us sy id wa st
2026-07-23 07:31:32  0  0      0 1631088      0 373740    0    0     0  6401  565  514  3  1 96  1  0
2026-07-23 07:31:37  0  0      0 1602076      0 373784    0    0     0  6454  587  525  3  1 96  0  0
2026-07-23 07:31:42  0  0      0 1585104      0 373848    0    0     0  5581  568  534  2  1 96  0  0
2026-07-23 07:31:47  0  0      0 1572476      0 373908    0    0     0  5585  581  555  2  1 96  1  0
2026-07-23 07:31:52  0  0      0 1559324      0 373964    0    0     0  6384  614  552  3  1 96  0  0
2026-07-23 07:31:57  0  0      0 1534976      0 374028    0    0     0  5578  560  514  3  1 96  1  0
2026-07-23 07:32:02  2  0      0 1530716      0 374076    0    0     0  4782  565  560  2  1 94  0  2
2026-07-23 07:32:07  0  0      0 1493376      0 374144    0    0     0  6374  661  579  3  1 94  0  2
2026-07-23 07:32:12  0  0      0 1453532      0 374192    0    0     0  5642  593  565  2  1 96  0  0
2026-07-23 07:32:17  0  0      0 1433200      0 374252    0    0     0  5606  580  547  2  1 96  1  0
2026-07-23 07:32:22  0  0      0 1409012      0 374336    0    0     0  4805  545  477  2  1 97  0  0
2026-07-23 07:32:27  0  0      0 1391500      0 374404    0    0     0  6408  577  542  3  1 96  1  0
2026-07-23 07:32:32  0  0      0 1373688      0 374464    0    0     0  7193  618  562  3  1 95  1  0
2026-07-23 07:32:37  0  0      0 1349956      0 374508    0    0     0  7183  623  552  3  1 96  0  0
2026-07-23 07:32:42  0  0      0 1310120      0 374572    0    0     0  6384  573  519  3  1 96  1  0
2026-07-23 07:32:47  0  0      0 1279800      0 374632    0    0     0  4063  510  469  2  1 97  0  0
2026-07-23 07:32:52  0  0      0 1261200      0 374696    0    0     0  7191  624  545  3  1 96  1  0
2026-07-23 07:32:57  0  0      0 1223992      0 374752    0    0     0  7984  639  579  3  1 95  1  0
2026-07-23 07:33:02  0  0      0 1206824      0 374812    0    0     0  4788  603  521  2  1 93  0  2
2026-07-23 07:33:07  1  0      0 1178940      0 374876    0    0     0  6399  638  568  3  1 95  0  1
2026-07-23 07:33:12  0  0      0 1151420      0 374940    0    0     0  5610  552  528  3  1 96  0  0
2026-07-23 07:33:17 procs -----------memory---------- ---swap-- -----io---- -system-- ------cpu-----
2026-07-23 07:33:17  r  b   swpd   free   buff  cache   si   so    bi    bo   in   cs us sy id wa st
2026-07-23 07:33:17  0  0      0 1124892      0 375024    0    0     0  7265  659  612  3  1 96  0  0
2026-07-23 07:33:22  0  0      0 1117792      0 375076    0    0     0  5608  586  539  3  1 96  0  0
2026-07-23 07:33:27  0  0      0 1094776      0 375124    0    0     0  6407  575  514  3  1 96  1  0
2026-07-23 07:33:32  0  0      0 1071264      0 383384    0    0     0  6400  564  487  3  1 96  0  0
2026-07-23 07:33:37  0  0      0 1056808      0 383444    0    0     0  6405  611  552  3  1 96  0  0
2026-07-23 07:33:42  0  0      0 1037504      0 383504    0    0     0  6400  581  536  3  1 96  1  0
2026-07-23 07:33:47  0  0      0 1005616      0 383564    0    0     0  7265  627  574  3  1 95  1  0
2026-07-23 07:33:52  0  0      0 987012      0 383644    0    0     0  7217  629  567  3  1 96  1  0
2026-07-23 07:33:57  0  0      0 960520      0 383704    0    0     0  5626  559  527  2  1 96  0  0
2026-07-23 07:34:02  0  0      0 922908      0 383776    0    0     0  5627  658  564  3  1 92  0  3
2026-07-23 07:34:07  0  0      0 891352      0 383836    0    0     0  7213  648  588  3  1 95  0  0
2026-07-23 07:34:12  0  0      0 850356      0 383884    0    0     0  6406  591  532  3  1 96  0  0
2026-07-23 07:34:17  0  0      0 844360      0 383936    0    0     0  4069  486  467  2  1 97  0  0
2026-07-23 07:34:22  1  0      0 817016      0 384004    0    0     0  6408  606  538  3  1 96  1  0
2026-07-23 07:34:27  0  0      0 789984      0 384064    0    0     0  7191  626  571  3  1 96  1  0
2026-07-23 07:34:32  0  0      0 757352      0 384124    0    0     0  6401  567  550  3  1 96  1  0
2026-07-23 07:34:37  0  0      0 747652      0 384180    0    0     0  7198  616  537  3  1 96  1  0
2026-07-23 07:34:42  0  0      0 741424      0 384236    0    0     0  5610  547  545  3  1 96  0  0
2026-07-23 07:34:47  0  0      0 728756      0 384320    0    0     0  7293  617  569  3  1 96  1  0
2026-07-23 07:34:52  0  0      0 719448      0 384392    0    0     0  5627  556  506  3  1 96  0  0
2026-07-23 07:34:57  0  0      0 697036      0 384460    0    0     0  7219  629  583  3  1 95  1  0
2026-07-23 07:35:02 procs -----------memory---------- ---swap-- -----io---- -system-- ------cpu-----
2026-07-23 07:35:02  r  b   swpd   free   buff  cache   si   so    bi    bo   in   cs us sy id wa st
2026-07-23 07:35:02  2  0      0 680236      0 384536    0    0     5  4810  667  566  3  2 87  0  7
2026-07-23 07:35:07  0  0      0 647828      0 384616    0    0     0  5620  605  580  2  1 95  0  1
2026-07-23 07:35:12  0  0      0 617440      0 384668    0    0     0  5610  587  562  2  1 96  0  0
2026-07-23 07:35:17  0  0      0 571152      0 384716    0    0     0  6463  609  569  3  1 96  1  0
2026-07-23 07:35:22  0  0      0 545248      0 384780    0    0     0  5603  561  506  2  1 96  0  0
2026-07-23 07:35:27  0  0      0 518992      0 384840    0    0     0  4800  502  466  2  1 97  0  0
2026-07-23 07:35:32  0  0      0 502588      0 384900    0    0     0  6422  623  569  3  1 96  0  0
2026-07-23 07:35:37  0  0      0 466224      0 384960    0    0     0  5639  566  502  3  1 96  0  0
2026-07-23 07:35:42  0  0      0 464268      0 385056    0    0     0  6421  578  524  3  1 96  1  0
2026-07-23 07:35:47  0  0      0 454116      0 391796    0    0     0  5617  524  523  2  1 96  0  0
2026-07-23 07:35:52  0  0      0 444912      0 391860    0    0     0  6520  627  566  3  1 96  1  0
2026-07-23 07:35:57  0  0      0 421068      0 391920    0    0     0  7222  634  572  3  1 95  1  0
2026-07-23 07:36:02  0  0      0 407340      0 391980    0    0     0  5617  594  536  3  1 92  0  4
2026-07-23 07:36:07  0  0      0 375980      0 392056    0    0     0  6419  657  598  3  1 95  0  1
2026-07-23 07:36:12  0  0      0 360972      0 392116    0    0     0  4012  501  489  2  1 97  0  0
2026-07-23 07:36:17  0  0      0 326292      0 392180    0    0     0  6429  626  596  3  1 95  1  0
2026-07-23 07:36:22  0  0      0 308096      0 392248    0    0     0  5700  584  548  2  1 96  1  0
2026-07-23 07:36:27  0  0      0 292676      0 392296    0    0     0  5642  545  483  3  1 96  0  0
2026-07-23 07:36:32  0  0      0 272792      0 392380    0    0     0  5640  563  559  3  1 96  1  0
2026-07-23 07:36:37  0  0      0 239332      0 392444    0    0     0  7230  607  572  3  1 96  1  0
2026-07-23 07:36:42  0  0      0 206488      0 392496    0    0     0  6427  607  550  3  1 96  1  0
2026-07-23 07:36:47 procs -----------memory---------- ---swap-- -----io---- -system-- ------cpu-----
2026-07-23 07:36:47  r  b   swpd   free   buff  cache   si   so    bi    bo   in   cs us sy id wa st
2026-07-23 07:36:47  0  0      0 179560      0 392560    0    0     0  6433  596  546  3  1 96  1  0
2026-07-23 07:36:52  0  0      0 152048      0 392616    0    0     0  6495  586  562  3  1 96  0  0
2026-07-23 07:36:57  0  0      0 138668      0 392676    0    0     0  4819  546  524  2  1 97  0  0
2026-07-23 07:37:02  0  0      0 107504      0 392740    0    0     0  6430  666  624  3  1 92  0  3
2026-07-23 07:37:07  0  0      0  86000      0 392764    0    0     0  6426  636  586  3  1 96  1  0
2026-07-23 07:37:12  0  0      0  93344      0 370544    0    0     0  5632  564  531  3  1 96  0  0
2026-07-23 07:37:17  0  0      0  96824      0 337328    0    0    93  6507  613  595  3  1 95  1  0
2026-07-23 07:37:22  0  0      0 118304      0 277480    0    0  1391  8096  713  597  3  2 94  1  0
2026-07-23 07:37:27  0  0      0 103040      0 269084    0    0  3037  8044  784  623  3  1 95  1  0
2026-07-23 07:37:32  0  0      0  97864      0 237140    0    0   248  8920  826  714  3  2 93  1  0
2026-07-23 07:37:37  0 11      0  87088      0 225588    0    0 89263  5713 1745 1262  3  6 67 25  0
2026-07-23 07:37:45  4  9      0  88976      0 225992    0    0 192092   823 2764 1924  1 13  4 82  0
2026-07-23 07:37:50  2  5      0  87396      0 228104    0    0 138679   817 2457 1776  1 14  1 84  0
2026-07-23 07:37:55  1  5      0  86788      0 222920    0    0 132844   850 2413 1858  1 13  2 83  0
2026-07-23 07:38:03  1 12      0  87892      0 228848    0    0 195610    32 3024 2147  1 16  1 76  6
2026-07-23 07:38:16  2 10      0  89816      0 220844    0    0 325390   835 2893 1944  0 16  2 80  1
2026-07-23 07:38:25  2 10      0  87036      0 221780    0    0 227266     7 5643 3383  0 28  1 71  0
2026-07-23 07:38:58  5 14      0  86696      0 222632    0    0 787310    39 8877 5648  0 32  0 68  0
2026-07-23 07:39:10  2 18      0  86676      0 225288    0    0 373756     7 10112 6082  0 35  0 60  4
2026-07-23 07:39:27  1 15      0  86516      0 225272    0    0 399424    22 4682 2937  0 28  1 71  0
2026-07-23 07:39:59  0 14      0  88060      0 221060    0    0 548302    21 7218 4350  0 29  1 70  0
2026-07-23 07:40:04 procs -----------memory---------- ---swap-- -----io---- -system-- ------cpu-----
2026-07-23 07:40:05  r  b   swpd   free   buff  cache   si   so    bi    bo   in   cs us sy id wa st
2026-07-23 07:40:07  0  6      0  85584      0 226660    0    0 442596   827 10731 6977  0 29  1 67  3
2026-07-23 07:40:10  0 15      0  89296      0 219632    0    0 153022     6 2386 1678  0 21  1 77  0
2026-07-23 07:40:23  0 14      0  87364      0 225532    0    0 341914    33 2348 1602  1 19  2 79  0
2026-07-23 07:40:43  0 15      0  87220      0 223240    0    0 482370    21 8098 4851  0 30  1 69  0
2026-07-23 07:40:54  3  7      0  89488      0 221748    0    0 289380    20 5227 3478  0 21  0 78  0
2026-07-23 07:41:06  0 16      0  90360      0 220536    0    0 315139    22 5460 3461  0 26  0 70  4
2026-07-23 07:41:26  0 16      0  87664      0 225192    0    0 436630    20 5341 3536  0 25  1 74  0
2026-07-23 07:41:32  2 12      0  91684      0 220608    0    0 220285    14 5281 3580  0 20  1 79  0
2026-07-23 07:41:39  0  9      0  88144      0 222308    0    0 186064   825 2937 2017  1 14  2 83  0
2026-07-23 07:41:45  1 15      0  91524      0 219292    0    0 170860    14 2244 1559  1 17  1 82  0
2026-07-23 07:41:51  0 15      0  85740      0 226508    0    0 155075    13 2827 2073  1 15  1 83  0
2026-07-23 07:41:58  0  9      0  90068      0 220016    0    0 164753    19 2347 1663  0 18  2 80  0
2026-07-23 07:42:21  0 18      0  89808      0 220732    0    0 517402    18 4978 2941  0 27  0 64  8
2026-07-23 07:42:42  0 19      0  95772      0 216748    0    0 609118    23 11687 7434  0 31  0 69  0
2026-07-23 07:42:55  1 15      0  89940      0 222456    0    0 324201    16 3498 2190  0 29  0 70  0
2026-07-23 07:43:05  1  9      0  88748      0 223684    0    0 133350     6 4736 3600  0 15  1 83  2
2026-07-23 07:43:13  0  6      0  90324      0 220424    0    0 64453   805 1296 1524  0  5  0 95  0
2026-07-23 07:43:30  0  9      0  88564      0 222532    0    0 140466    20 1387 1517  0  5  2 93  0
2026-07-23 07:43:40  0 10      0  84884      0 227204    0    0 88486     7 3360 3464  0  7  1 92  0
2026-07-23 07:43:54  1 11      0  85308      0 227060    0    0 127892    15 2225 2274  0  8  0 92  0
2026-07-23 07:43:59  0  0      0 3207812      0 277584    0    0 12648  1638 2031 2040  1  6 34 58  0
2026-07-23 07:44:04 procs -----------memory---------- ---swap-- -----io---- -system-- ------cpu-----
2026-07-23 07:44:04  r  b   swpd   free   buff  cache   si   so    bi    bo   in   cs us sy id wa st
2026-07-23 07:44:04  0  0      0 3145208      0 290148    0    0   196  2413  460  413  2  1 94  0  3
2026-07-23 07:44:09  0  0      0 3106560      0 302088    0    0     0  2412  347  347  1  1 98  0  0
2026-07-23 07:44:14  0  0      0 3078376      0 315952    0    0     3  3216  438  410  2  1 97  0  0
2026-07-23 07:44:19  0  0      0 3068500      0 316056    0    0     0  2410  402  401  1  1 98  0  0
2026-07-23 07:44:24  0  0      0 3061884      0 316088    0    0     0  3214  434  428  2  1 97  0  0
2026-07-23 07:44:29  0  0      0 3060444      0 316144    0    0     4  1684  323  350  1  1 98  0  0
2026-07-23 07:44:34  0  0      0 3058012      0 316196    0    0     2  2418  423  437  1  1 98  0  0
2026-07-23 07:44:39  0  0      0 3038416      0 316240    0    0     0  3217  437  431  2  1 97  0  0
2026-07-23 07:44:44  0  0      0 3036072      0 316292    0    0     0  2410  429  436  1  1 98  0  0
2026-07-23 07:44:49  0  0      0 3035940      0 316324    0    0     0  3219  419  405  2  1 98  0  0
2026-07-23 07:44:54  0  0      0 3035904      0 316372    0    0     0  1684  346  397  1  0 98  0  0
2026-07-23 07:44:59  0  0      0 3023280      0 317284    0    0   178  2414  440  447  1  1 98  0  0
2026-07-23 07:45:04  0  0      0 3009708      0 317352    0    0     0  3216  528  522  2  1 94  0  3
2026-07-23 07:45:09  0  0      0 3000148      0 317380    0    0     0  2472  409  437  1  1 98  0  0
2026-07-23 07:45:14  0  0      0 3000028      0 317432    0    0     0  2410  346  357  1  0 98  0  0
2026-07-23 07:45:19  0  0      0 2998028      0 317484    0    0     0  3214  453  481  2  1 97  0  0
2026-07-23 07:45:24  0  0      0 3006600      0 317516    0    0     0  3235  458  483  2  1 97  0  0
2026-07-23 07:45:29  0  0      0 3005312      0 317584    0    0     2  4017  490  497  2  1 97  0  0
2026-07-23 07:45:34  0  0      0 2995524      0 317616    0    0     0  3217  444  441  2  1 97  0  0
2026-07-23 07:45:39  0  0      0 3004244      0 317668    0    0     0  1611  368  430  1  0 98  0  0
2026-07-23 07:45:44  0  0      0 3003016      0 317716    0    0     0  3276  469  471  2  1 97  0  0
2026-07-23 07:45:49 procs -----------memory---------- ---swap-- -----io---- -system-- ------cpu-----
2026-07-23 07:45:49  r  b   swpd   free   buff  cache   si   so    bi    bo   in   cs us sy id wa st
2026-07-23 07:45:49  0  0      0 2991424      0 317764    0    0     0  2410  447  467  2  1 98  0  0
2026-07-23 07:45:54  0  0      0 2990284      0 317796    0    0     0  2415  448  470  1  1 98  0  0
2026-07-23 07:45:59  0  0      0 2990300      0 317844    0    0     0  2410  358  417  1  0 98  0  0
2026-07-23 07:46:04  0  0      0 2988992      0 317932    0    0     0  3217  563  548  2  2 92  0  4
2026-07-23 07:46:09  0  0      0 2989272      0 317984    0    0     0  4016  467  461  2  1 97  0  0
2026-07-23 07:46:14  0  0      0 2996564      0 318016    0    0     0  3213  435  460  2  1 97  0  0
2026-07-23 07:46:19  0  0      0 2995256      0 318068    0    0     0  2479  405  422  1  1 98  0  0
2026-07-23 07:46:24  0  0      0 2988892      0 318116    0    0     0  2431  392  439  1  0 98  0  0
2026-07-23 07:46:29  0  0      0 2977508      0 326356    0    0     0  2421  428  444  2  1 98  0  0
2026-07-23 07:46:34  0  0      0 2977420      0 326392    0    0     0  3234  466  492  2  1 97  0  0
2026-07-23 07:46:39  0  0      0 2984624      0 326452    0    0     0  2422  437  467  1  1 98  0  0
2026-07-23 07:46:44  0  0      0 2982604      0 326484    0    0     0  1611  343  386  1  0 99  0  0
2026-07-23 07:46:49  0  0      0 2977096      0 326528    0    0     0  2417  444  471  2  1 98  0  0
2026-07-23 07:46:54  0  0      0 2975956      0 326584    0    0     0  4094  512  526  2  1 97  0  0
2026-07-23 07:46:59  0  0      0 2975836      0 326636    0    0     0  3222  446  476  2  1 97  0  0
2026-07-23 07:47:04  0  0      0 2978976      0 326668    0    0     0  4038  502  440  2  1 94  0  2
2026-07-23 07:47:09  0  0      0 2975828      0 326720    0    0     0  1611  344  392  1  1 98  0  0
2026-07-23 07:47:14  0  0      0 2980204      0 326764    0    0     0  3219  434  439  2  1 97  0  0
2026-07-23 07:47:19  0  0      0 2976160      0 326812    0    0     0  2412  424  432  1  1 98  0  0
2026-07-23 07:47:24  0  0      0 2976196      0 326860    0    0     0  2417  427  432  1  1 98  0  0
2026-07-23 07:47:29  0  0      0 2971880      0 326892    0    0     0  1671  320  344  1  0 99  0  0
2026-07-23 07:47:34 procs -----------memory---------- ---swap-- -----io---- -system-- ------cpu-----
2026-07-23 07:47:34  r  b   swpd   free   buff  cache   si   so    bi    bo   in   cs us sy id wa st
2026-07-23 07:47:34  0  0      0 2969776      0 326940    0    0     0  3222  451  439  2  0 97  0  0
2026-07-23 07:47:39  0  0      0 2973844      0 326992    0    0     0  3218  448  448  2  1 97  0  0
2026-07-23 07:47:44  0  0      0 2967444      0 327044    0    0     0  3216  449  463  2  1 97  0  0
2026-07-23 07:47:49  0  0      0 2967316      0 327072    0    0     0  2412  401  381  1  1 98  0  0
2026-07-23 07:47:54  0  0      0 2967364      0 327124    0    0     0  2416  374  434  1  0 98  0  0
2026-07-23 07:47:59  0  0      0 2967252      0 327172    0    0     0  2412  439  438  1  1 98  0  0
2026-07-23 07:48:04  0  0      0 2966108      0 327224    0    0     0  3276  536  488  2  2 92  0  5
2026-07-23 07:48:09  0  0      0 2970324      0 327256    0    0     0  3226  449  464  2  1 97  0  0
2026-07-23 07:48:14  0  0      0 2970172      0 327308    0    0     0  2419  359  382  1  1 98  0  0
2026-07-23 07:48:19  0  0      0 2970144      0 327356    0    0     0  2418  432  455  1  1 98  0  0
2026-07-23 07:48:24  1  0      0 2963808      0 327404    0    0     0  3232  467  484  2  1 97  0  0
2026-07-23 07:48:29  0  0      0 2963816      0 327452    0    0     0  2424  454  492  1  1 98  0  0
2026-07-23 07:48:34  0  0      0 2961676      0 327480    0    0     0  2424  423  432  2  0 98  0  0
2026-07-23 07:48:39  0  0      0 2961620      0 327532    0    0     0  1674  373  429  1  0 98  0  0
2026-07-23 07:48:44  0  0      0 2960684      0 327576    0    0     0  3230  473  482  2  1 97  0  0
2026-07-23 07:48:49  0  0      0 2960516      0 327612    0    0     0  2419  448  477  1  1 98  0  0
2026-07-23 07:48:54  0  0      0 2958996      0 327680    0    0     0  3226  460  482  2  1 97  0  0
2026-07-23 07:48:59  0  0      0 2959156      0 327692    0    0     0  1617  347  389  1  0 98  0  0
2026-07-23 07:49:04  0  0      0 2957720      0 327792    0    0    20  2424  560  506  2  1 92  0  4
2026-07-23 07:49:09  0  0      0 2957664      0 327844    0    0     0  3226  444  448  2  1 97  0  0
2026-07-23 07:49:14  0  0      0 2956572      0 327896    0    0     0  3285  461  501  2  1 97  0  0
2026-07-23 07:49:19 procs -----------memory---------- ---swap-- -----io---- -system-- ------cpu-----
2026-07-23 07:49:19  r  b   swpd   free   buff  cache   si   so    bi    bo   in   cs us sy id wa st
2026-07-23 07:49:19  0  0      0 2960560      0 327924    0    0     0  3230  417  399  2  0 97  0  0
2026-07-23 07:49:24  0  0      0 2944776      0 334672    0    0     0  1613  332  371  1  1 98  0  0
2026-07-23 07:49:29  0  0      0 2944804      0 334728    0    0     0  4038  467  451  2  1 97  0  0
2026-07-23 07:49:34  0  0      0 2949508      0 334772    0    0     0  2419  421  428  1  1 98  0  0
2026-07-23 07:49:39  0  0      0 2942644      0 334824    0    0     2  3233  440  441  2  1 97  0  0
2026-07-23 07:49:44  0  0      0 2942580      0 334856    0    0     0  2477  343  351  1  1 98  0  0
2026-07-23 07:49:49  0  0      0 2939260      0 334904    0    0     0  2424  417  422  1  1 98  0  0
2026-07-23 07:49:54  0  0      0 2943964      0 334952    0    0     0  3218  462  464  2  1 97  0  0
2026-07-23 07:49:59  0  0      0 2939128      0 335000    0    0     0  2456  426  430  1  1 98  0  0
2026-07-23 07:50:04  0  0      0 2938880      0 335048    0    0     0  2419  481  437  2  2 90  0  6
2026-07-23 07:50:09  0  0      0 2942724      0 335100    0    0     0  1614  347  394  1  0 98  0  0
2026-07-23 07:50:14  0  0      0 2938064      0 335144    0    0     0  2422  434  447  1  1 98  0  0
2026-07-23 07:50:19  0  0      0 2936912      0 335192    0    0     0  2485  428  423  1  1 98  0  0
2026-07-23 07:50:24  0  0      0 2936916      0 335224    0    0     0  3233  475  490  2  1 97  0  0
2026-07-23 07:50:29  0  0      0 2941772      0 335272    0    0     0  1619  347  393  1  0 98  0  0
2026-07-23 07:50:34  0  0      0 2942352      0 335328    0    0     0  4039  458  437  2  1 97  0  0
2026-07-23 07:50:39  0  0      0 2939848      0 335384    0    0     0  5646  566  549  3  1 96  1  0
2026-07-23 07:50:44  0  0      0 2928412      0 335436    0    0     0  4834  554  534  2  1 97  0  0
2026-07-23 07:50:49  0  0      0 2932084      0 335484    0    0     0  4084  498  498  2  1 97  0  0
2026-07-23 07:50:54  0  0      0 2931256      0 335536    0    0     0  4034  475  445  2  1 97  0  0
2026-07-23 07:50:59  0  0      0 2924752      0 335588    0    0     0  4844  569  556  2  1 97  0  0
2026-07-23 07:51:04 procs -----------memory---------- ---swap-- -----io---- -system-- ------cpu-----
2026-07-23 07:51:04  r  b   swpd   free   buff  cache   si   so    bi    bo   in   cs us sy id wa st
2026-07-23 07:51:04  2  0      0 2922624      0 335648    0    0     0  4834  626  600  2  1 94  0  2
2026-07-23 07:51:09  0  0      0 2909240      0 335688    0    0     0  4028  537  543  2  1 97  0  0
2026-07-23 07:51:14  0  0      0 2905736      0 335744    0    0     0  4028  493  480  2  1 97  0  0
2026-07-23 07:51:19  0  0      0 2893428      0 335800    0    0     0  5702  592  575  3  1 96  0  0
2026-07-23 07:51:24  0  0      0 2887616      0 320964    0    0     0  5658  619  594  3  1 96  0  0
2026-07-23 07:51:29  0  0      0 2865496      0 321020    0    0     0  5669  602  579  2  1 96  0  0
2026-07-23 07:51:34  0  0      0 2855404      0 321064    0    0     0  4050  502  482  2  1 97  0  0
2026-07-23 07:51:39  0  0      0 2840760      0 321112    0    0     0  4040  518  516  2  1 97  0  0
2026-07-23 07:51:44  0  0      0 2829860      0 321168    0    0     0  4846  541  500  2  1 97  0  0
2026-07-23 07:51:49  0  0      0 2816096      0 321224    0    0     0  4908  567  536  2  1 96  0  0
2026-07-23 07:51:54  0  0      0 2816308      0 321264    0    0     0  4047  536  530  2  1 97  0  0
2026-07-23 07:51:59  0  0      0 2795208      0 321320    0    0     0  4045  463  448  2  1 97  0  0
2026-07-23 07:52:04  0  0      0 2785884      0 321388    0    0     0  4848  654  569  3  2 90  0  5
2026-07-23 07:52:09  0  0      0 2773484      0 321444    0    0     0  5656  575  541  2  1 96  0  0
2026-07-23 07:52:14  1  0      0 2760760      0 321484    0    0     0  4850  549  527  2  1 97  0  0
2026-07-23 07:52:19  0  0      0 2752900      0 321540    0    0     0  4038  477  416  2  1 97  0  0
2026-07-23 07:52:24  0  0      0 2756616      0 321596    0    0     0  4101  477  440  2  1 97  0  0
2026-07-23 07:52:29  0  0      0 2743092      0 321648    0    0     0  4870  571  550  2  1 97  0  0
2026-07-23 07:52:34  0  0      0 2734012      0 321692    0    0     0  4859  603  591  2  1 97  0  0
2026-07-23 07:52:39  0  0      0 2713916      0 321764    0    0     0  4862  556  547  2  1 97  0  0
2026-07-23 07:52:44  0  0      0 2701696      0 321804    0    0     0  4048  478  440  2  1 97  0  0
2026-07-23 07:52:49 procs -----------memory---------- ---swap-- -----io---- -system-- ------cpu-----
2026-07-23 07:52:49  r  b   swpd   free   buff  cache   si   so    bi    bo   in   cs us sy id wa st
2026-07-23 07:52:49  0  0      0 2697256      0 321860    0    0     0  5658  587  567  3  1 96  0  0
2026-07-23 07:52:54  0  0      0 2677684      0 321912    0    0     0  4848  567  535  2  1 97  0  0
2026-07-23 07:52:59  0  0      0 2656264      0 321968    0    0     0  4932  559  529  2  1 97  0  0
2026-07-23 07:53:04  0  0      0 2644320      0 322024    0    0     0  4040  574  516  2  1 93  0  3
2026-07-23 07:53:09  0  0      0 2628204      0 322068    0    0     0  4038  476  441  2  1 97  0  0
2026-07-23 07:53:14  0  0      0 2612200      0 322124    0    0     0  4843  542  504  2  1 97  0  0
2026-07-23 07:53:19  0  0      0 2591348      0 322176    0    0     0  4843  564  516  2  1 96  0  0
2026-07-23 07:53:24  0  0      0 2570680      0 322228    0    0     0  4036  534  524  2  1 97  0  0
2026-07-23 07:53:29  0  0      0 2548164      0 322272    0    0     0  4905  518  487  2  1 97  0  0
2026-07-23 07:53:34  0  0      0 2550004      0 322328    0    0     0  4855  566  559  2  1 97  0  0
2026-07-23 07:53:39  0  0      0 2539492      0 322388    0    0     0  6474  615  576  3  1 96  1  0
2026-07-23 07:53:44  0  0      0 2513800      0 330632    0    0     0  4850  549  516  2  1 97  0  0
2026-07-23 07:53:49  0  0      0 2503480      0 330676    0    0     0  4039  503  462  2  1 97  0  0
2026-07-23 07:53:54  0  0      0 2492344      0 330732    0    0     0  4040  516  516  2  1 97  0  0
2026-07-23 07:53:59  0  0      0 2467876      0 330784    0    0     0  4917  553  518  2  1 96  0  0
2026-07-23 07:54:04  0  0      0 2458948      0 330836    0    0     0  5665  677  609  3  2 89  0  6
2026-07-23 07:54:09  0  0      0 2451008      0 330908    0    0     0  4040  519  481  2  1 97  0  0
2026-07-23 07:54:14  3  0      0 2451872      0 330948    0    0     0  4040  467  416  2  1 97  0  0
2026-07-23 07:54:19  0  0      0 2435284      0 331004    0    0     0  4848  511  459  2  1 97  0  0
2026-07-23 07:54:24  0  0      0 2412588      0 331060    0    0     0  5656  563  509  2  1 96  1  0
2026-07-23 07:54:29  0  0      0 2408472      0 331112    0    0     3  4912  592  540  3  1 96  0  0
2026-07-23 07:54:34 procs -----------memory---------- ---swap-- -----io---- -system-- ------cpu-----
2026-07-23 07:54:34  r  b   swpd   free   buff  cache   si   so    bi    bo   in   cs us sy id wa st
2026-07-23 07:54:34  0  0      0 2398248      0 331156    0    0     0  4052  471  415  2  1 97  0  0
2026-07-23 07:54:39  0  0      0 2402932      0 331208    0    0     0  4046  488  469  2  1 97  0  0
2026-07-23 07:54:44  0  0      0 2391096      0 331260    0    0     0  4866  540  482  2  1 96  0  0
2026-07-23 07:54:49  0  0      0 2379280      0 331316    0    0     0  4867  553  519  2  1 97  0  0
2026-07-23 07:54:54  0  0      0 2367668      0 331372    0    0     0  4867  532  478  2  1 96  0  0
2026-07-23 07:54:59  4  0      0 2357488      0 331416    0    0     0  4096  516  464  2  1 97  0  0
2026-07-23 07:55:04  0  0      0 2344272      0 331484    0    0     0  4926  585  540  3  2 89  0  6
2026-07-23 07:55:09  0  0      0 2324100      0 331540    0    0     0  4865  531  511  2  1 97  0  0
2026-07-23 07:55:14  0  0      0 2303000      0 331580    0    0     0  4858  558  519  2  1 97  0  0
2026-07-23 07:55:19  0  0      0 2279476      0 331636    0    0     0  4048  509  474  2  1 97  0  0
2026-07-23 07:55:24  0  0      0 2273480      0 331688    0    0     0  4048  521  520  2  1 97  0  0
2026-07-23 07:55:29  0  0      0 2268500      0 331740    0    0     0  4866  553  532  2  1 97  0  0
2026-07-23 07:55:34  0  0      0 2251668      0 331804    0    0     0  5667  604  567  3  1 96  0  0
2026-07-23 07:55:39  0  0      0 2239232      0 331840    0    0     0  4113  494  459  2  1 97  0  0
2026-07-23 07:55:44  5  0      0 2236716      0 331896    0    0     0  4054  531  507  2  1 97  0  0
2026-07-23 07:55:49  0  0      0 2225092      0 331952    0    0     0  4870  512  479  2  1 97  0  0
2026-07-23 07:55:54  0  0      0 2207356      0 332008    0    0     0  5691  585  540  3  1 96  0  0
2026-07-23 07:55:59  0  0      0 2196464      0 332064    0    0     0  4881  527  480  2  1 97  0  0
2026-07-23 07:56:04  0  0      0 2183596      0 332116    0    0     0  4057  555  469  2  2 92  0  4
2026-07-23 07:56:09  0  0      0 2169988      0 332160    0    0     0  4052  448  425  2  1 97  0  0
2026-07-23 07:56:14  0  0      0 2145752      0 332216    0    0     0  5742  591  534  3  1 96  0  0
2026-07-23 07:56:19 procs -----------memory---------- ---swap-- -----io---- -system-- ------cpu-----
2026-07-23 07:56:19  r  b   swpd   free   buff  cache   si   so    bi    bo   in   cs us sy id wa st
2026-07-23 07:56:19  0  0      0 2129452      0 338956    0    0     0  4869  539  481  2  1 96  0  0
2026-07-23 07:56:24  0  0      0 2122128      0 339008    0    0     0  5673  559  520  2  1 96  0  0
2026-07-23 07:56:29  2  0      0 2097504      0 339064    0    0     0  4053  489  418  2  1 97  0  0
2026-07-23 07:56:34  0  0      0 2088616      0 339120    0    0     0  4862  511  489  2  1 97  0  0
2026-07-23 07:56:39  1  0      0 2060192      0 339160    0    0     0  5677  555  530  3  1 96  0  0
2026-07-23 07:56:44  0  0      0 2041656      0 339232    0    0     0  4924  540  472  2  1 97  0  0
2026-07-23 07:56:49  0  0      0 2030148      0 339272    0    0     0  4062  499  462  2  1 97  0  0
2026-07-23 07:56:54  0  0      0 2018208      0 339328    0    0     0  4872  526  492  2  1 97  0  0
2026-07-23 07:56:59  0  0      0 2008012      0 339384    0    0     0  4885  554  518  2  1 97  0  0
2026-07-23 07:57:04  0  0      0 1990572      0 339448    0    0     0  5690  666  603  3  2 92  0  3
2026-07-23 07:57:09  0  0      0 1970036      0 339484    0    0     0  4061  492  447  2  1 97  0  0
2026-07-23 07:57:14  1  0      0 1964508      0 339544    0    0     0  4118  511  465  2  1 97  0  0
2026-07-23 07:57:19  0  0      0 1950332      0 339600    0    0     0  4867  507  483  2  1 97  0  0
2026-07-23 07:57:24  0  0      0 1957804      0 339656    0    0     0  4874  554  521  2  1 97  0  0
2026-07-23 07:57:29  0  0      0 1943768      0 339708    0    0     0  4868  540  486  2  1 96  0  0
2026-07-23 07:57:34  0  0      0 1936916      0 339748    0    0     0  4058  506  453  2  1 97  0  0
2026-07-23 07:57:39  0  0      0 1930600      0 339804    0    0     0  4058  495  484  2  1 97  0  0
2026-07-23 07:57:44  0  0      0 1904948      0 339864    0    0     0  5743  568  505  3  1 96  0  0
2026-07-23 07:57:49  0  0      0 1903876      0 339916    0    0     0  4867  542  508  2  1 97  0  0
2026-07-23 07:57:54  0  0      0 1882184      0 339952    0    0     0  4062  530  496  2  1 97  0  0
2026-07-23 07:57:59  3  0      0 1873788      0 340008    0    0     0  4069  502  471  2  1 97  0  0
2026-07-23 07:58:04 procs -----------memory---------- ---swap-- -----io---- -system-- ------cpu-----
2026-07-23 07:58:04  r  b   swpd   free   buff  cache   si   so    bi    bo   in   cs us sy id wa st
2026-07-23 07:58:04  0  0      0 1854160      0 340064    0    0     0  4882  601  537  2  1 91  0  5
2026-07-23 07:58:09  0  0      0 1845784      0 331932    0    0     0  5686  528  460  2  1 96  0  0
2026-07-23 07:58:14  0  0      0 1836076      0 331968    0    0     0  4872  571  532  3  1 96  0  0
2026-07-23 07:58:19  0  0      0 1826452      0 332024    0    0     0  4130  505  474  2  1 97  0  0
2026-07-23 07:58:24  0  0      0 1811844      0 332080    0    0     0  4872  526  496  2  1 97  0  0
2026-07-23 07:58:29  0  0      0 1810952      0 332136    0    0     0  4887  535  480  2  1 97  0  0
2026-07-23 07:58:34  0  0      0 1806704      0 332172    0    0     0  4876  538  497  2  1 97  0  0
2026-07-23 07:58:39  1  0      0 1801740      0 332244    0    0     0  4061  517  489  2  1 97  0  0
2026-07-23 07:58:44  1  0      0 1788204      0 332284    0    0     0  4060  485  399  2  1 96  0  0
2026-07-23 07:58:49  0  0      0 1779940      0 332340    0    0     0  4933  489  440  2  1 97  0  0
2026-07-23 07:58:54  0  0      0 1780496      0 332400    0    0     0  5684  571  530  3  1 96  1  0
2026-07-23 07:58:59  0  0      0 1767876      0 332452    0    0     0  4892  519  461  2  1 97  0  0
2026-07-23 07:59:04  0  0      0 1756308      0 332492    0    0     0  4070  553  514  2  2 93  0  3
2026-07-23 07:59:09  0  0      0 1748184      0 332548    0    0     0  4078  462  428  2  1 97  0  0
2026-07-23 07:59:14  0  0      0 1730060      0 332604    0    0     0  4883  511  455  2  1 96  0  0
2026-07-23 07:59:19  0  0      0 1725604      0 332660    0    0     0  4877  563  517  2  1 97  0  0
2026-07-23 07:59:24  0  0      0 1727792      0 332696    0    0     0  4064  521  505  2  1 97  0  0
2026-07-23 07:59:29  1  0      0 1714680      0 332752    0    0     0  4140  516  469  2  1 97  0  0
2026-07-23 07:59:34  0  0      0 1709332      0 332808    0    0     0  4882  530  504  2  1 97  0  0
2026-07-23 07:59:39  0  0      0 1693140      0 332864    0    0     0  4885  540  490  2  1 97  0  0
2026-07-23 07:59:44  0  0      0 1684064      0 332916    0    0     0  4877  534  484  2  1 96  0  0
2026-07-23 07:59:49 procs -----------memory---------- ---swap-- -----io---- -system-- ------cpu-----
2026-07-23 07:59:49  r  b   swpd   free   buff  cache   si   so    bi    bo   in   cs us sy id wa st
2026-07-23 07:59:49  0  0      0 1665980      0 332956    0    0     0  4877  515  462  2  1 96  0  0
2026-07-23 07:59:54  0  0      0 1664124      0 333016    0    0     0  4064  582  549  2  1 96  0  0
2026-07-23 07:59:59  0  0      0 1655220      0 333068    0    0     0  4944  557  501  2  1 96  0  0
2026-07-23 08:00:04  0  0      0 1657012      0 333156    0    0     9  4877  684  646  2  3 87  0  8
2026-07-23 08:00:09  0  0      0 1638484      0 333220    0    0     0  4080  500  488  2  1 95  0  2
2026-07-23 08:00:14  2  0      0 1613744      0 333268    0    0     0  4898  517  490  2  1 97  0  0
2026-07-23 08:00:19  0  0      0 1600020      0 333328    0    0     0  4912  534  544  2  1 97  0  0
2026-07-23 08:00:24  0  0      0 1578964      0 341576    0    0     0  5717  580  559  2  1 96  0  0
2026-07-23 08:00:29  0  0      0 1566384      0 341628    0    0     0  5805  574  580  2  1 96  0  0
2026-07-23 08:00:34  0  0      0 1551380      0 341672    0    0     0  4893  567  544  2  1 96  0  0
2026-07-23 08:00:39  0  0      0 1522576      0 341736    0    0     0  6532  551  505  3  1 96  0  0
2026-07-23 08:00:44  0  0      0 1494996      0 341800    0    0     0  6522  638  616  3  1 96  1  0
2026-07-23 08:00:49  0  0      0 1459692      0 341840    0    0     0  7337  667  625  3  1 96  0  0
2026-07-23 08:00:54  0  0      0 1436468      0 341916    0    0     0  5706  602  568  2  1 96  0  0
2026-07-23 08:00:59  2  0      0 1426276      0 341964    0    0     0  6588  603  596  3  1 96  1  0
2026-07-23 08:01:04  1  0      0 1408260      0 342184    0    0    48  4920  726  602  3  2 86  0  8
2026-07-23 08:01:09  0  0      0 1383492      0 342244    0    0     0  6533  609  583  3  1 96  0  0
2026-07-23 08:01:14  0  0      0 1356252      0 342300    0    0     0  5723  584  586  2  1 96  0  0
2026-07-23 08:01:19  0  0      0 1326116      0 342348    0    0     0  5712  571  548  2  1 96  0  0
2026-07-23 08:01:24  0  0      0 1310584      0 342408    0    0     0  4080  508  522  2  1 97  0  0
2026-07-23 08:01:29  0  0      0 1291136      0 342468    0    0     0  5777  567  521  3  1 96  0  0
2026-07-23 08:01:34 procs -----------memory---------- ---swap-- -----io---- -system-- ------cpu-----
2026-07-23 08:01:34  r  b   swpd   free   buff  cache   si   so    bi    bo   in   cs us sy id wa st
2026-07-23 08:01:34  0  0      0 1283648      0 342532    0    0     0  5723  619  578  3  1 96  0  0
2026-07-23 08:01:39  0  0      0 1281632      0 342568    0    0     0  4082  527  514  2  1 97  0  0
2026-07-23 08:01:44  1  0      0 1235424      0 342628    0    0     0  5718  572  553  2  1 96  0  0
2026-07-23 08:01:49  0  0      0 1220912      0 342692    0    0     0  5712  585  551  3  1 96  0  0
2026-07-23 08:01:54  0  0      0 1199112      0 342756    0    0     0  6528  614  582  3  1 96  0  0
2026-07-23 08:01:59  0  0      0 1176020      0 342812    0    0     0  6558  621  599  3  1 96  0  0
2026-07-23 08:02:04  0  0      0 1170528      0 342856    0    0     0  4180  581  575  2  1 93  0  3
2026-07-23 08:02:09  0  0      0 1142932      0 342916    0    0     0  4104  484  454  2  1 97  0  0
2026-07-23 08:02:14  0  0      0 1108548      0 342976    0    0     0  6554  592  538  3  1 96  0  0
2026-07-23 08:02:19  0  0      0 1089356      0 343040    0    0     0  5742  595  537  3  1 96  0  0
2026-07-23 08:02:24  1  0      0 1060080      0 343096    0    0     0  4898  559  524  2  1 97  0  0
2026-07-23 08:02:29  0  0      0 1055156      0 343144    0    0     0  6535  566  480  3  1 96  1  0
2026-07-23 08:02:34  0  0      0 1023788      0 343212    0    0     0  6607  612  584  3  1 96  0  0
2026-07-23 08:02:39  0  0      0 995200      0 349976    0    0     0  7351  603  536  3  1 96  0  0
2026-07-23 08:02:44  0  0      0 986048      0 350028    0    0     0  4901  593  561  2  1 96  0  0
2026-07-23 08:02:49  0  0      0 961620      0 350080    0    0     0  6538  588  533  3  1 96  0  0
2026-07-23 08:02:54  0  0      0 922824      0 350148    0    0     0  6564  601  571  3  1 96  0  0
2026-07-23 08:03:00  0  0      0 892032      0 350208    0    0     0  5734  576  533  2  1 96  0  0
2026-07-23 08:03:05  0  0      0 872380      0 350268    0    0     0  6556  650  619  3  2 93  0  2
2026-07-23 08:03:10  1  0      0 864916      0 350316    0    0     0  4976  546  552  2  1 97  0  0
2026-07-23 08:03:15  0  0      0 850768      0 350380    0    0     0  6546  574  522  3  1 96  0  0
2026-07-23 08:03:20 procs -----------memory---------- ---swap-- -----io---- -system-- ------cpu-----
2026-07-23 08:03:20  r  b   swpd   free   buff  cache   si   so    bi    bo   in   cs us sy id wa st
2026-07-23 08:03:20  1  0      0 827904      0 350436    0    0     0  4910  560  555  2  1 97  0  0
2026-07-23 08:03:25  0  0      0 798492      0 350484    0    0     0  6553  654  629  3  1 96  0  0
2026-07-23 08:03:30  0  0      0 788956      0 350564    0    0     0  6546  614  575  3  1 96  0  0
2026-07-23 08:03:35  0  0      0 759444      0 350616    0    0     0  5735  568  567  2  1 96  0  0
2026-07-23 08:03:40  0  0      0 740980      0 350676    0    0     0  5798  533  470  3  1 96  0  0
2026-07-23 08:03:45  0  0      0 704992      0 350744    0    0     0  6562  634  607  3  1 96  0  0
2026-07-23 08:03:50  0  0      0 678920      0 350788    0    0     0  4920  589  566  2  1 96  0  0
2026-07-23 08:03:55  2  0      0 650912      0 350860    0    0     0  6567  613  586  3  1 96  1  0
2026-07-23 08:04:00  1  0      0 612740      0 350908    0    0     0  5746  568  509  3  1 96  0  0
2026-07-23 08:04:05  0  0      0 604244      0 350964    0    0     0  4101  596  584  2  1 91  0  5
2026-07-23 08:04:10  0  0      0 583328      0 351036    0    0     0  8258  657  616  3  1 95  1  0
2026-07-23 08:04:15  0  0      0 518912      0 351092    0    0     0  7377  631  571  3  1 95  1  0
2026-07-23 08:04:20  0  0      0 516180      0 336256    0    0     0  4096  496  440  2  1 97  0  0
2026-07-23 08:04:25  0  0      0 480076      0 336316    0    0     0  5734  544  503  2  1 96  0  0
2026-07-23 08:04:30  0  0      0 453824      0 336384    0    0     0  7380  624  602  3  1 95  1  0
2026-07-23 08:04:35  0  0      0 424512      0 336436    0    0     0  7394  656  605  3  1 95  1  0
2026-07-23 08:04:40  1  0      0 377192      0 336508    0    0     0  6642  613  559  3  1 96  1  0
2026-07-23 08:04:45  0  0      0 358984      0 336560    0    0     0  5746  573  524  2  1 96  0  0
2026-07-23 08:04:50  0  0      0 334120      0 336624    0    0     0  6561  573  551  3  1 96  0  0
2026-07-23 08:04:55  0  0      0 310152      0 336692    0    0     0  7380  656  620  3  1 96  1  0
2026-07-23 08:05:00  0  0      0 274012      0 336748    0    0     0  6560  671  600  4  2 94  0  0
2026-07-23 08:05:05 procs -----------memory---------- ---swap-- -----io---- -system-- ------cpu-----
2026-07-23 08:05:05  r  b   swpd   free   buff  cache   si   so    bi    bo   in   cs us sy id wa st
2026-07-23 08:05:05  0  0      0 244984      0 336804    0    0     0  4933  636  563  3  2 90  0  5
2026-07-23 08:05:10  0  0      0 214136      0 336864    0    0     0  4987  532  544  2  1 97  0  0
2026-07-23 08:05:15  0  0      0 193480      0 336932    0    0     0  6560  601  594  3  1 96  1  0
2026-07-23 08:05:20  0  0      0 167656      0 336984    0    0     0  4920  582  561  2  1 96  0  0
2026-07-23 08:05:25  0  1      0 147532      0 337044    0    0     0  5742  572  547  3  1 96  0  0
2026-07-23 08:05:30  0  0      0 133416      0 337088    0    0     0  4111  522  497  2  1 97  0  0
2026-07-23 08:05:35  0  0      0 113064      0 337148    0    0     0  4991  520  474  2  1 96  0  0
2026-07-23 08:05:40  0  0      0  96720      0 337208    0    0     0  5822  573  568  3  1 96  0  0
2026-07-23 08:05:45  0  0      0  98484      0 310352    0    0     0  7406  660  606  3  1 95  1  0
2026-07-23 08:05:50  0  0      0 103864      0 284612    0    0   503  5757  575  570  2  1 96  1  0
2026-07-23 08:05:55  0  0      0  99568      0 253444    0    0  1616  4996  640  574  2  1 96  1  0
2026-07-23 08:06:00  0  0      0 100060      0 253264    0    0  1720  5753  618  572  2  1 95  1  0
2026-07-23 08:06:05  0  0      0  96364      0 226068    0    0  8681  5840  932  797  3  3 87  2  6
2026-07-23 08:06:11  0 18      0  95032      0 212528    0    0 143744  2551 2305 1699  1  8 26 65  0
2026-07-23 08:06:17  1  9      0  95020      0 214064    0    0 156187   841 2151 1579  1 11  1 88  0
2026-07-23 08:06:22  0 16      0  87260      0 224216    0    0 142879    13 2575 2191  1  7  0 92  0
2026-07-23 08:06:28  2 11      0  87060      0 224188    0    0 156766     8 2356 1893  1 10  0 89  0
2026-07-23 08:06:34  0 16      0  89556      0 218140    0    0 152444  1696 2186 1632  2 12  1 86  0
2026-07-23 08:06:40  0 15      0  92204      0 214736    0    0 135369   842 2508 2096  1 12  1 86  0
2026-07-23 08:06:45  2 15      0  95396      0 210368    0    0 141986    21 2058 1537  1 12  2 84  0
2026-07-23 08:06:53  2 17      0  87096      0 218592    0    0 184439   849 2414 1817  1 10  3 86  0
2026-07-23 08:06:58 procs -----------memory---------- ---swap-- -----io---- -system-- ------cpu-----
2026-07-23 08:07:00  r  b   swpd   free   buff  cache   si   so    bi    bo   in   cs us sy id wa st
2026-07-23 08:07:02  2 13      0  87756      0 221184    0    0 237668    23 3140 2520  0 13  0 87  0
2026-07-23 08:07:09  1  8      0  93700      0 215328    0    0 173106   861 3536 2957  1 11  0 84  4
2026-07-23 08:07:15  1 12      0  91512      0 216192    0    0 153744    20 3003 2453  1 10  0 89  0
2026-07-23 08:07:21  0 15      0  89148      0 218008    0    0 161174    10 2378 1911  1 11  0 88  0
2026-07-23 08:07:27  0 15      0  94420      0 214284    0    0 144719   834 2764 2164  1 10  1 88  0
2026-07-23 08:07:32  3  6      0  90444      0 216964    0    0 140272    10 2170 1696  1 13  0 86  0
2026-07-23 08:07:37  0  6      0  95560      0 212744    0    0 133307   857 2108 1631  1 10  2 88  0
2026-07-23 08:07:43  0 10      0  94352      0 214228    0    0 151444    32 2483 1976  1 12  1 85  0
2026-07-23 08:07:50  0 10      0  93616      0 213356    0    0 172355   839 2497 1813  1 11  2 86  0
2026-07-23 08:07:56  0 14      0  89204      0 216776    0    0 164978    16 3389 2857  1 11  1 88  0
2026-07-23 08:08:06  0 17      0  89952      0 212508    0    0 230122   865 3649 2550  0 20  1 72  6
2026-07-23 08:08:19  2  5      0  87000      0 215564    0    0 322602    16 2331 1476  0 18  1 80  0
2026-07-23 08:08:35  1 13      0  91620      0 210372    0    0 346985    11 4684 2759  0 24  1 76  0
2026-07-23 08:08:41  4  9      0  93528      0 209444    0    0 238629    17 5961 3952  0 23  1 76  0
2026-07-23 08:08:52  0 15      0  84652      0 218180    0    0 285415    13 2861 2031  0 19  1 80  0
2026-07-23 08:09:07  3 16      0  86368      0 216180    0    0 394317    25 6769 4622  0 25  0 70  4
2026-07-23 08:09:24  2 14      0  87876      0 215104    0    0 380324    21 4117 3010  0 20  0 80  0
2026-07-23 08:09:51  2 10      0  88044      0 213824    0    0 397168    18 5703 4088  0 21  0 78  0
2026-07-23 08:10:05  0 21      0  84988      0 219080    0    0 690657    29 11658 7818  0 30  0 69  0
2026-07-23 08:10:12  2  9      0  93848      0 209928    0    0 180588    15 4580 3260  0 16  1 75  7
2026-07-23 08:10:20  1  9      0  85200      0 216716    0    0 186330   850 3156 2332  1 16  1 82  0
2026-07-23 08:10:24 procs -----------memory---------- ---swap-- -----io---- -system-- ------cpu-----
2026-07-23 08:10:25  r  b   swpd   free   buff  cache   si   so    bi    bo   in   cs us sy id wa st
2026-07-23 08:10:26  2 13      0  87372      0 215820    0    0 192698    17 2718 2125  1 14  1 84  0
2026-07-23 08:10:33  1 12      0  86236      0 217260    0    0 160230    17 2969 2209  1 14  1 84  0
2026-07-23 08:10:42  0 14      0  88928      0 214744    0    0 239847    19 2828 2158  0 16  1 82  0
2026-07-23 08:10:48  0  5      0  87928      0 215584    0    0 154273   836 3508 2612  1 14  1 84  0
2026-07-23 08:10:55  0 15      0  87260      0 216108    0    0 186582    21 3358 2618  0 14  1 84  0
2026-07-23 08:11:12  1 11      0  87476      0 215948    0    0 402162    28 2767 1780  0 21  1 71  8
2026-07-23 08:11:30  0 13      0  87132      0 215860    0    0 406455    21 7099 4481  0 25  0 74  0
2026-07-23 08:11:41  2 15      0  87732      0 214648    0    0 353016    18 6759 4509  0 25  1 74  0
2026-07-23 08:12:03  2 12      0  91392      0 211816    0    0 429025    23 4582 3079  0 22  1 76  0
2026-07-23 08:12:28  1 18      0  87872      0 214976    0    0 660037    24 9355 6100  0 30  0 64  5
2026-07-23 08:13:05  1 22      0  88548      0 212524    0    0 952722    21 9564 6483  0 30  0 70  0
2026-07-23 08:13:33  0 23      0  87660      0 213616    0    0 645374    26 15129 9654  0 36  0 62  2
2026-07-23 08:13:46  3 16      0  88372      0 213896    0    0 501231    17 11470 7394  0 29  1 71  0
2026-07-23 08:13:57  2  9      0  87340      0 215684    0    0 280717   834 3587 2318  0 25  0 75  0
2026-07-23 08:14:11  1 10      0  89284      0 212640    0    0 363683    50 3820 2476  0 17  1 77  4
2026-07-23 08:14:37  3 16      0  86888      0 215700    0    0 550643    26 7465 4558  0 24  0 73  2
2026-07-23 08:15:18  2 14      0  86916      0 215636    0    0 917312    28 9075 5713  0 28  1 71  0
2026-07-23 08:15:31  4 15      0  89016      0 212904    0    0 582902    19 16393 10415  0 35  0 62  3
2026-07-23 08:15:51  0 18      0  85104      0 217964    0    0 501505    23 6598 4524  0 27  0 73  0
2026-07-23 08:15:56  0  0      0 3285980      0 278540    0    0 79624     5 4694 3282  1 23  4 72  0
2026-07-23 08:16:01  0  0      0 3121328      0 309812    0    0  3402  4134  510  458  2  1 95  0  1
2026-07-23 08:16:06 procs -----------memory---------- ---swap-- -----io---- -system-- ------cpu-----
2026-07-23 08:16:06  r  b   swpd   free   buff  cache   si   so    bi    bo   in   cs us sy id wa st
2026-07-23 08:16:06  0  0      0 3065248      0 329432    0    0   265  4119  545  479  2  1 93  0  2
2026-07-23 08:16:11  0  0      0 3019612      0 329488    0    0     0  4946  509  431  2  1 96  0  0
2026-07-23 08:16:16  1  0      0 2977428      0 329528    0    0     0  4940  474  383  2  1 97  0  0
2026-07-23 08:16:21  0  0      0 2950600      0 330248    0    0     0  3279  446  417  2  1 97  0  0
2026-07-23 08:16:26  0  0      0 2932668      0 330304    0    0     2  4922  520  438  2  1 96  0  0
2026-07-23 08:16:31  0  0      0 2932856      0 330356    0    0     5  5004  500  424  2  1 96  1  0
2026-07-23 08:16:36  0  0      0 2913100      0 330396    0    0     2  4924  517  436  2  1 96  0  0
2026-07-23 08:16:41  0  0      0 2910376      0 330452    0    0     0  3335  458  458  2  1 97  0  0
2026-07-23 08:16:46  1  0      0 2883136      0 330508    0    0     0  4920  558  518  2  1 96  0  0
2026-07-23 08:16:51  0  0      0 2855376      0 330564    0    0     0  4921  547  522  2  1 96  0  0
2026-07-23 08:16:56  0  0      0 2837228      0 330596    0    0     0  4920  573  563  2  1 96  0  0
2026-07-23 08:17:01  1  0      0 2819968      0 331452    0    0   174  4920  512  459  2  1 96  0  1
2026-07-23 08:17:06  0  0      0 2809400      0 331580    0    0     0  3345  508  507  2  1 94  0  3
2026-07-23 08:17:11  0  0      0 2796872      0 331636    0    0     0  4944  531  513  2  1 97  0  0
2026-07-23 08:17:16  0  0      0 2781244      0 331692    0    0     0  4942  503  457  2  1 97  0  0
2026-07-23 08:17:21  0  0      0 2764248      0 331728    0    0     0  4932  497  457  2  1 96  0  0
2026-07-23 08:17:26  0  0      0 2743864      0 331784    0    0     0  3290  440  405  2  1 97  0  0
2026-07-23 08:17:31  0  0      0 2729640      0 331840    0    0     0  4926  544  521  3  1 96  0  0
2026-07-23 08:17:36  0  0      0 2709740      0 331896    0    0     0  5808  541  480  3  1 96  0  0
2026-07-23 08:17:41  1  0      0 2700540      0 331936    0    0     0  4954  547  511  2  1 97  0  0
2026-07-23 08:17:46  1  0      0 2694448      0 331992    0    0     0  4925  505  478  2  1 97  1  0
2026-07-23 08:17:51 procs -----------memory---------- ---swap-- -----io---- -system-- ------cpu-----
2026-07-23 08:17:51  r  b   swpd   free   buff  cache   si   so    bi    bo   in   cs us sy id wa st
2026-07-23 08:17:51  0  0      0 2689808      0 332048    0    0     0  3287  455  449  2  1 97  0  0
2026-07-23 08:17:56  0  0      0 2687904      0 332104    0    0     0  4926  539  490  2  1 96  0  0
2026-07-23 08:18:01  0  0      0 2667968      0 332156    0    0     0  4104  523  494  2  1 96  0  1
2026-07-23 08:18:06  0  0      0 2663440      0 332188    0    0     0  4104  514  451  2  1 93  0  3
2026-07-23 08:18:11  0  0      0 2649004      0 332244    0    0     0  3356  453  462  2  1 97  0  0
2026-07-23 08:18:16  0  0      0 2619352      0 340504    0    0     3  5746  558  511  3  1 96  1  0
2026-07-23 08:18:21  0  0      0 2611288      0 340560    0    0     0  4933  560  564  2  1 97  0  0
2026-07-23 08:18:26  0  0      0 2596420      0 340616    0    0     0  4938  543  553  2  1 96  0  0
2026-07-23 08:18:31  0  0      0 2579668      0 340648    0    0     0  4947  524  496  2  1 97  0  0
2026-07-23 08:18:36  0  0      0 2569516      0 340704    0    0     0  3303  472  487  2  1 97  0  0
2026-07-23 08:18:41  0  0      0 2559948      0 340776    0    0     0  4993  561  535  2  1 97  0  0
2026-07-23 08:18:46  0  0      0 2541036      0 340832    0    0     0  4937  551  537  2  1 97  0  0
2026-07-23 08:18:51  0  0      0 2524220      0 340868    0    0     0  4930  531  501  2  1 97  0  0
2026-07-23 08:18:56  0  0      0 2512964      0 340924    0    0     0  3287  458  442  2  1 97  0  0
2026-07-23 08:19:01  0  0      0 2508104      0 340980    0    0     0  4930  512  482  2  1 96  0  0
2026-07-23 08:19:06  0  0      0 2504000      0 341020    0    0     0  4930  626  608  2  1 93  0  2
2026-07-23 08:19:11  0  0      0 2487748      0 341092    0    0     0  4993  559  564  2  1 97  0  0
2026-07-23 08:19:16  1  0      0 2458396      0 341132    0    0     0  4934  521  498  2  1 97  0  0
2026-07-23 08:19:21  0  0      0 2457652      0 341188    0    0     0  3286  467  495  2  1 97  0  0
2026-07-23 08:19:26  0  0      0 2451580      0 341244    0    0     0  4930  551  519  2  1 97  0  0
2026-07-23 08:19:31  0  0      0 2446684      0 341296    0    0     0  4944  566  552  2  1 97  0  0
2026-07-23 08:19:36 procs -----------memory---------- ---swap-- -----io---- -system-- ------cpu-----
2026-07-23 08:19:36  r  b   swpd   free   buff  cache   si   so    bi    bo   in   cs us sy id wa st
2026-07-23 08:19:36  0  0      0 2424144      0 341332    0    0     0  4948  538  537  2  1 97  0  0
2026-07-23 08:19:41  0  0      0 2416708      0 341388    0    0     0  3310  449  441  2  1 97  0  0
2026-07-23 08:19:46  0  0      0 2414740      0 341444    0    0     0  5014  555  560  2  1 97  0  0
2026-07-23 08:19:51  0  0      0 2401028      0 341500    0    0     0  4949  549  552  2  1 96  0  0
2026-07-23 08:19:56  0  0      0 2393644      0 341536    0    0     0  4941  554  559  2  1 96  0  0
2026-07-23 08:20:01  0  0      0 2379624      0 341592    0    0     0  4934  494  449  2  1 96  0  1
2026-07-23 08:20:06  0  0      0 2377852      0 341664    0    0     0  2467  504  505  2  2 90  0  6
2026-07-23 08:20:11  0  0      0 2371900      0 341716    0    0     0  4115  475  466  2  1 97  0  0
2026-07-23 08:20:16  0  0      0 2345016      0 341752    0    0     0  4995  539  515  2  1 97  0  0
2026-07-23 08:20:21  0  0      0 2329644      0 341828    0    0     0  5763  584  567  3  1 96  1  0
2026-07-23 08:20:26  0  0      0 2315952      0 341868    0    0     0  3290  424  409  2  1 97  0  0
2026-07-23 08:20:31  0  0      0 2304348      0 341920    0    0     0  4934  541  535  2  1 97  0  0
2026-07-23 08:20:36  0  0      0 2282432      0 341980    0    0     0  4937  540  503  2  1 96  0  0
2026-07-23 08:20:41  0  0      0 2272032      0 342036    0    0     0  4962  558  554  2  1 96  0  0
2026-07-23 08:20:46  3  0      0 2264876      0 342068    0    0     0  4946  511  461  2  1 96  0  0
2026-07-23 08:20:51  0  0      0 2260260      0 348820    0    0     0  3360  441  444  2  1 97  0  0
2026-07-23 08:20:56  0  0      0 2252288      0 348876    0    0     0  4954  544  515  2  1 96  0  0
2026-07-23 08:21:01  0  0      0 2249764      0 348932    0    0     0  4944  574  557  2  1 97  0  0
2026-07-23 08:21:06  0  0      0 2238296      0 348992    0    0    26  4942  719  650  3  2 91  0  4
2026-07-23 08:21:11  0  0      0 2238696      0 349048    0    0     0  3341  472  499  2  1 97  0  0
2026-07-23 08:21:16  0  0      0 2235636      0 349100    0    0     0  5762  608  584  3  1 96  1  0
2026-07-23 08:21:21 procs -----------memory---------- ---swap-- -----io---- -system-- ------cpu-----
2026-07-23 08:21:21  r  b   swpd   free   buff  cache   si   so    bi    bo   in   cs us sy id wa st
2026-07-23 08:21:21  2  0      0 2217920      0 349172    0    0     0  7409  613  569  3  1 96  1  0
2026-07-23 08:21:26  0  0      0 2191748      0 349232    0    0     0  7476  646  619  3  1 95  0  0
2026-07-23 08:21:31  0  0      0 2187236      0 349280    0    0     0  6593  558  502  3  1 96  1  0
2026-07-23 08:21:36  0  0      0 2170252      0 349340    0    0     0  5778  540  484  3  1 96  1  0
2026-07-23 08:21:41  0  0      0 2136596      0 349408    0    0     0  7444  609  564  3  1 95  1  0
2026-07-23 08:21:46  0  0      0 2096032      0 349464    0    0     0  7430  631  572  3  1 95  1  0
2026-07-23 08:21:51  0  0      0 2065920      0 349512    0    0     0  6602  547  475  3  1 96  1  0
2026-07-23 08:21:56  0  0      0 2037064      0 349576    0    0     0  5838  530  509  3  1 96  1  0
2026-07-23 08:22:01  0  0      0 2015328      0 349644    0    0     0  8249  655  594  3  1 95  1  0
2026-07-23 08:22:06  0  0      0 1973748      0 349708    0    0     0  7416  656  562  3  2 92  0  3
2026-07-23 08:22:11  0  0      0 1926804      0 349768    0    0     0  7426  629  594  3  1 95  1  0
2026-07-23 08:22:16  0  0      0 1880472      0 349820    0    0     0  7416  617  573  3  1 95  1  0
2026-07-23 08:22:21  0  0      0 1861860      0 349884    0    0     0  5776  555  555  2  1 96  1  0
2026-07-23 08:22:26  0  0      0 1835056      0 335056    0    0     0  7507  644  594  3  1 95  1  0
2026-07-23 08:22:31  0  0      0 1790592      0 335116    0    0     0  7446  641  598  3  1 95  1  0
2026-07-23 08:22:36  0  0      0 1758064      0 335164    0    0     0  6602  572  538  3  1 96  1  0
2026-07-23 08:22:41  0  0      0 1733252      0 335224    0    0     0  5781  549  566  2  1 96  1  0
2026-07-23 08:22:46  0  0      0 1715336      0 335292    0    0     0  7423  609  553  3  1 95  1  0
2026-07-23 08:22:51  0  0      0 1682168      0 335352    0    0     0  7428  640  560  3  1 95  1  0
2026-07-23 08:22:56  0  0      0 1650228      0 335408    0    0     0  7488  621  562  3  1 96  1  0
2026-07-23 08:23:01  0  0      0 1615676      0 335460    0    0     0  6608  563  503  3  1 95  0  0
2026-07-23 08:23:06 procs -----------memory---------- ---swap-- -----io---- -system-- ------cpu-----
2026-07-23 08:23:06  r  b   swpd   free   buff  cache   si   so    bi    bo   in   cs us sy id wa st
2026-07-23 08:23:06  0  0      0 1590816      0 335536    0    0     0  5784  601  579  3  1 94  0  1
2026-07-23 08:23:11  0  0      0 1563344      0 335592    0    0     0  6636  589  529  3  1 96  1  0
2026-07-23 08:23:16  0  0      0 1532536      0 335656    0    0     0  7446  590  514  3  1 95  1  0
2026-07-23 08:23:21  0  0      0 1500392      0 335704    0    0     0  6618  582  529  3  1 96  1  0
2026-07-23 08:23:26  0  0      0 1475152      0 335768    0    0     0  5857  529  501  2  1 96  0  0
2026-07-23 08:23:31  0  0      0 1448452      0 335832    0    0     0  7453  610  533  3  1 95  1  0
2026-07-23 08:23:36  0  0      0 1430844      0 335884    0    0     0  7449  626  577  3  1 95  1  0
2026-07-23 08:23:41  0  0      0 1395020      0 335952    0    0     0  7452  590  524  3  1 95  1  0
2026-07-23 08:23:46  0  0      0 1355288      0 336000    0    0     0  6618  536  439  3  1 96  1  0
2026-07-23 08:23:51  0  0      0 1321484      0 336064    0    0     0  5795  555  532  3  1 96  0  0
2026-07-23 08:23:56  0  0      0 1295320      0 336128    0    0     0  7463  607  561  3  1 95  1  0
2026-07-23 08:24:01  0  0      0 1258152      0 336192    0    0     0  7558  596  526  3  1 95  1  0
2026-07-23 08:24:06  0  0      0 1240204      0 336240    0    0     0  5797  587  489  3  2 89  0  6
2026-07-23 08:24:11  0  0      0 1220444      0 336300    0    0     2  5802  534  493  3  1 96  0  0
2026-07-23 08:24:16  1  0      0 1184208      0 336368    0    0     0  7452  616  559  3  1 96  1  0
2026-07-23 08:24:21  0  0      0 1145048      0 336428    0    0     0  7452  604  538  3  1 95  1  0
2026-07-23 08:24:26  0  0      0 1119464      0 336476    0    0     0  7452  609  555  3  1 95  1  0
2026-07-23 08:24:31  0  0      0 1095480      0 344736    0    0     0  6624  579  494  3  1 96  0  0
2026-07-23 08:24:36  1  0      0 1059644      0 344796    0    0     0  6692  575  525  3  1 96  1  0
2026-07-23 08:24:41  0  0      0 1011364      0 344856    0    0     0  7490  637  580  3  1 95  1  0
2026-07-23 08:24:46  0  0      0 982396      0 344904    0    0     0  7475  600  528  3  1 95  1  0
2026-07-23 08:24:51 procs -----------memory---------- ---swap-- -----io---- -system-- ------cpu-----
2026-07-23 08:24:51  r  b   swpd   free   buff  cache   si   so    bi    bo   in   cs us sy id wa st
2026-07-23 08:24:51  0  0      0 954132      0 344964    0    0     0  6630  546  477  3  1 96  1  0
2026-07-23 08:24:56  0  0      0 929652      0 345032    0    0     0  6631  568  511  3  1 96  0  0
2026-07-23 08:25:01  0  0      0 893548      0 345096    0    0     0  7459  596  529  3  1 95  1  0
2026-07-23 08:25:06  0  0      0 864984      0 345156    0    0     0  6698  650  588  3  2 87  1  8
2026-07-23 08:25:11  0  0      0 820236      0 345212    0    0     0  7470  598  582  3  1 96  1  0
2026-07-23 08:25:16  0  0      0 771860      0 345260    0    0     0  6630  578  528  3  1 96  1  0
2026-07-23 08:25:21  0  0      0 736840      0 345324    0    0     0  5802  550  532  3  1 96  1  0
2026-07-23 08:25:26  0  0      0 702596      0 345380    0    0     0  7481  622  544  3  1 95  1  0
2026-07-23 08:25:31  0  0      0 668516      0 345428    0    0     0  7471  589  508  3  1 95  1  0
2026-07-23 08:25:36  0  0      0 626900      0 345496    0    0     0  6639  567  508  3  1 96  1  0
2026-07-23 08:25:41  0  0      0 591248      0 345560    0    0     0  5896  512  462  3  1 96  0  0
2026-07-23 08:25:46  0  0      0 564820      0 345620    0    0     0  8305  661  605  3  1 95  1  0
2026-07-23 08:25:51  0  0      0 522132      0 345692    0    0     0  9955  727  639  4  1 94  1  0
2026-07-23 08:25:56  0  0      0 473608      0 345744    0    0     0  9126  686  623  4  1 95  1  0
2026-07-23 08:26:01  0  0      0 429456      0 345816    0    0     0  9131  704  612  4  1 94  1  0
2026-07-23 08:26:06  0  0      0 387324      0 345884    0    0     5  7486  807  758  4  3 86  1  7
2026-07-23 08:26:11  0  0      0 333496      0 345940    0    0     0 10054  716  634  4  1 94  1  0
2026-07-23 08:26:16  0  0      0 285100      0 346020    0    0     0  9145  691  632  4  1 95  1  0
2026-07-23 08:26:21  0  0      0 240484      0 346080    0    0     0  9134  699  642  4  1 95  1  0
2026-07-23 08:26:26  0  0      0 204512      0 346144    0    0     0  8304  652  626  3  1 95  1  0
2026-07-23 08:26:31  0  0      0 154412      0 346212    0    0     0  9139  715  665  4  1 94  1  0
2026-07-23 08:26:36 procs -----------memory---------- ---swap-- -----io---- -system-- ------cpu-----
2026-07-23 08:26:36  r  b   swpd   free   buff  cache   si   so    bi    bo   in   cs us sy id wa st
2026-07-23 08:26:36  0  0      0  87576      0 346288    0    0     0  9979  733  668  4  1 94  1  0
2026-07-23 08:26:41  0  0      0  94696      0 282776    0    0   825  9324  757  705  4  2 94  1  0
2026-07-23 08:26:46  0  0      0  96596      0 241200    0    0  1324  9208  808  722  4  2 94  1  0
2026-07-23 08:26:51  0 12      0  92284      0 234584    0    0 126861  1729 2312 1616  1  8 31 60  0
2026-07-23 08:26:56  0  3      0  85852      0 237464    0    0 130444   848 2072 1571  1 11  1 86  0
2026-07-23 08:27:04  0  8      0  85136      0 241088    0    0 201151    18 3028 1916  0 17  3 72  8
2026-07-23 08:27:09  0  5      0  85168      0 241052    0    0 140674   846 2468 1675  1 14  2 83  0
2026-07-23 08:27:15  0 17      0  84240      0 241180    0    0 145551    67 2689 2248  1 14  2 83  0
2026-07-23 08:27:28  0 16      0  88240      0 237748    0    0 318846    21 3796 2803  0 19  0 80  0
2026-07-23 08:27:35  4  6      0  84988      0 240920    0    0 197536     9 3297 2205  0 17  1 81  0
2026-07-23 08:27:41  3 15      0  86116      0 238792    0    0 136329   845 2473 1638  1 16  2 82  0
2026-07-23 08:27:46  2  9      0  85144      0 243488    0    0 152980   891 2849 2296  2 14  2 82  0
2026-07-23 08:27:52  6 13      0  86064      0 244284    0    0 147643  1688 2273 1803  1 11  5 83  0
2026-07-23 08:28:00  3 11      0  89588      0 241648    0    0 190456    22 2541 1869  1 13  1 84  0
2026-07-23 08:28:06  1  7      0  90120      0 238016    0    0 151020   846 2845 2066  1 14  1 75  9
2026-07-23 08:28:11  3  5      0  88716      0 237968    0    0 131336    14 2320 1816  1 11  1 86  0
2026-07-23 08:28:16  0  4      0  85904      0 241940    0    0 129378  1730 2238 1731  1 10  6 82  0
2026-07-23 08:28:21  3 14      0  86128      0 241044    0    0 130212   854 2098 1531  1 13  2 84  0
2026-07-23 08:28:27  2  4      0  89240      0 238436    0    0 162391   868 2191 1667  1 10  7 82  0
2026-07-23 08:28:33  0  7      0  90008      0 237512    0    0 132620   855 2517 1928  1 12  2 86  0
2026-07-23 08:28:40  1 11      0  86056      0 242572    0    0 193611    22 2705 1974  1 14  1 84  0
2026-07-23 08:28:46 procs -----------memory---------- ---swap-- -----io---- -system-- ------cpu-----
2026-07-23 08:28:46  r  b   swpd   free   buff  cache   si   so    bi    bo   in   cs us sy id wa st
2026-07-23 08:28:46  0  7      0  84764      0 242848    0    0 151562   903 3030 2469  1 13  1 85  0
2026-07-23 08:28:52  1 10      0  86452      0 241756    0    0 149306    29 2468 1843  1 12  3 84  0
2026-07-23 08:28:58  1 12      0  85400      0 244024    0    0 164716   862 2348 1782  1 12  3 84  0
2026-07-23 08:29:04  0  4      0  90764      0 236080    0    0 139788  1694 2690 1980  1 12  4 74  9
2026-07-23 08:29:10  1  6      0  86652      0 241496    0    0 145980   850 2214 1780  1 11  3 84  0
2026-07-23 08:29:15  4 12      0  87608      0 240120    0    0 131620   897 2356 1870  1 10  6 82  0
2026-07-23 08:29:21  1  3      0  87956      0 238868    0    0 147664   852 2218 1722  1 11  3 86  0
2026-07-23 08:29:27  0 11      0  91892      0 236392    0    0 158023   854 2541 1917  1 12  2 85  0
2026-07-23 08:29:32  2 11      0  84648      0 244224    0    0 141505   844 2616 2091  1 14  1 84  0
2026-07-23 08:29:39  0 13      0  87712      0 240252    0    0 170260   868 2642 2215  1 12  3 84  0
2026-07-23 08:29:44  2 13      0  86800      0 240688    0    0 135595   889 2788 2170  1 12  2 85  0
2026-07-23 08:29:50  4 11      0  93408      0 233868    0    0 149835   850 2232 1802  1 12  3 84  0
2026-07-23 08:29:55  0  5      0  86688      0 241376    0    0 137691    21 2477 1919  1 12  4 84  0
2026-07-23 08:30:01  8  0      0  94196      0 232732    0    0 132320   851 2118 1524  1 12  1 84  2
2026-07-23 08:30:06  0 16      0  87404      0 241456    0    0 146098    13 2104 1448  0 16  1 62 20
2026-07-23 08:30:12 10  1      0  88188      0 239992    0    0 150909   882 2460 1868  1 14  2 83  0
2026-07-23 08:30:17  4  7      0  85660      0 245080    0    0 130804   862 2223 1651  1 12  2 85  0
2026-07-23 08:30:23  0  6      0  91336      0 236184    0    0 137233  1682 2184 1591  1 10  4 84  0
2026-07-23 08:30:29  2  4      0  84760      0 242204    0    0 149134   852 2429 1869  1 10  2 87  0
2026-07-23 08:30:34  2 13      0  87048      0 240356    0    0 141200   858 2419 1776  1 10  3 86  0
2026-07-23 08:30:40  5  5      0  85576      0 244252    0    0 143268    18 2518 2060  1 10  1 88  0
2026-07-23 08:30:45 procs -----------memory---------- ---swap-- -----io---- -system-- ------cpu-----
2026-07-23 08:30:46  r  b   swpd   free   buff  cache   si   so    bi    bo   in   cs us sy id wa st
2026-07-23 08:30:46  0 13      0  85044      0 242592    0    0 156696   880 2551 1967  1  9  0 89  0
2026-07-23 08:30:57  2 10      0  87776      0 242720    0    0 238170    14 2541 1999  0 12  1 86  0
2026-07-23 08:31:03  3 11      0  84484      0 237240    0    0 187969   836 3966 2618  0 19  0 74  6
2026-07-23 08:31:27  3 11      0  84800      0 236756    0    0 525315    28 3187 1860  0 29  1 69  0
2026-07-23 08:31:32  0  0      0 3155920      0 326864    0    0 10742  5847 5908 3715  1 21 19 60  0
2026-07-23 08:31:37  2  0      0 3149504      0 340928    0    0     3  6650  546  476  3  1 96  1  0
2026-07-23 08:31:42  0  0      0 3109068      0 341108    0    0     0  5819  569  490  3  1 96  0  0
2026-07-23 08:31:47  1  0      0 3064292      0 326292    0    0     0  7491  603  476  3  1 95  1  0
2026-07-23 08:31:52  0  0      0 3026040      0 326384    0    0     0  7473  584  482  3  1 95  1  0
2026-07-23 08:31:57  0  0      0 2984544      0 326432    0    0     0  6643  566  476  3  1 96  1  0
2026-07-23 08:32:02  1  0      0 2966300      0 326872    0    0    92  5892  626  567  3  1 91  1  5
2026-07-23 08:32:07  0  0      0 2932580      0 327660    0    0   120  6653  638  579  3  1 95  0  0
2026-07-23 08:32:12  0  0      0 2903268      0 327708    0    0     0  7474  624  550  3  1 95  1  0
2026-07-23 08:32:17  0  0      0 2871352      0 327784    0    0     0  5864  594  547  3  1 96  0  0
2026-07-23 08:32:22  1  0      0 2832544      0 327836    0    0     0  6643  628  576  3  1 96  0  0
2026-07-23 08:32:27  0  0      0 2800712      0 327896    0    0     0  7481  577  528  3  1 96  0  0
2026-07-23 08:32:32  2  0      0 2761308      0 327972    0    0     0  7555  641  586  3  1 95  0  0
2026-07-23 08:32:37  0  0      0 2733424      0 328064    0    0     2  7491  637  604  3  1 95  0  0
2026-07-23 08:32:42  1  0      0 2702100      0 328304    0    0    75  6658  598  522  4  1 95  1  0
2026-07-23 08:32:47  0  0      0 2684976      0 328448    0    0     0  5846  619  518  7  1 92  1  0
2026-07-23 08:32:52  0  0      0 2649588      0 328512    0    0     0  7481  655  573  3  1 95  1  0
2026-07-23 08:32:57 procs -----------memory---------- ---swap-- -----io---- -system-- ------cpu-----
2026-07-23 08:32:57  r  b   swpd   free   buff  cache   si   so    bi    bo   in   cs us sy id wa st
2026-07-23 08:32:57  0  0      0 2605696      0 328568    0    0     0  7481  635  579  3  1 95  1  0
2026-07-23 08:33:02  0  0      0 2575964      0 328644    0    0     0  5885  564  513  3  2 93  0  2
2026-07-23 08:33:07  1  0      0 2557792      0 328708    0    0     0  5818  608  584  3  1 95  0  1
2026-07-23 08:33:12  0  0      0 2514540      0 328776    0    0     0  7483  606  583  3  1 95  1  0
2026-07-23 08:33:17  0  0      0 2478868      0 328856    0    0     0  7515  632  612  3  1 95  1  0
2026-07-23 08:33:22  0  0      0 2459688      0 328920    0    0     0  6669  592  524  3  1 96  1  0
2026-07-23 08:33:27  0  0      0 2440660      0 329008    0    0     0  7487  636  575  3  1 95  1  0
2026-07-23 08:33:32  0  0      0 2399040      0 329072    0    0     0  6723  579  536  3  1 96  0  0
2026-07-23 08:33:37  0  0      0 2352056      0 329136    0    0     0  8325  687  627  3  1 95  1  0
2026-07-23 08:33:42  0  0      0 2331752      0 329196    0    0     0  6656  607  564  3  1 96  0  0
2026-07-23 08:33:47  0  0      0 2285728      0 329256    0    0     0  7493  608  558  3  1 95  0  0
2026-07-23 08:33:52  0  1      0 2235624      0 337496    0    0     0  6664  568  480  3  1 96  0  0
2026-07-23 08:33:57  0  0      0 2209200      0 337564    0    0     0  7496  633  575  3  1 95  1  0
2026-07-23 08:34:02  0  0      0 2169540      0 337652    0    0     0  6747  666  615  3  2 93  0  2
2026-07-23 08:34:07  1  0      0 2138312      0 337680    0    0     0  6688  632  582  3  1 95  1  0
2026-07-23 08:34:12  0  0      0 2107984      0 337840    0    0     0  7495  606  548  3  1 96  0  0
2026-07-23 08:34:17  0  0      0 2089148      0 337900    0    0     0  5834  548  508  3  1 96  0  0
2026-07-23 08:34:22  0  0      0 2044848      0 337968    0    0     0  8336  681  609  3  1 95  1  0
2026-07-23 08:34:27  0  0      0 2017104      0 338036    0    0     0  7495  630  565  3  1 96  1  0
2026-07-23 08:34:32  0  0      0 1974696      0 338080    0    0     0  8398  641  585  3  1 95  1  0
2026-07-23 08:34:37  0  0      0 1951748      0 338144    0    0     0  6664  594  532  3  1 96  1  0
2026-07-23 08:34:42 procs -----------memory---------- ---swap-- -----io---- -system-- ------cpu-----
2026-07-23 08:34:42  r  b   swpd   free   buff  cache   si   so    bi    bo   in   cs us sy id wa st
2026-07-23 08:34:42  1  0      0 1923532      0 338208    0    0     0  7507  604  522  3  1 96  1  0
2026-07-23 08:34:47  0  0      0 1899976      0 338316    0    0     0  7517  643  576  3  1 95  1  0
2026-07-23 08:34:52  0  0      0 1848816      0 338372    0    0     0  7513  596  539  3  1 95  1  0
2026-07-23 08:34:57  0  0      0 1822912      0 338420    0    0     0  7502  600  544  3  1 96  1  0
2026-07-23 08:35:02  0  0      0 1786508      0 338488    0    0     0  5845  597  556  3  1 93  0  3
2026-07-23 08:35:07  0  0      0 1748964      0 338544    0    0     0  6737  648  606  3  1 94  0  1
2026-07-23 08:35:12  0  0      0 1718764      0 338608    0    0     0  6669  619  586  3  1 96  0  0
2026-07-23 08:35:17  0  0      0 1692064      0 338656    0    0     0  7509  608  541  3  1 95  1  0
2026-07-23 08:35:22  0  0      0 1656484      0 338716    0    0     0  6669  604  545  3  1 96  1  0
2026-07-23 08:35:27  0  0      0 1616192      0 338784    0    0     0  7513  632  607  3  1 96  1  0
2026-07-23 08:35:32  0  0      0 1582608      0 338880    0    0     0  7526  669  645  3  1 95  1  0
2026-07-23 08:35:37  0  0      0 1527288      0 338940    0    0     0  8426  683  632  3  1 95  1  0
2026-07-23 08:35:42  0  0      0 1499284      0 339008    0    0     0  7510  785  629  3  1 96  0  0
2026-07-23 08:35:47  0  0      0 1479536      0 339060    0    0     0  6683  553  496  3  1 96  0  0
2026-07-23 08:35:52  0  0      0 1446128      0 339120    0    0     0  6675  639  586  3  1 96  0  0
2026-07-23 08:35:57  0  0      0 1425420      0 339176    0    0     0  6675  615  565  3  1 96  1  0
2026-07-23 08:36:02  0  0      0 1377828      0 339236    0    0     0  6683  623  574  3  1 91  0  4
2026-07-23 08:36:07  1  0      0 1323388      0 346180    0    0    42  6745 2678 3452 24  2 74  0  0
2026-07-23 08:36:12  0  0      0 1300480      0 346244    0    0     0  5858  614  596  3  1 96  0  0
2026-07-23 08:36:17  0  0      0 1252680      0 346348    0    0     0  8368  689  655  3  1 95  1  0
2026-07-23 08:36:22  0  0      0 1219768      0 346500    0    0    16  8352  707  673  3  1 95  1  0
2026-07-23 08:36:27 procs -----------memory---------- ---swap-- -----io---- -system-- ------cpu-----
2026-07-23 08:36:27  r  b   swpd   free   buff  cache   si   so    bi    bo   in   cs us sy id wa st
2026-07-23 08:36:27  3  0      0 1196008      0 346548    0    0     0  6682  597  539  3  1 96  0  0
2026-07-23 08:36:32  0  0      0 1181964      0 346612    0    0     0  6691  592  561  3  1 96  0  0
2026-07-23 08:36:37  0  0      0 1142136      0 346676    0    0     0  7598  672  675  3  1 95  1  0
2026-07-23 08:36:42  0  0      0 1111884      0 346740    0    0     0  7517  649  642  3  1 95  1  0
2026-07-23 08:36:47  0  0      0 1060232      0 346800    0    0     0  8357  670  601  3  1 95  1  0
2026-07-23 08:36:52  1  0      0 1026980      0 346856    0    0    28  6684  708  683  3  1 95  1  0
2026-07-23 08:36:57  0  0      0 1003372      0 346936    0    0     0  8388  641  584  3  1 95  1  0
2026-07-23 08:37:02  0  0      0 970680      0 347036    0    0     0  6688  708  666  3  2 92  0  3
2026-07-23 08:37:07  0  0      0 938808      0 347108    0    0     0  7601  638  598  3  1 95  1  0
2026-07-23 08:37:12  0  0      0 892572      0 347160    0    0     0  6688  588  531  3  1 96  1  0
2026-07-23 08:37:17  0  0      0 874512      0 347224    0    0     0  5865  545  477  2  1 96  0  0
2026-07-23 08:37:22  0  0      0 821760      0 347284    0    0     0  7526  650  584  3  1 95  1  0
2026-07-23 08:37:27  0  0      0 778268      0 347348    0    0     0  7524  612  537  3  1 95  1  0
2026-07-23 08:37:32  0  0      0 730744      0 347408    0    0     0  7525  594  506  3  1 95  0  0
2026-07-23 08:37:37  1  0      0 712172      0 347456    0    0     0  6760  611  538  3  1 96  1  0
2026-07-23 08:37:42  0  0      0 707232      0 332640    0    0     0  7567  619  599  3  1 95  1  0
2026-07-23 08:37:47  0  0      0 656788      0 332732    0    0     0  9270  705  658  3  1 95  1  0
2026-07-23 08:37:52  0  0      0 632628      0 332792    0    0     0  7546  609  537  3  1 96  1  0
2026-07-23 08:37:57  0  0      0 597756      0 332860    0    0     0  7546  660  632  3  1 95  0  0
2026-07-23 08:38:02  0  0      0 556328      0 332908    0    0     0  5869  561  515  2  1 94  0  2
2026-07-23 08:38:07  0  0      0 525028      0 333240    0    0    81  6774  652  631  3  1 95  0  0
2026-07-23 08:38:12 procs -----------memory---------- ---swap-- -----io---- -system-- ------cpu-----
2026-07-23 08:38:12  r  b   swpd   free   buff  cache   si   so    bi    bo   in   cs us sy id wa st
2026-07-23 08:38:12  0  0      0 495648      0 333300    0    0     0  7555  668  680  3  1 95  1  0
2026-07-23 08:38:17  0  0      0 458288      0 333344    0    0     0  6716  574  526  3  1 96  1  0
2026-07-23 08:38:22  1  0      0 432292      0 333408    0    0     0  6717  615  582  3  1 96  1  0
2026-07-23 08:38:27  0  0      0 401416      0 333508    0    0     0  7550  635  606  3  1 96  1  0
2026-07-23 08:38:32  0  0      0 349144      0 333584    0    0     0  7538  672  668  3  1 95  1  0
2026-07-23 08:38:37  0  0      0 307088      0 333640    0    0     0  7541  663  633  3  1 95  1  0
2026-07-23 08:38:42  1  0      0 275408      0 333692    0    0     0  6771  596  534  3  1 96  1  0
2026-07-23 08:38:47  0  0      0 255536      0 333756    0    0     0  5878  563  532  2  1 96  0  0
2026-07-23 08:38:52  0  0      0 222648      0 333816    0    0     0  7548  635  585  3  1 95  1  0
2026-07-23 08:38:57  0  0      0 179744      0 333876    0    0     0  7538  640  583  3  1 95  1  0
2026-07-23 08:39:02  0  0      0 142028      0 333928    0    0     0  7543  751  669  3  2 90  1  4
2026-07-23 08:39:07  0  1      0 118816      0 334004    0    0     0  9233  704  630  3  1 94  1  1
2026-07-23 08:39:12  0  0      0  99544      0 319728    0    0     0  7628  655  606  3  1 95  1  0
2026-07-23 08:39:17  0  0      0  98224      0 245896    0    0  2371 11804  899  744  4  2 92  1  0
2026-07-23 08:39:23  0 10      0  92560      0 222104    0    0 90614  6759 1760 1364  3  5 65 27  0
2026-07-23 08:39:28  0  2      0  94816      0 220856    0    0 129027   853 2331 1736  1 10  3 86  0
2026-07-23 08:39:34  2  9      0  95040      0 219092    0    0 153510   856 2337 1697  1 11  3 85  0
2026-07-23 08:39:41  0 11      0  90148      0 225136    0    0 171812    22 2414 1715  0 12  1 87  0
2026-07-23 08:39:48  0 11      0  96268      0 217972    0    0 180802    46 2546 1877  1 13  1 85  0
2026-07-23 08:39:55  4  9      0  87220      0 227004    0    0 178222   859 3095 2385  1 10  1 88  0
2026-07-23 08:40:00  0  4      0  93792      0 220380    0    0 130644   858 2567 1841  0 14  0 83  2
2026-07-23 08:40:05 procs -----------memory---------- ---swap-- -----io---- -system-- ------cpu-----
2026-07-23 08:40:05  r  b   swpd   free   buff  cache   si   so    bi    bo   in   cs us sy id wa st
2026-07-23 08:40:06  0  4      0  94564      0 220768    0    0 141341   851 2313 1615  1 13  2 73 12
2026-07-23 08:40:11  2 10      0  94200      0 221136    0    0 138227    22 2256 1640  1 13  3 83  0
2026-07-23 08:40:25  0  7      0  90504      0 216588    0    0 368970   873 3582 2117  0 22  2 75  0
2026-07-23 08:41:06  0 11      0  86676      0 220452    0    0 823064    29 10204 5553  0 29  1 70  0
2026-07-23 08:41:37  2 12      0  87356      0 220264    0    0 986454    30 17243 9934  0 36  1 62  2
2026-07-23 08:41:49  1 14      0  85264      0 222672    0    0 335258    18 7226 4862  0 25  1 74  0
2026-07-23 08:42:11  2 15      0  89384      0 218344    0    0 559882    21 8295 5093  0 27  1 66  6
2026-07-23 08:42:41  1 13      0  85212      0 222996    0    0 602122    24 8196 5334  0 27  1 72  0
2026-07-23 08:43:00  1  7      0  86492      0 221896    0    0 181263     7 7883 5422  0 16  0 83  0
2026-07-23 08:43:05  0  0      0 3127564      0 307452    0    0 12366  4222 1015  990  3  4 71 16  6
2026-07-23 08:43:10  0  0      0 3093432      0 324384    0    0    69  3350  404  430  2  1 97  0  0
2026-07-23 08:43:15  0  0      0 3063484      0 336540    0    0     3  4188  463  465  2  1 97  0  0
2026-07-23 08:43:20  0  0      0 3041404      0 336596    0    0     0  5033  504  484  3  1 96  0  0
2026-07-23 08:43:25  0  0      0 3023192      0 336648    0    0     0  4192  466  414  2  1 97  0  0
2026-07-23 08:43:30  0  0      0 3021184      0 336680    0    0     0  2515  390  365  1  1 98  0  0
2026-07-23 08:43:35  0  0      0 3019152      0 336736    0    0     4  4278  498  481  2  1 97  0  0
2026-07-23 08:43:40  0  0      0 3003420      0 336804    0    0     0  5051  534  503  3  1 96  0  0
2026-07-23 08:43:45  0  0      0 3003532      0 336840    0    0     0  3370  476  431  2  1 97  0  0
2026-07-23 08:43:50  0  0      0 2994716      0 336916    0    0     0  5102  501  446  2  1 97  0  0
2026-07-23 08:43:55  0  0      0 2992820      0 336968    0    0     0  3362  432  407  2  1 97  0  0
2026-07-23 08:44:00  0  0      0 2973784      0 337020    0    0     0  4204  492  455  2  1 96  0  1
2026-07-23 08:44:05 procs -----------memory---------- ---swap-- -----io---- -system-- ------cpu-----
2026-07-23 08:44:05  r  b   swpd   free   buff  cache   si   so    bi    bo   in   cs us sy id wa st
2026-07-23 08:44:05  0  0      0 2966152      0 337076    0    0     0  3363  510  456  2  1 94  0  3
2026-07-23 08:44:10  0  0      0 2968704      0 337112    0    0     0  4270  482  445  2  1 97  0  0
2026-07-23 08:44:15  0  0      0 2960860      0 337160    0    0     0  2529  400  388  1  1 98  0  0
2026-07-23 08:44:20  0  0      0 2939372      0 337216    0    0     0  4223  526  495  2  1 97  0  0
2026-07-23 08:44:25  0  0      0 2936056      0 337268    0    0     0  4204  513  489  2  1 97  0  0
2026-07-23 08:44:30  0  0      0 2932084      0 337320    0    0     0  4204  505  485  2  1 97  0  0
2026-07-23 08:44:35  0  0      0 2933296      0 337356    0    0     0  3366  460  420  2  1 97  0  0
2026-07-23 08:44:40  1  0      0 2925576      0 337404    0    0     2  2582  433  427  2  1 98  0  0
2026-07-23 08:44:45  0  0      0 2923812      0 337460    0    0     0  4204  512  495  2  1 97  0  0
2026-07-23 08:44:50  0  0      0 2919888      0 337516    0    0     6  3378  509  482  2  1 97  0  0
2026-07-23 08:44:55  0  0      0 2919288      0 337548    0    0     0  4204  480  441  2  1 97  0  0
2026-07-23 08:45:00  0  0      0 2912260      0 337604    0    0     0  3374  447  470  2  0 97  0  0
2026-07-23 08:45:05  0  0      0 2903116      0 337668    0    0     0  3379  549  529  2  1 92  0  4
2026-07-23 08:45:10  0  0      0 2891440      0 337752    0    0     0  3429  491  473  2  1 97  0  0
2026-07-23 08:45:15  0  0      0 2883544      0 337788    0    0     0  4202  490  453  2  1 97  0  0
2026-07-23 08:45:20  0  0      0 2872712      0 337840    0    0     0  3381  466  427  2  1 97  0  0
2026-07-23 08:45:25  0  0      0 2872852      0 337888    0    0     0  2527  418  416  2  1 98  0  0
2026-07-23 08:45:30  0  0      0 2865516      0 337924    0    0     0  4204  518  501  2  1 97  0  0
2026-07-23 08:45:35  0  0      0 2859076      0 337980    0    0     0  3367  446  384  2  1 97  0  0
2026-07-23 08:45:40  0  0      0 2858044      0 338032    0    0     0  4260  461  407  2  1 97  0  0
2026-07-23 08:45:45  0  0      0 2849148      0 344776    0    0     0  2522  400  378  2  1 98  0  0
2026-07-23 08:45:50 procs -----------memory---------- ---swap-- -----io---- -system-- ------cpu-----
2026-07-23 08:45:50  r  b   swpd   free   buff  cache   si   so    bi    bo   in   cs us sy id wa st
2026-07-23 08:45:50  0  0      0 2854352      0 344832    0    0     0  5052  562  517  3  1 96  0  0
2026-07-23 08:45:55  0  0      0 2840412      0 344880    0    0     0  3364  506  489  2  1 97  0  0
2026-07-23 08:46:00  0  0      0 2828748      0 344936    0    0     0  4210  485  435  2  1 96  0  0
2026-07-23 08:46:05  0  0      0 2813812      0 344976    0    0     0  4204  549  487  2  1 93  0  3
2026-07-23 08:46:10  0  0      0 2797360      0 345028    0    0     0  3420  445  435  2  1 97  0  0
2026-07-23 08:46:15  0  0      0 2793116      0 345084    0    0     0  4204  484  446  2  1 97  0  0
2026-07-23 08:46:20  0  0      0 2776396      0 345140    0    0     0  5051  498  436  2  1 97  0  0
2026-07-23 08:46:25  0  0      0 2776804      0 345192    0    0     0  4220  531  500  2  1 97  0  0
2026-07-23 08:46:30  0  0      0 2771544      0 345260    0    0     0  3369  423  401  2  1 97  0  0
2026-07-23 08:46:35  0  0      0 2773648      0 345312    0    0     0  4229  498  478  2  1 97  0  0
2026-07-23 08:46:40  0  0      0 2764560      0 345368    0    0     0  4232  515  493  2  1 97  0  0
2026-07-23 08:46:45  0  0      0 2758144      0 345420    0    0     0  3366  428  350  2  1 97  0  0
2026-07-23 08:46:50  0  0      0 2752444      0 345460    0    0     0  5121  513  498  2  1 97  0  0
2026-07-23 08:46:55  0  0      0 2748784      0 345516    0    0     0  3366  443  441  2  1 97  0  0
2026-07-23 08:47:00  0  0      0 2741036      0 345560    0    0     0  3366  493  473  2  1 96  0  1
2026-07-23 08:47:05  0  0      0 2734852      0 345636    0    0     0  2526  518  519  2  1 95  0  2
2026-07-23 08:47:10  0  0      0 2733152      0 345672    0    0     0  4212  495  460  2  1 97  0  0
2026-07-23 08:47:15  0  0      0 2734788      0 345720    0    0     0  3366  448  446  2  1 97  0  0
2026-07-23 08:47:20  0  0      0 2716204      0 345776    0    0     0  5114  528  473  2  1 96  0  0
2026-07-23 08:47:25  0  0      0 2721256      0 345832    0    0     0  4208  516  497  2  1 97  0  0
2026-07-23 08:47:30  0  0      0 2715360      0 345884    0    0     0  4208  514  529  2  1 97  0  0
2026-07-23 08:47:35 procs -----------memory---------- ---swap-- -----io---- -system-- ------cpu-----
2026-07-23 08:47:35  r  b   swpd   free   buff  cache   si   so    bi    bo   in   cs us sy id wa st
2026-07-23 08:47:35  0  0      0 2699204      0 345916    0    0     0  2529  437  410  2  1 98  0  0
2026-07-23 08:47:40  0  0      0 2709540      0 331080    0    0     0  3369  468  450  2  1 97  0  0
2026-07-23 08:47:45  0  0      0 2708864      0 331132    0    0     0  4221  516  488  2  1 97  0  0
2026-07-23 08:47:50  1  0      0 2691084      0 331196    0    0     0  5122  553  533  2  1 96  0  0
2026-07-23 08:47:55  0  0      0 2683992      0 331228    0    0     0  2533  421  374  2  1 98  0  0
2026-07-23 08:48:00  0  0      0 2678292      0 331308    0    0     0  3374  447  442  2  1 97  0  0
2026-07-23 08:48:05  0  0      0 2674016      0 331356    0    0    28  2531  671  618  2  2 87  0  8
2026-07-23 08:48:10  0  0      0 2674996      0 331400    0    0     0  2527  465  463  2  1 98  0  0
2026-07-23 08:48:15  0  0      0 2659028      0 331456    0    0     0  5060  514  472  2  1 96  0  0
2026-07-23 08:48:20  0  0      0 2656604      0 331492    0    0     0  3431  469  438  2  1 97  0  0
2026-07-23 08:48:25  0  0      0 2651700      0 331552    0    0     0  5054  480  426  2  1 97  0  0
2026-07-23 08:48:30  0  0      0 2657724      0 331612    0    0     0  6739  577  526  3  1 96  1  0
2026-07-23 08:48:35  0  0      0 2642620      0 331676    0    0     0  7586  631  586  3  1 95  1  0
2026-07-23 08:48:40  0  0      0 2628748      0 331716    0    0     0  6739  586  516  3  1 96  1  0
2026-07-23 08:48:45  0  0      0 2622476      0 331776    0    0     2  4219  462  421  2  1 97  0  0
2026-07-23 08:48:50  0  0      0 2606692      0 331840    0    0     0  7689  622  548  3  1 95  1  0
2026-07-23 08:48:55  0  0      0 2552684      0 331904    0    0     0  7601  624  552  3  1 95  1  0
2026-07-23 08:49:00  0  0      0 2545784      0 331988    0    0     0  5061  535  486  2  1 96  0  0
2026-07-23 08:49:05  0  0      0 2541100      0 332072    0    0     0  6746  683  621  3  2 92  0  3
2026-07-23 08:49:10  0  0      0 2539632      0 332132    0    0     0  5059  474  384  2  1 97  0  0
2026-07-23 08:49:15  0  0      0 2519968      0 332196    0    0     0  6754  608  553  3  1 96  1  0
2026-07-23 08:49:20 procs -----------memory---------- ---swap-- -----io---- -system-- ------cpu-----
2026-07-23 08:49:20  r  b   swpd   free   buff  cache   si   so    bi    bo   in   cs us sy id wa st
2026-07-23 08:49:20  1  0      0 2485948      0 332256    0    0     0  6819  596  528  3  1 96  1  0
2026-07-23 08:49:25  0  0      0 2450976      0 332300    0    0     0  5063  499  431  2  1 96  0  0
2026-07-23 08:49:30  0  0      0 2427468      0 332356    0    0     0  5059  503  447  2  1 97  0  0
2026-07-23 08:49:35  0  0      0 2415968      0 332412    0    0     0  5907  577  511  3  1 96  0  0
2026-07-23 08:49:40  0  0      0 2401664      0 332476    0    0     0  5902  584  542  3  1 96  0  0
2026-07-23 08:49:45  0  0      0 2393328      0 332528    0    0     0  5912  559  501  3  1 96  0  0
2026-07-23 08:49:50  0  0      0 2370544      0 332596    0    0     0  5985  530  457  3  1 96  1  0
2026-07-23 08:49:55  0  0      0 2353408      0 332656    0    0     0  4224  514  485  2  1 97  0  0
2026-07-23 08:50:00  0  0      0 2314728      0 340916    0    0     0  6758  567  468  3  1 95  0  1
2026-07-23 08:50:05  0  0      0 2294480      0 341008    0    0     0  6752  672  631  3  3 87  1  7
2026-07-23 08:50:10  0  0      0 2263948      0 341076    0    0     0  6752  577  503  3  1 96  1  0
2026-07-23 08:50:15  0  0      0 2227932      0 341124    0    0     0  5908  541  491  3  1 96  0  0
2026-07-23 08:50:20  0  0      0 2192548      0 341192    0    0     0  8450  660  592  3  1 95  1  0
2026-07-23 08:50:25  0  0      0 2168088      0 341256    0    0     0  8505  666  590  3  1 95  1  0
2026-07-23 08:50:30  1  0      0 2145552      0 341300    0    0     0  7596  608  515  3  1 95  1  0
2026-07-23 08:50:35  0  0      0 2125660      0 341372    0    0     0  6762  578  506  3  1 96  0  0
2026-07-23 08:50:40  0  0      0 2079448      0 341436    0    0     0  6774  567  502  3  1 96  1  0
2026-07-23 08:50:45  0  0      0 2033676      0 341528    0    0     0  7602  628  559  3  1 95  1  0
2026-07-23 08:50:50  0  0      0 2009652      0 341588    0    0     0  7619  625  562  3  1 95  1  0
2026-07-23 08:50:55  0  0      0 1983764      0 341636    0    0     0  5992  560  485  3  1 96  0  0
2026-07-23 08:51:00  0  0      0 1953232      0 341692    0    0     0  5069  523  472  2  1 96  0  0
2026-07-23 08:51:05 procs -----------memory---------- ---swap-- -----io---- -system-- ------cpu-----
2026-07-23 08:51:05  r  b   swpd   free   buff  cache   si   so    bi    bo   in   cs us sy id wa st
2026-07-23 08:51:05  0  0      0 1911024      0 341756    0    0     0  6758  684  641  3  1 92  0  3
2026-07-23 08:51:10  0  0      0 1868008      0 341824    0    0     0  8448  659  604  3  1 95  1  0
2026-07-23 08:51:15  0  0      0 1840392      0 341876    0    0     0  5914  553  499  3  1 96  1  0
2026-07-23 08:51:20  0  0      0 1816996      0 341924    0    0     0  6760  579  522  3  1 96  1  0
2026-07-23 08:51:25  0  0      0 1789924      0 341992    0    0     0  6863  567  533  3  1 96  1  0
2026-07-23 08:51:30  0  0      0 1770452      0 342088    0    0     0  7610  649  587  3  1 95  1  0
2026-07-23 08:51:35  0  0      0 1742396      0 342144    0    0     0  6768  581  512  3  1 96  1  0
2026-07-23 08:51:40  0  0      0 1702740      0 342196    0    0     0  5921  537  469  2  1 96  0  0
2026-07-23 08:51:45  0  0      0 1677856      0 342252    0    0     0  5919  545  504  3  1 96  1  0
2026-07-23 08:51:50  0  0      0 1645820      0 342316    0    0     0  8456  675  598  3  1 95  1  0
2026-07-23 08:51:55  0  0      0 1596396      0 342388    0    0     0  9377  698  623  4  1 95  1  0
2026-07-23 08:52:00  0  0      0 1573252      0 342444    0    0     0  5928  553  477  3  1 96  0  0
2026-07-23 08:52:05  0  0      0 1541652      0 342488    0    0     0  5919  659  563  3  2 91  1  4
2026-07-23 08:52:10  0  0      0 1510072      0 342580    0    0     0  5938  527  529  2  1 96  0  0
2026-07-23 08:52:15  0  0      0 1461764      0 349336    0    0     0  5932  551  481  3  1 96  0  0
2026-07-23 08:52:20  0  0      0 1421852      0 349396    0    0     0  6777  607  558  3  1 96  1  0
2026-07-23 08:52:25  0  0      0 1417712      0 349444    0    0     0  5146  508  457  2  1 97  0  0
2026-07-23 08:52:30  0  0      0 1393728      0 349512    0    0     0  6778  562  510  3  1 96  1  0
2026-07-23 08:52:35  0  0      0 1373656      0 349572    0    0     0  6776  620  574  3  1 96  0  0
2026-07-23 08:52:40  0  0      0 1332044      0 349636    0    0     0  7618  616  535  3  1 95  1  0
2026-07-23 08:52:45  0  0      0 1279644      0 349684    0    0     0  7618  625  601  3  1 95  0  0
2026-07-23 08:52:50 procs -----------memory---------- ---swap-- -----io---- -system-- ------cpu-----
2026-07-23 08:52:50  r  b   swpd   free   buff  cache   si   so    bi    bo   in   cs us sy id wa st
2026-07-23 08:52:50  0  0      0 1264424      0 349744    0    0     0  6771  571  504  3  1 96  1  0
2026-07-23 08:52:55  0  0      0 1243692      0 349808    0    0     0  6785  560  476  3  1 96  1  0
2026-07-23 08:53:00  0  0      0 1206852      0 349888    0    0     0  8568  663  630  3  1 95  1  0
2026-07-23 08:53:05  0  0      0 1167000      0 349964    0    0     5  7631  789  666  4  3 78  1 14
2026-07-23 08:53:10  0  0      0 1110924      0 350016    0    0     0  6778  586  541  3  1 96  1  0
2026-07-23 08:53:15  0  0      0 1091500      0 350080    0    0     0  6778  586  555  3  1 96  1  0
2026-07-23 08:53:20  0  0      0 1068404      0 350144    0    0     0  8472  616  531  3  1 95  1  0
2026-07-23 08:53:25  0  0      0 1038476      0 350200    0    0     0  6784  618  567  3  1 95  1  0
2026-07-23 08:53:30  0  0      0 1001472      0 350264    0    0     0  7625  630  568  3  1 95  1  0
2026-07-23 08:53:35  0  0      0 972384      0 350312    0    0     0  5150  542  491  2  1 96  0  0
2026-07-23 08:53:40  0  0      0 947876      0 350376    0    0     0  6792  574  520  3  1 96  1  0
2026-07-23 08:53:45  0  0      0 916292      0 350420    0    0     0  7644  614  556  3  1 95  1  0
2026-07-23 08:53:50  1  0      0 896120      0 327452    0    0     0  6785  610  523  3  1 95  1  0
2026-07-23 08:53:55  0  0      0 869584      0 327492    0    0     0  5128  531  495  2  1 97  0  0
2026-07-23 08:54:00  0  0      0 850328      0 327560    0    0     0  6784  568  504  3  1 96  1  0
2026-07-23 08:54:05  0  0      0 831540      0 327620    0    0     0  6002  660  581  3  2 89  1  6
2026-07-23 08:54:10  0  0      0 800724      0 327680    0    0     0  6793  632  596  3  1 96  1  0
2026-07-23 08:54:15  0  0      0 740796      0 327740    0    0     0  7632  588  540  3  1 95  1  0
2026-07-23 08:54:20  0  0      0 707260      0 327788    0    0     0  7632  606  540  3  1 96  1  0
2026-07-23 08:54:25  0  0      0 677244      0 327856    0    0     0  5950  527  453  3  1 96  0  0
2026-07-23 08:54:30  0  0      0 649360      0 327912    0    0     0  6796  593  514  3  1 96  1  0
2026-07-23 08:54:35 procs -----------memory---------- ---swap-- -----io---- -system-- ------cpu-----
2026-07-23 08:54:35  r  b   swpd   free   buff  cache   si   so    bi    bo   in   cs us sy id wa st
2026-07-23 08:54:35  0  0      0 627028      0 328000    0    0     0  5957  543  499  3  1 96  0  0
2026-07-23 08:54:40  0  0      0 585140      0 328048    0    0     0  6888  570  495  3  1 96  1  0
2026-07-23 08:54:45  0  0      0 562836      0 328116    0    0     0  6812  586  556  3  1 96  1  0
2026-07-23 08:54:50  0  0      0 529652      0 328172    0    0     0  5957  588  521  3  1 96  1  0
2026-07-23 08:54:55  0  0      0 508140      0 328232    0    0     0  6811  618  566  3  1 96  0  0
2026-07-23 08:55:00  0  0      0 472704      0 328284    0    0     0  5953  561  503  3  1 96  0  0
2026-07-23 08:55:05  0  0      0 439212      0 328332    0    0     0  5953  617  528  3  2 91  0  4
2026-07-23 08:55:10  0  0      0 410376      0 328392    0    0     0  5166  485  454  2  1 97  0  0
2026-07-23 08:55:15  0  0      0 394400      0 328452    0    0     0  6810  586  509  3  1 96  1  0
2026-07-23 08:55:20  0  0      0 357604      0 328512    0    0     0  6810  586  507  3  1 96  1  0
2026-07-23 08:55:25  0  0      0 334620      0 328592    0    0     0  6822  542  480  3  1 96  1  0
2026-07-23 08:55:30  1  0      0 303728      0 328656    0    0     0  5970  558  523  3  1 96  0  0
2026-07-23 08:55:35  0  0      0 259624      0 328720    0    0     0  7662  606  511  3  1 95  1  0
2026-07-23 08:55:40  0  0      0 233452      0 328788    0    0     0  7729  630  557  3  1 95  1  0
2026-07-23 08:55:45  0  0      0 205760      0 328828    0    0     0  6818  606  576  3  1 96  1  0
2026-07-23 08:55:50  0  0      0 182500      0 328892    0    0     0  6810  587  532  3  1 95  1  0
2026-07-23 08:55:55  0  0      0 146068      0 328956    0    0     0  5963  541  511  2  1 96  0  0
2026-07-23 08:56:00  0  0      0  94492      0 337208    0    0     0  6810  607  518  3  1 94  0  1
2026-07-23 08:56:05  0  0      0  96680      0 313156    0    0   109  5958  640  580  3  2 90  0  5
2026-07-23 08:56:10  0  0      0  96180      0 278784    0    0   408  5182  579  483  2  1 96  0  0
2026-07-23 08:56:15  0  0      0  97832      0 255568    0    0   845  6851  651  551  3  2 95  1  0
2026-07-23 08:56:20 procs -----------memory---------- ---swap-- -----io---- -system-- ------cpu-----
2026-07-23 08:56:20  r  b   swpd   free   buff  cache   si   so    bi    bo   in   cs us sy id wa st
2026-07-23 08:56:20  0  0      0  91520      0 224960    0    0  4726  8592  875  779  3  2 93  2  0
2026-07-23 08:56:26  3  7      0  84460      0 226868    0    0 161080   908 2166 1309  1 18  8 73  0
2026-07-23 08:56:43  0 10      0  86444      0 221872    0    0 315116    22 2615 1567  0 22  1 76  0
2026-07-23 08:56:58  0 16      0  86324      0 222536    0    0 492014    38 8850 5529  0 31  0 69  0
2026-07-23 08:57:27  2 20      0  85728      0 223028    0    0 557346    16 4577 3009  0 27  0 67  5
2026-07-23 08:57:43  0 16      0  89164      0 220940    0    0 593784    26 10770 6918  0 30  0 70  0
2026-07-23 08:57:57  2 11      0  85104      0 225996    0    0 354617    19 6532 4377  0 23  1 76  0
2026-07-23 08:58:02  9  3      0  85856      0 223032    0    0 150342     6 4081 2714  0 20  1 75  4
2026-07-23 08:58:08  0  6      0  85152      0 223724    0    0 144525   886 2080 1428  0 18  1 80  1
2026-07-23 08:58:37  0 12      0  85068      0 223548    0    0 446894    48 2523 1642  0 20  0 80  0
2026-07-23 09:00:09  3 17      0  85952      0 219860    0    0 2070251    36 19816 11630  0 40  0 59  0
2026-07-23 09:00:31  2 17      0  88560      0 217900    0    0 1138115    25 38456 21578  0 48  0 48  3
2026-07-23 09:01:10  0 19      0  84568      0 220444    0    0 1020259    29 18646 10747  0 46  0 53  0
2026-07-23 09:01:15  0  0      0 3077632      0 351840    0    0 31767  6820 6486 4268  3 36 24 28  9
2026-07-23 09:01:20  0  0      0 3036960      0 364620    0    0  1350  5987  625  527  3  1 96  1  0
2026-07-23 09:01:25  0  0      0 3007160      0 366796    0    0     0  7664  696  583  3  1 95  1  0
2026-07-23 09:01:30  0  0      0 3013616      0 367428    0    0   115  8505  744  642  4  1 94  1  0
2026-07-23 09:01:35  0  0      0 2957016      0 367484    0    0     0  6804  587  498  3  1 96  0  0
2026-07-23 09:01:40  0  0      0 2919792      0 367532    0    0     0  7640  646  536  3  1 95  1  0
2026-07-23 09:01:45  0  0      0 2889408      0 367612    0    0     4  6090  576  521  3  1 96  0  0
2026-07-23 09:01:50  0  0      0 2841536      0 367696    0    0     2  7677  665  558  3  1 95  1  0
2026-07-23 09:01:55 procs -----------memory---------- ---swap-- -----io---- -system-- ------cpu-----
2026-07-23 09:01:55  r  b   swpd   free   buff  cache   si   so    bi    bo   in   cs us sy id wa st
2026-07-23 09:01:55  0  1      0 2800104      0 367756    0    0     0  9404  676  574  4  1 95  1  0
2026-07-23 09:02:00  0  0      0 2759680      0 367820    0    0     0  6798  640  589  3  1 95  0  1
2026-07-23 09:02:05  0  0      0 2734076      0 367868    0    0     0  5948  650  560  3  2 92  0  3
2026-07-23 09:02:10  0  0      0 2689464      0 367932    0    0     0  7646  649  593  3  1 95  1  0
2026-07-23 09:02:15  0  0      0 2636004      0 367988    0    0     0  8571  661  563  3  1 95  1  0
2026-07-23 09:02:20  0  0      0 2604760      0 368060    0    0     3  6797  631  579  3  1 96  1  0
2026-07-23 09:02:25  0  0      0 2548944      0 368108    0    0     0  7712  667  592  3  1 95  0  0
2026-07-23 09:02:30  0  0      0 2515604      0 368192    0    0     0  5959  573  552  2  1 96  0  0
2026-07-23 09:02:35  0  0      0 2482312      0 368264    0    0     0  9386  706  602  4  1 95  1  0
2026-07-23 09:02:40  1  0      0 2420816      0 368336    0    0     0 10204  710  677  4  1 94  1  0
2026-07-23 09:02:45  0  0      0 2374392      0 368408    0    0     0  8579  679  618  3  1 95  1  0
2026-07-23 09:02:50  0  0      0 2353040      0 375180    0    0     2  5954  547  462  3  1 96  0  0
2026-07-23 09:02:55  0  0      0 2308196      0 375244    0    0     0  7654  650  591  3  1 95  1  0
2026-07-23 09:03:00  0  0      0 2283176      0 375296    0    0     0  7660  668  605  3  1 95  1  0
2026-07-23 09:03:05  0  0      0 2223432      0 375364    0    0     0  6804  740  634  3  2 89  0  5
2026-07-23 09:03:10  0  0      0 2200256      0 376312    0    0   174  7670  601  524  3  1 95  1  0
2026-07-23 09:03:15  0  0      0 2177348      0 376372    0    0     0  6040  563  549  2  1 96  0  0
2026-07-23 09:03:20  0  0      0 2114848      0 376440    0    0     0  7665  638  607  3  1 95  1  0
2026-07-23 09:03:25  1  0      0 2052608      0 376508    0    0     0  9363  631  547  4  1 95  1  0
2026-07-23 09:03:30  0  0      0 2036204      0 376576    0    0     0  7667  628  615  3  1 95  1  0
2026-07-23 09:03:35  0  0      0 1999672      0 376628    0    0     0  5964  519  461  3  1 96  0  0
2026-07-23 09:03:40 procs -----------memory---------- ---swap-- -----io---- -system-- ------cpu-----
2026-07-23 09:03:40  r  b   swpd   free   buff  cache   si   so    bi    bo   in   cs us sy id wa st
2026-07-23 09:03:40  0  0      0 1956320      0 376688    0    0     0  7665  626  562  3  1 95  1  0
2026-07-23 09:03:45  0  0      0 1914320      0 376748    0    0     0  7737  630  557  3  1 95  1  0
2026-07-23 09:03:50  0  0      0 1864284      0 376808    0    0     0  6812  621  573  3  1 95  1  0
2026-07-23 09:03:55  0  0      0 1823304      0 376888    0    0     0  7680  621  548  3  1 95  1  0
2026-07-23 09:04:00  0  0      0 1808080      0 376956    0    0     0  5976  572  566  3  1 96  0  0
2026-07-23 09:04:05  0  0      0 1766432      0 377020    0    0     0  7673  705  631  3  2 92  1  3
2026-07-23 09:04:10  1  0      0 1723332      0 377080    0    0     0  9372  681  616  4  1 94  1  0
2026-07-23 09:04:15  0  0      0 1687128      0 377144    0    0     0  6890  622  588  3  1 95  1  0
2026-07-23 09:04:20  0  0      0 1657840      0 377192    0    0     0  5964  534  505  2  1 97  0  0
2026-07-23 09:04:25  0  0      0 1610400      0 377256    0    0     0  7668  657  608  3  1 95  1  0
2026-07-23 09:04:30  0  0      0 1576820      0 362452    0    0     0  7671  637  565  3  1 95  1  0
2026-07-23 09:04:35  0  0      0 1541520      0 362512    0    0     0  6819  593  559  3  1 96  1  0
2026-07-23 09:04:40  0  0      0 1512260      0 362600    0    0     0  7692  631  562  3  1 95  1  0
2026-07-23 09:04:45  0  0      0 1488380      0 362664    0    0     0  5971  577  547  3  1 96  1  0
2026-07-23 09:04:50  0  0      0 1455864      0 362724    0    0     0  7751  660  607  3  1 95  1  0
2026-07-23 09:04:55  1  0      0 1413576      0 362776    0    0     0  9385  688  615  4  1 95  1  0
2026-07-23 09:05:00  0  0      0 1388472      0 362848    0    0     0  6827  626  570  3  1 95  0  0
2026-07-23 09:05:05  0  0      0 1357092      0 362900    0    0     0  5970  677  612  3  2 90  1  5
2026-07-23 09:05:10  0  0      0 1319544      0 362964    0    0     0  7675  631  589  3  1 95  1  0
2026-07-23 09:05:15  0  0      0 1257956      0 363016    0    0     0  7676  636  593  3  1 95  1  0
2026-07-23 09:05:20  0  0      0 1217584      0 363084    0    0     0  6901  614  573  3  1 96  1  0
2026-07-23 09:05:25 procs -----------memory---------- ---swap-- -----io---- -system-- ------cpu-----
2026-07-23 09:05:25  r  b   swpd   free   buff  cache   si   so    bi    bo   in   cs us sy id wa st
2026-07-23 09:05:25  1  0      0 1164208      0 363132    0    0     0  7694  649  573  3  1 95  1  0
2026-07-23 09:05:30  0  0      0 1146072      0 363240    0    0     0  6833  582  527  3  1 96  1  0
2026-07-23 09:05:35  0  0      0 1095988      0 363300    0    0     0  7684  651  592  3  1 95  1  0
2026-07-23 09:05:40  1  0      0 1058120      0 363364    0    0     0 10246  723  662  4  1 94  1  0
2026-07-23 09:05:45  0  0      0 1035340      0 363428    0    0     0  6829  589  530  3  1 96  1  0
2026-07-23 09:05:50  0  0      0 986636      0 363480    0    0     0  6051  555  512  3  1 96  0  0
2026-07-23 09:05:55  0  0      0 945448      0 363544    0    0     0  8536  683  628  3  1 95  1  0
2026-07-23 09:06:00  0  0      0 909380      0 363608    0    0     0  7694  656  612  3  1 95  1  0
2026-07-23 09:06:05  0  0      0 869700      0 363660    0    0     0  5133  572  487  3  2 84  1 11
2026-07-23 09:06:10  0  0      0 820716      0 363756    0    0     0  8556  630  568  3  1 95  1  0
2026-07-23 09:06:15  0  0      0 770340      0 363820    0    0     0  6840  592  537  3  1 96  1  0
2026-07-23 09:06:20  0  0      0 718680      0 363880    0    0     0  7765  658  614  3  1 95  1  0
2026-07-23 09:06:25  0  0      0 687048      0 363940    0    0     0  8544  658  593  3  1 95  1  0
2026-07-23 09:06:30  0  0      0 652792      0 363996    0    0     0  6836  594  572  3  1 96  1  0
2026-07-23 09:06:35  0  0      0 625064      0 372248    0    0     0  5984  542  479  3  1 96  0  0
2026-07-23 09:06:40  0  0      0 598184      0 372312    0    0     0  7692  654  618  3  1 95  1  0
2026-07-23 09:06:45  0  0      0 520644      0 372368    0    0     0  7690  625  544  3  1 95  1  0
2026-07-23 09:06:50  1  0      0 478432      0 372472    0    0    15  6922  643  601  3  1 96  1  0
2026-07-23 09:06:55  0  0      0 463972      0 372516    0    0     0  7709  681  611  3  1 95  1  0
2026-07-23 09:07:00  0  0      0 436932      0 372604    0    0     0  5996  577  547  3  1 95  0  1
2026-07-23 09:07:05  0  0      0 411436      0 372664    0    0     0  7697  722  668  3  1 91  1  4
2026-07-23 09:07:10 procs -----------memory---------- ---swap-- -----io---- -system-- ------cpu-----
2026-07-23 09:07:10  r  b   swpd   free   buff  cache   si   so    bi    bo   in   cs us sy id wa st
2026-07-23 09:07:10  0  0      0 381664      0 372724    0    0     0  8552  658  584  3  1 95  1  0
2026-07-23 09:07:15  0  0      0 344824      0 372788    0    0     0  6842  569  529  3  1 96  1  0
2026-07-23 09:07:20  0  0      0 309560      0 372836    0    0     0  6058  566  529  3  1 96  1  0
2026-07-23 09:07:25  0  0      0 268712      0 372904    0    0     0  8563  645  568  3  1 95  1  0
2026-07-23 09:07:30  0  0      0 241568      0 372960    0    0     0  7739  647  597  3  1 95  1  0
2026-07-23 09:07:35  0  0      0 212476      0 373048    0    0     0  6862  594  537  3  1 95  1  0
2026-07-23 09:07:40  0  0      0 168948      0 373100    0    0     0  7715  641  569  3  1 95  1  0
2026-07-23 09:07:45  0  0      0 136200      0 373176    0    0     0  6847  590  590  3  1 95  1  0
2026-07-23 09:07:50  0  0      0  96200      0 356352    0    0     0  9416  702  662  4  1 94  1  0
2026-07-23 09:07:55  0  0      0  93900      0 316740    0    0    22  8560  689  606  3  1 94  1  0
2026-07-23 09:08:00  0  0      0  94604      0 282000    0    0  2054  6972  754  643  3  1 95  0  0
2026-07-23 09:08:05  0  0      0  95496      0 262316    0    0  4756  5154  778  686  3  2 89  2  5
2026-07-23 09:08:10  0  0      0  92220      0 227328    0    0  9015  7772  876  773  3  2 94  2  0
2026-07-23 09:08:16  4  8      0  84556      0 225636    0    0 163070  2677 2250 1346  1 12 29 58  0
2026-07-23 09:08:22  3  8      0  89088      0 225552    0    0 152921    16 2197 1574  1 14  0 85  0
2026-07-23 09:08:27  0 12      0  90888      0 223888    0    0 130576   878 2400 1829  1 12  3 85  0
2026-07-23 09:08:37  2 10      0  87620      0 225608    0    0 234691    51 2549 1832  1 15  2 83  0
2026-07-23 09:08:51  1  9      0  94888      0 217992    0    0 271269    14 3863 2634  0 17  1 82  0
2026-07-23 09:08:58  1  8      0  85140      0 219760    0    0 265052   861 5123 2877  0 29  1 70  0
2026-07-23 09:09:03  3  4      0  85044      0 220388    0    0 139976    33 2230 1215  0 28  2 61  9
2026-07-23 09:09:14  0  6      0  84748      0 220720    0    0 272901     0 2186 1150  0 27  2 71  0
2026-07-23 09:09:21 procs -----------memory---------- ---swap-- -----io---- -system-- ------cpu-----
2026-07-23 09:09:23  r  b   swpd   free   buff  cache   si   so    bi    bo   in   cs us sy id wa st
2026-07-23 09:09:25  0  8      0  85024      0 219752    0    0 287542    13 5515 3177  0 26  2 71  0
2026-07-23 09:09:35 12  0      0  84868      0 220100    0    0 263503    34 5146 3010  0 35  0 64  0
2026-07-23 09:09:40  3  0      0 3138788      0 307516    0    0 10513  7725  927  812  3  5 90  2  0
2026-07-23 09:09:45  0  0      0 3092288      0 315428    0    0    69 10322  742  669  4  1 94  1  0
2026-07-23 09:09:50  0  0      0 3040456      0 315496    0    0     0  9424  670  569  4  1 95  1  0
2026-07-23 09:09:55  2  0      0 2984748      0 315564    0    0     0  8618  664  567  4  1 95  1  0
2026-07-23 09:10:00  0  0      0 2930448      0 322324    0    0     0 10283  714  614  4  1 93  1  1
2026-07-23 09:10:05  0  0      0 2860000      0 323520    0    0   253  9425  814  707  4  3 87  1  6
2026-07-23 09:10:10  1  0      0 2794376      0 323588    0    0     4  9442  704  657  4  1 94  1  0
2026-07-23 09:10:15  0  0      0 2728132      0 323640    0    0     0 10306  690  615  4  1 94  1  0
2026-07-23 09:10:20  0  0      0 2666360      0 323748    0    0     0  8589  670  639  4  1 95  1  0
2026-07-23 09:10:25  0  0      0 2603476      0 324380    0    0   112  9506  707  632  4  1 94  1  0
2026-07-23 09:10:30  0  0      0 2557704      0 324452    0    0     0 10306  725  634  4  1 94  1  0
2026-07-23 09:10:35  0  0      0 2493836      0 324496    0    0     2  9443  724  692  4  2 94  1  0
2026-07-23 09:10:40  1  0      0 2447976      0 324576    0    0     0  8586  709  661  4  1 95  1  0
2026-07-23 09:10:45  0  0      0 2388420      0 324640    0    0     0 10294  720  631  4  1 94  1  0
2026-07-23 09:10:50  0  0      0 2334272      0 324748    0    0     0 10315  750  702  4  1 94  1  0
2026-07-23 09:10:55  1  0      0 2276308      0 324816    0    0     0  9516  758  707  4  2 94  1  0
2026-07-23 09:11:00  0  0      0 2216052      0 324876    0    0     0 10318  721  628  4  1 94  1  0
2026-07-23 09:11:05  0  0      0 2162740      0 324960    0    0     0  7726  723  659  3  2 89  1  6
2026-07-23 09:11:10  2  0      0 2104016      0 325024    0    0     0  9442  740  680  4  1 94  1  0
2026-07-23 09:11:15 procs -----------memory---------- ---swap-- -----io---- -system-- ------cpu-----
2026-07-23 09:11:15  r  b   swpd   free   buff  cache   si   so    bi    bo   in   cs us sy id wa st
2026-07-23 09:11:15  0  0      0 2040580      0 325092    0    0     0 10311  724  647  4  1 94  1  0
2026-07-23 09:11:20  0  0      0 1973568      0 325168    0    0     0  9448  747  698  4  1 94  1  0
2026-07-23 09:11:25  1  0      0 1906620      0 310364    0    0     0 10292  715  638  4  1 94  1  0
2026-07-23 09:11:30  0  0      0 1863352      0 310428    0    0     0  9569  734  680  4  1 94  1  0
2026-07-23 09:11:35  0  0      0 1812996      0 310500    0    0     0  9451  710  641  4  1 95  1  0
2026-07-23 09:11:40  1  0      0 1781692      0 310568    0    0     0  9455  734  666  4  1 95  1  0
2026-07-23 09:11:45  2  0      0 1699884      0 310628    0    0     0 10320  719  671  4  1 94  1  0
2026-07-23 09:11:50  0  0      0 1642832      0 310688    0    0     0  8592  651  569  4  1 95  1  0
2026-07-23 09:11:55  0  1      0 1590700      0 310772    0    0     0 10319  726  663  4  1 94  1  0
2026-07-23 09:12:00  0  0      0 1536388      0 310864    0    0     0  9554  733  667  4  1 94  1  0
2026-07-23 09:12:05  0  0      0 1479156      0 322004    0    0  2255  7740  882  794  4  3 79  2 12
2026-07-23 09:12:10  0  0      0 1419328      0 322068    0    0     3  8600  657  586  3  1 95  1  0
2026-07-23 09:12:15  0  0      0 1319112      0 322136    0    0     0 12050  776  673  4  1 93  1  0
2026-07-23 09:12:20  0  0      0 1249164      0 322212    0    0     0 11180  791  714  4  2 94  1  0
2026-07-23 09:12:25  1  0      0 1191768      0 322276    0    0     0 11182  783  679  4  1 94  1  0
2026-07-23 09:12:30  0  0      0 1138776      0 322380    0    0     0 11290  772  709  4  1 94  1  0
2026-07-23 09:12:35  0  0      0 1062304      0 323176    0    0   150 12064  820  748  4  1 93  1  0
2026-07-23 09:12:40  1  0      0 980180      0 323248    0    0     0 12054  818  730  4  2 93  1  0
2026-07-23 09:12:45  0  0      0 912372      0 323328    0    0     0 12063  819  747  4  1 93  1  0
2026-07-23 09:12:50  0  0      0 845752      0 323396    0    0     0 10330  742  668  4  1 94  1  0
2026-07-23 09:12:55  1  0      0 757884      0 323464    0    0     0 10339  771  698  4  1 94  1  0
2026-07-23 09:13:00 procs -----------memory---------- ---swap-- -----io---- -system-- ------cpu-----
2026-07-23 09:13:00  r  b   swpd   free   buff  cache   si   so    bi    bo   in   cs us sy id wa st
2026-07-23 09:13:00  0  0      0 697336      0 323564    0    0     0 12200  800  724  4  1 94  1  0
2026-07-23 09:13:05  0  0      0 622596      0 323644    0    0     0 12066  956  794  5  2 86  1  6
2026-07-23 09:13:10  1  0      0 541208      0 323724    0    0     0 12062  840  771  4  2 93  1  0
2026-07-23 09:13:15  0  0      0 452352      0 332844    0    0   174 11218  740  706  4  1 94  1  0
2026-07-23 09:13:20  0  0      0 385032      0 332924    0    0     0 11201  804  756  4  1 94  1  0
2026-07-23 09:13:25  1  0      0 309716      0 333032    0    0     0 12091  830  732  5  2 93  1  0
2026-07-23 09:13:30  0  0      0 230616      0 333112    0    0     0 13041  838  768  5  2 93  1  0
2026-07-23 09:13:35  0  0      0 153700      0 333180    0    0     0 10353  725  643  4  1 94  1  0
2026-07-23 09:13:40  1  0      0 105292      0 300888    0    0  1172 11219  830  742  4  2 93  1  0
2026-07-23 09:13:45  0  0      0  94084      0 229536    0    0   778 12188  965  818  4  2 93  1  0
2026-07-23 09:13:54  0 11      0  91316      0 219172    0    0 216826  2638 2558 1689  1 14 22 63  0
2026-07-23 09:14:00  7  8      0  85548      0 227604    0    0 165291    45 3391 2443  0 17  0 82  0
2026-07-23 09:14:07  2  6      0  85160      0 228008    0    0 173980    15 2992 2030  0 17  1 74  8
2026-07-23 09:14:15  0  5      0  88296      0 221292    0    0 213574   874 2342 1641  0 15  2 82  0
2026-07-23 09:14:29  2  9      0  87284      0 223340    0    0 341954    34 3666 2253  0 18  1 80  0
2026-07-23 09:14:39  0 15      0  89256      0 220948    0    0 263926    39 4863 2885  0 26  1 73  0
2026-07-23 09:15:04  6 10      0  86472      0 223396    0    0 595216    30 7771 4584  0 32  1 68  0
2026-07-23 09:15:17  0 13      0  88696      0 221896    0    0 352196    14 5370 3211  0 24  1 67  7
2026-07-23 09:15:36  1 10      0  90224      0 220472    0    0 501201    19 6636 4095  0 24  1 75  0
2026-07-23 09:15:56  0 15      0  87940      0 222820    0    0 502338    14 7238 4406  0 29  1 70  0
2026-07-23 09:16:11  5  9      0  86864      0 223268    0    0 394218    15 7149 4233  0 30  0 66  3
2026-07-23 09:16:18 procs -----------memory---------- ---swap-- -----io---- -system-- ------cpu-----
2026-07-23 09:16:21  r  b   swpd   free   buff  cache   si   so    bi    bo   in   cs us sy id wa st
2026-07-23 09:16:42  2 14      0  86904      0 223912    0    0 787229    29 7451 4745  0 29  0 70  0
2026-07-23 09:17:03  2 10      0  86540      0 223136    0    0 511947    26 11296 6950  0 29  0 70  0
2026-07-23 09:17:11  0 14      0  84908      0 226028    0    0 255148    29 7420 4397  0 27  1 68  4
2026-07-23 09:17:21  2  9      0  91336      0 219276    0    0 268838    16 2386 1678  0 19  0 80  0
2026-07-23 09:17:29  2 13      0  84472      0 226064    0    0 207861    10 4625 3172  0 20  0 80  0
2026-07-23 09:17:55  0 14      0  88168      0 221300    0    0 229629    24 2704 2446  0 10  1 89  0
2026-07-23 09:17:59  0  4      0 3350216      0 227052    0    0 64642     9 4128 3949  0  8  0 92  0
2026-07-23 09:18:04  0  0      0 3197744      0 291380    0    0 13127    78  872  914  2  3 70 18  7
2026-07-23 09:18:09  0  0      0 3185692      0 291420    0    0     0     0  309  393  1  0 99  0  0
2026-07-23 09:18:14  0  0      0 3184712      0 292332    0    0   174     1  356  427  1  0 99  0  0
2026-07-23 09:18:19  0  0      0 3184544      0 292404    0    0     7     0  382  448  1  0 99  0  0
2026-07-23 09:18:24  0  0      0 3184404      0 292440    0    0     0     0  368  443  1  0 99  0  0
2026-07-23 09:18:29  0  0      0 3184320      0 292468    0    0     0     0  279  339  0  0 99  0  0
2026-07-23 09:18:34  0  0      0 3177900      0 292708    0    0    44    58  381  455  1  0 99  0  0
2026-07-23 09:18:39  0  0      0 3177760      0 292748    0    0     0     4  373  451  1  0 99  0  0
2026-07-23 09:18:44  0  0      0 3172700      0 292784    0    0     0     0  370  444  0  0 99  0  0
2026-07-23 09:18:49  0  0      0 3172448      0 292808    0    0     0     1  346  399  1  1 99  0  0
2026-07-23 09:18:54  0  0      0 3172700      0 292848    0    0     0     0  305  387  0  0 99  0  0
2026-07-23 09:18:59  0  0      0 3172644      0 292884    0    0     0     0  370  449  1  0 99  0  0
2026-07-23 09:19:04  0  0      0 3170552      0 292820    0    0     0    60  439  499  1  1 96  0  2
2026-07-23 09:19:09  0  0      0 3170468      0 292868    0    0     0     0  366  430  1  0 99  0  0
2026-07-23 09:19:14 procs -----------memory---------- ---swap-- -----io---- -system-- ------cpu-----
2026-07-23 09:19:14  r  b   swpd   free   buff  cache   si   so    bi    bo   in   cs us sy id wa st
2026-07-23 09:19:14  1  0      0 3168364      0 292896    0    0     0     0  277  335  0  0 99  0  0
2026-07-23 09:19:19  0  0      0 3168308      0 292932    0    0     0     1  379  448  1  0 99  0  0
2026-07-23 09:19:24  0  0      0 3162580      0 292956    0    0     0     0  377  448  1  0 99  0  0
2026-07-23 09:19:29  0  0      0 3162524      0 292996    0    0     0     0  370  437  1  0 99  0  0
2026-07-23 09:19:34  0  0      0 3157296      0 293032    0    0     0    11  357  408  0  0 99  0  0
2026-07-23 09:19:39  0  0      0 3157212      0 293072    0    0     2    52  317  392  0  0 99  0  0
2026-07-23 09:19:44  1  0      0 3155388      0 293096    0    0     0     0  381  454  1  0 99  0  0
2026-07-23 09:19:49  0  0      0 3155304      0 293132    0    0     0     1  379  446  1  0 99  0  0
2026-07-23 09:19:54  0  0      0 3155276      0 293172    0    0     0     0  377  445  1  0 99  0  0
2026-07-23 09:19:59  0  0      0 3157212      0 293208    0    0     0     0  298  356  0  0 99  0  0
2026-07-23 09:20:04  0  0      0 3151268      0 293428    0    0    38     1  473  531  1  2 91  0  6
2026-07-23 09:20:09  0  0      0 3144520      0 300160    0    0     0    44  371  436  1  0 99  0  0
2026-07-23 09:20:14  0  0      0 3144520      0 300160    0    0     0     0  104  153  0  0 100  0  0
2026-07-23 09:20:19  0  0      0 3144520      0 300160    0    0     0     1  108  154  0  0 100  0  0
2026-07-23 09:20:24  0  0      0 3144520      0 300160    0    0     0     0  104  153  0  0 100  0  0
2026-07-23 09:20:29  0  0      0 3144520      0 300160    0    0     0     0  109  155  0  0 100  0  0
2026-07-23 09:20:34  0  0      0 3141828      0 300168    0    0     0    25  271  214  0  0 100  0  0
2026-07-23 09:20:39  0  0      0 3139780      0 300168    0    0     0     9  121  166  0  0 100  0  0
2026-07-23 09:20:44  0  0      0 3139780      0 300168    0    0     0     0  119  162  0  0 100  0  0
2026-07-23 09:20:49  0  0      0 3133636      0 300168    0    0     0     0  243  161  0  0 100  0  0
2026-07-23 09:20:54  0  0      0 3133636      0 300168    0    0     0     0  104  152  0  0 100  0  0
2026-07-23 09:20:59 procs -----------memory---------- ---swap-- -----io---- -system-- ------cpu-----
2026-07-23 09:20:59  r  b   swpd   free   buff  cache   si   so    bi    bo   in   cs us sy id wa st
2026-07-23 09:20:59  0  0      0 3131588      0 300168    0    0     3     0  111  158  0  0 100  0  0
2026-07-23 09:21:04  0  0      0 3131528      0 300172    0    0     0    13  182  226  0  1 98  0  1
2026-07-23 09:21:09  0  0      0 3131528      0 300172    0    0     0     0  105  153  0  0 100  0  0
2026-07-23 09:21:14  0  0      0 3131528      0 300172    0    0     0     2  110  156  0  0 100  0  0
2026-07-23 09:21:19  0  0      0 3131472      0 300172    0    0     6     0  124  172  0  0 100  0  0
2026-07-23 09:21:24  0  0      0 3131472      0 300172    0    0     0     0  103  153  0  0 100  0  0
2026-07-23 09:21:29  0  0      0 3129424      0 300172    0    0     0     0  105  154  0  0 100  0  0
2026-07-23 09:21:34  0  0      0 3129392      0 300272    0    0    28    23  123  171  0  0 100  0  0
2026-07-23 09:21:39  0  0      0 3127320      0 300312    0    0     0     0  110  157  0  0 100  0  0
2026-07-23 09:21:44  0  0      0 3127320      0 300312    0    0     0     0  104  149  0  0 100  0  0
2026-07-23 09:21:49  0  0      0 3127208      0 300400    0    0    22     0  123  168  0  0 100  0  0
2026-07-23 09:21:54  0  0      0 3127208      0 300400    0    0     0     0  108  155  0  0 100  0  0
2026-07-23 09:21:59  0  0      0 3123744      0 300400    0    0     0     0  108  156  0  0 100  0  0
2026-07-23 09:22:04  0  0      0 3123532      0 300404    0    0     0    12  176  217  0  0 98  0  2
2026-07-23 09:22:09  0  0      0 3120040      0 300428    0    0    12     0  124  166  0  0 100  0  0
2026-07-23 09:22:14  0  0      0 3120040      0 300428    0    0     0     0  105  151  0  0 100  0  0
2026-07-23 09:22:19  0  0      0 3116976      0 300428    0    0     0     1  113  158  0  0 100  0  0
2026-07-23 09:22:24  0  0      0 3116976      0 300428    0    0     0     0  103  150  0  0 100  0  0
2026-07-23 09:22:29  0  0      0 3114928      0 300428    0    0     0     0  106  153  0  0 100  0  0
2026-07-23 09:22:34  0  0      0 3114892      0 300436    0    0     2    13  109  157  0  0 100  0  0
2026-07-23 09:22:39  0  0      0 3114920      0 300436    0    0     0     2  114  160  0  0 100  0  0
2026-07-23 09:22:44 procs -----------memory---------- ---swap-- -----io---- -system-- ------cpu-----
2026-07-23 09:22:44  r  b   swpd   free   buff  cache   si   so    bi    bo   in   cs us sy id wa st
2026-07-23 09:22:44  0  0      0 3114920      0 300436    0    0     0     0  104  150  0  0 100  0  0
2026-07-23 09:22:49  0  0      0 3113008      0 300704    0    0    71     0  238  177  6  0 94  0  0
2026-07-23 09:22:54  0  0      0 3113008      0 300704    0    0     0     0  108  154  0  0 100  0  0
2026-07-23 09:22:59  0  0      0 3111016      0 300704    0    0     0     0  104  155  0  0 100  0  0
2026-07-23 09:23:04  0  0      0 3110864      0 300720    0    0    26    10  286  300  1  1 96  0  2
2026-07-23 09:23:09  0  0      0 3110864      0 300720    0    0     0     0  107  157  0  0 100  0  0
2026-07-23 09:23:14  0  0      0 3110864      0 300720    0    0     0     0  103  152  0  0 100  0  0
2026-07-23 09:23:19  0  0      0 3108816      0 300720    0    0     0     0  105  153  0  0 100  0  0
2026-07-23 09:23:24  0  0      0 3108816      0 300720    0    0     0     0  109  154  0  0 100  0  0
2026-07-23 09:23:29  0  0      0 3106280      0 300720    0    0     0     0  106  154  0  0 100  0  0
2026-07-23 09:23:34  0  0      0 3106280      0 300720    0    0     0    52  108  159  0  0 100  0  0
2026-07-23 09:23:39  0  0      0 3102184      0 300720    0    0     0     2  109  157  0  0 100  0  0
2026-07-23 09:23:44  0  0      0 3102184      0 300720    0    0     0     0  108  154  0  0 100  0  0
2026-07-23 09:23:49  0  0      0 3100108      0 300720    0    0     0     0  105  154  0  0 100  0  0
2026-07-23 09:23:54  0  0      0 3100136      0 300720    0    0     0     0  107  154  0  0 100  0  0
2026-07-23 09:23:59  0  0      0 3100136      0 300720    0    0     0     0  112  157  0  0 100  0  0
2026-07-23 09:24:04  0  0      0 3100152      0 300728    0    0     0    12  190  228  0  1 96  0  3
2026-07-23 09:24:09  0  0      0 3100152      0 300728    0    0     0     0  107  152  0  0 100  0  0
2026-07-23 09:24:14  0  0      0 3098356      0 300728    0    0     0     0  108  155  0  0 100  0  0
2026-07-23 09:24:19  0  0      0 3098356      0 300728    0    0     0     0  104  153  0  0 100  0  0
2026-07-23 09:24:24  0  0      0 3098356      0 300728    0    0     0     0  102  151  0  0 100  0  0
2026-07-23 09:24:29 procs -----------memory---------- ---swap-- -----io---- -system-- ------cpu-----
2026-07-23 09:24:29  r  b   swpd   free   buff  cache   si   so    bi    bo   in   cs us sy id wa st
2026-07-23 09:24:29  0  0      0 3098356      0 300728    0    0     0     0  111  157  0  0 100  0  0
2026-07-23 09:24:34  0  0      0 3098356      0 300728    0    0     0    30  107  157  0  0 100  0  0
2026-07-23 09:24:39  0  0      0 3098356      0 300728    0    0     0     6  113  159  0  0 100  0  0
2026-07-23 09:24:44  0  0      0 3098356      0 300728    0    0     0     0  107  155  0  0 100  0  0
2026-07-23 09:24:49  0  0      0 3098356      0 300728    0    0     0     0  105  152  0  0 100  0  0
2026-07-23 09:24:54  0  0      0 3098356      0 300728    0    0     0     0  108  153  0  0 100  0  0
2026-07-23 09:24:59  0  0      0 3098356      0 300728    0    0     0     0  105  153  0  0 100  0  0
2026-07-23 09:25:04  0  0      0 3098324      0 300728    0    0     0     0  181  221  0  1 96  0  2
2026-07-23 09:25:09  0  0      0 3098400      0 300728    0    0     0    10  113  160  0  0 100  0  0
2026-07-23 09:25:14  0  0      0 3098400      0 300728    0    0     0     0  102  151  0  0 100  0  0
2026-07-23 09:25:19  0  0      0 3098400      0 300728    0    0     0     0  109  155  0  0 100  0  0
2026-07-23 09:25:24  0  0      0 3098400      0 300728    0    0     0     0  103  151  0  0 100  0  0
2026-07-23 09:25:29  0  0      0 3098400      0 300728    0    0     0     0  103  151  0  0 100  0  0
2026-07-23 09:25:34  0  0      0 3097752      0 300728    0    0     0     0  107  153  0  0 100  0  0
2026-07-23 09:25:39  0  0      0 3097752      0 300728    0    0     0     9  107  155  0  0 100  0  0
2026-07-23 09:25:44  0  0      0 3097752      0 300728    0    0     0     0  104  151  0  0 100  0  0
2026-07-23 09:25:49  0  0      0 3097752      0 300728    0    0     0     0  110  155  0  0 100  0  0
2026-07-23 09:25:54  0  0      0 3097780      0 300728    0    0     0     0  108  154  0  0 100  0  0
2026-07-23 09:25:59  0  0      0 3097780      0 300728    0    0     0     0  105  153  0  0 100  0  0
2026-07-23 09:26:04  0  0      0 3097720      0 300760    0    0     0     0  184  223  0  0 98  0  2
2026-07-23 09:26:09  0  0      0 3097720      0 300760    0    0     0     4  113  160  0  0 100  0  0
2026-07-23 09:26:14 procs -----------memory---------- ---swap-- -----io---- -system-- ------cpu-----
2026-07-23 09:26:14  r  b   swpd   free   buff  cache   si   so    bi    bo   in   cs us sy id wa st
2026-07-23 09:26:14  0  0      0 3097720      0 300760    0    0     0     0  105  152  0  0 100  0  0
2026-07-23 09:26:19  0  0      0 3097720      0 300760    0    0     0     0  105  153  0  0 100  0  0
2026-07-23 09:26:24  0  0      0 3097720      0 300760    0    0     0     0  108  153  0  0 100  0  0
2026-07-23 09:26:29  0  0      0 3097720      0 300760    0    0     0     0  105  151  0  0 100  0  0
2026-07-23 09:26:34  0  0      0 3097720      0 300760    0    0     0     0  103  151  0  0 100  0  0
2026-07-23 09:26:39  0  0      0 3097720      0 300760    0    0     0     4  114  158  0  0 100  0  0
2026-07-23 09:26:44  0  0      0 3097748      0 300760    0    0     0     0  105  152  0  0 100  0  0
2026-07-23 09:26:49  0  0      0 3097748      0 300760    0    0     0     0  104  150  0  0 100  0  0
2026-07-23 09:26:54  0  0      0 3097748      0 300760    0    0     0     0  112  159  0  0 100  0  0
2026-07-23 09:26:59  0  0      0 3097748      0 300760    0    0     0     0  107  154  0  0 100  0  0
2026-07-23 09:27:04  0  0      0 3097720      0 300776    0    0     0     0  173  213  0  1 97  0  2
2026-07-23 09:27:09  0  0      0 3097720      0 300776    0    0     0     9  109  156  0  0 100  0  0
2026-07-23 09:27:14  0  0      0 3097720      0 300776    0    0     0     0  107  154  0  0 100  0  0
2026-07-23 09:27:19  0  0      0 3097720      0 300776    0    0     0     0  106  152  0  0 100  0  0
2026-07-23 09:27:24  0  0      0 3097720      0 300776    0    0     0     0  103  151  0  0 100  0  0
2026-07-23 09:27:29  0  0      0 3097720      0 300776    0    0     0     0  111  155  0  0 100  0  0
2026-07-23 09:27:34  0  0      0 3097720      0 300776    0    0     0     0  103  151  0  0 100  0  0
2026-07-23 09:27:39  0  0      0 3097720      0 300776    0    0     0    23   91  125  0  0 100  0  0
2026-07-23 09:27:44  0  0      0 3097720      0 300776    0    0     0     0   88  114  0  0 100  0  0
2026-07-23 09:27:49  0  0      0 3097720      0 300776    0    0     0     0   85  113  0  0 100  0  0
2026-07-23 09:27:54  0  0      0 3097720      0 300776    0    0     0     0   88  114  0  0 100  0  0
2026-07-23 09:27:59 procs -----------memory---------- ---swap-- -----io---- -system-- ------cpu-----
2026-07-23 09:27:59  r  b   swpd   free   buff  cache   si   so    bi    bo   in   cs us sy id wa st
2026-07-23 09:27:59  0  0      0 3097720      0 300776    0    0     0     0   90  117  0  0 100  0  0
2026-07-23 09:28:04  0  0      0 3097548      0 300792    0    0     5     0  298  255  1  2 91  0  6
2026-07-23 09:28:09  0  0      0 3097548      0 300792    0    0     0     9   88  119  0  0 100  0  0
2026-07-23 09:28:14  0  0      0 3097548      0 300792    0    0     0     0   84  112  0  0 100  0  0
2026-07-23 09:28:19  0  0      0 3097548      0 300792    0    0     0     0   91  118  0  0 100  0  0
2026-07-23 09:28:24  0  0      0 3097548      0 300792    0    0     0     0   84  111  0  0 100  0  0
2026-07-23 09:28:29  0  0      0 3097548      0 300792    0    0     0     0   88  113  0  0 100  0  0
2026-07-23 09:28:34  0  0      0 3097624      0 300792    0    0     0     0   92  118  0  0 100  0  0
2026-07-23 09:28:39  0  0      0 3097624      0 300792    0    0     0    41  105  147  0  0 100  0  0
2026-07-23 09:28:44  0  0      0 3097624      0 300792    0    0     0     0  104  150  0  0 100  0  0
2026-07-23 09:28:49  0  0      0 3097624      0 300792    0    0     0     0  111  155  0  0 100  0  0
2026-07-23 09:28:54  0  0      0 3097624      0 300792    0    0     0     0  104  150  0  0 100  0  0
2026-07-23 09:28:59  0  0      0 3097624      0 300792    0    0     0     0  107  154  0  0 100  0  0
2026-07-23 09:29:04  0  0      0 3097472      0 300792    0    0     0     0  184  226  0  1 97  0  2
2026-07-23 09:29:09  0  0      0 3097580      0 300792    0    0     0    14  110  156  0  0 100  0  0
2026-07-23 09:29:14  0  0      0 3097580      0 300792    0    0     0     0  103  151  0  0 100  0  0
2026-07-23 09:29:19  0  0      0 3097580      0 300792    0    0     0     0  109  156  0  0 100  0  0
2026-07-23 09:29:24  0  0      0 3097608      0 300792    0    0     0     0  104  151  0  0 100  0  0
2026-07-23 09:29:29  0  0      0 3097608      0 300792    0    0     0     0  105  150  0  0 100  0  0
2026-07-23 09:29:34  0  0      0 3097608      0 300792    0    0     0     0  102  149  0  0 100  0  0
2026-07-23 09:29:39  0  0      0 3097608      0 300792    0    0     0     4  113  159  0  0 100  0  0
2026-07-23 09:29:44 procs -----------memory---------- ---swap-- -----io---- -system-- ------cpu-----
2026-07-23 09:29:44  r  b   swpd   free   buff  cache   si   so    bi    bo   in   cs us sy id wa st
2026-07-23 09:29:44  0  0      0 3097608      0 300792    0    0     0     0  104  151  0  0 100  0  0
2026-07-23 09:29:49  0  0      0 3097608      0 300792    0    0     0     0  105  152  0  0 100  0  0
2026-07-23 09:29:54  0  0      0 3097608      0 300792    0    0     0     0  113  158  0  0 100  0  0
2026-07-23 09:29:59  0  0      0 3097608      0 300792    0    0     0     0  106  153  0  0 100  0  0
2026-07-23 09:30:04  0  0      0 3097452      0 300796    0    0     0     0  184  232  0  1 92  0  6
2026-07-23 09:30:09  0  0      0 3097536      0 300800    0    0     0    11  114  162  0  0 100  0  0
2026-07-23 09:30:14  0  0      0 3097536      0 300800    0    0     0     0  103  150  0  0 100  0  0
2026-07-23 09:30:19  0  0      0 3097536      0 300800    0    0     0     0  110  154  0  0 100  0  0
2026-07-23 09:30:24  0  0      0 3097536      0 300800    0    0     0     0  110  153  0  0 100  0  0
2026-07-23 09:30:29  0  0      0 3097536      0 300800    0    0     0     0  110  153  0  0 100  0  0
2026-07-23 09:30:34  0  0      0 3097536      0 300800    0    0     0     0  105  150  0  0 100  0  0
2026-07-23 09:30:39  0  0      0 3097536      0 300800    0    0     0    42  102  137  0  0 100  0  0
2026-07-23 09:30:44  0  0      0 3097536      0 300800    0    0     0     0   90  114  0  0 100  0  0
2026-07-23 09:30:49  0  0      0 3097536      0 300800    0    0     0     0   87  113  0  0 100  0  0
2026-07-23 09:30:54  0  0      0 3097536      0 300800    0    0     0     0   84  111  0  0 100  0  0
2026-07-23 09:30:59  0  0      0 3097536      0 300800    0    0     0     0   91  116  0  0 100  0  0
2026-07-23 09:31:04  0  0      0 3097536      0 300800    0    0     0     0  154  176  0  1 97  0  1
2026-07-23 09:31:09  0  0      0 3097536      0 300800    0    0     0     5   88  115  0  0 100  0  0
2026-07-23 09:31:14  2  0      0 3097536      0 300800    0    0     0     0   88  114  0  0 100  0  0
2026-07-23 09:31:19  0  0      0 3097536      0 300800    0    0     0     0   87  114  0  0 100  0  0
2026-07-23 09:31:24  0  0      0 3097536      0 300800    0    0     0     0   85  112  0  0 100  0  0
2026-07-23 09:31:29 procs -----------memory---------- ---swap-- -----io---- -system-- ------cpu-----
2026-07-23 09:31:29  r  b   swpd   free   buff  cache   si   so    bi    bo   in   cs us sy id wa st
2026-07-23 09:31:29  0  0      0 3097536      0 300800    0    0     0     0   89  115  0  0 100  0  0
2026-07-23 09:31:34  0  0      0 3097536      0 300800    0    0     0     0   84  112  0  0 100  0  0
2026-07-23 09:31:39  0  0      0 3097536      0 300800    0    0     0    16   88  115  0  0 100  0  0
2026-07-23 09:31:44  0  0      0 3097536      0 300800    0    0     0     0   85  111  0  0 100  0  0
2026-07-23 09:31:49  0  0      0 3097536      0 300800    0    0     0     0   91  115  0  0 100  0  0
2026-07-23 09:31:54  0  0      0 3097536      0 300800    0    0     0     0   90  116  0  0 100  0  0
2026-07-23 09:31:59  0  0      0 3097536      0 300800    0    0     0     0   89  113  0  0 100  0  0
2026-07-23 09:32:04  0  0      0 3097592      0 300804    0    0     0     0  158  181  0  1 98  0  1
2026-07-23 09:32:09  0  0      0 3097592      0 300804    0    0     0     5   90  117  0  0 100  0  0
2026-07-23 09:32:14  0  0      0 3097592      0 300804    0    0     0     0   84  111  0  0 100  0  0
2026-07-23 09:32:19  0  0      0 3097592      0 300804    0    0     0     0   92  117  0  0 100  0  0
2026-07-23 09:32:24  0  0      0 3097592      0 300804    0    0     0     0   84  111  0  0 100  0  0
2026-07-23 09:32:29  0  0      0 3097592      0 300804    0    0     0     0   85  112  0  0 100  0  0
2026-07-23 09:32:34  0  0      0 3097592      0 300804    0    0     0     0   88  114  0  0 100  0  0
2026-07-23 09:32:39  0  0      0 3097592      0 300804    0    0     0    16   89  115  0  0 100  0  0
2026-07-23 09:32:44  0  0      0 3097592      0 300804    0    0     0     0   84  112  0  0 100  0  0
2026-07-23 09:32:49  0  0      0 3097592      0 300804    0    0     0     0   85  112  0  0 100  0  0
2026-07-23 09:32:54  0  0      0 3097592      0 300804    0    0     0     0   93  117  0  0 100  0  0
2026-07-23 09:32:59  0  0      0 3097592      0 300804    0    0     0     0   85  113  0  0 100  0  0
2026-07-23 09:33:04  0  0      0 3097564      0 300804    0    0     0     0  145  175  0  1 97  0  1
2026-07-23 09:33:09  0  0      0 3097592      0 300804    0    0     0     5   91  118  0  0 100  0  0
2026-07-23 09:33:14 procs -----------memory---------- ---swap-- -----io---- -system-- ------cpu-----
2026-07-23 09:33:14  r  b   swpd   free   buff  cache   si   so    bi    bo   in   cs us sy id wa st
2026-07-23 09:33:14  0  0      0 3097592      0 300808    0    0     0     0   86  113  0  0 100  0  0
2026-07-23 09:33:19  0  0      0 3097592      0 300808    0    0     0     1   89  115  0  0 100  0  0
2026-07-23 09:33:24  0  0      0 3097592      0 300808    0    0     0     0   91  116  0  0 100  0  0
2026-07-23 09:33:29  0  0      0 3097592      0 300808    0    0     0     0   90  115  0  0 100  0  0
2026-07-23 09:33:34  0  0      0 3097640      0 300808    0    0     0     0   83  111  0  0 100  0  0
2026-07-23 09:33:39  0  0      0 3097640      0 300808    0    0     0    16   98  131  0  0 100  0  0
2026-07-23 09:33:44  0  0      0 3097640      0 300808    0    0     0     0  105  151  0  0 100  0  0
2026-07-23 09:33:49  0  0      0 3097640      0 300808    0    0     0     0  105  152  0  0 100  0  0
2026-07-23 09:33:54  0  0      0 3097668      0 300808    0    0     0     0  194  229  1  0 99  0  0
2026-07-23 09:33:59  0  0      0 3097668      0 300808    0    0     0     2  109  156  0  0 100  0  0
2026-07-23 09:34:04  0  0      0 3097580      0 300808    0    0     0     0  178  220  0  0 98  0  1
2026-07-23 09:34:09  0  0      0 3097580      0 300808    0    0     0    11  111  156  0  0 100  0  0
2026-07-23 09:34:14  0  0      0 3097580      0 300808    0    0     0     0  109  155  0  0 100  0  0
2026-07-23 09:34:19  0  0      0 3097580      0 300808    0    0     0     0  106  153  0  0 100  0  0
2026-07-23 09:34:24  0  0      0 3097580      0 300808    0    0     0     0  104  151  0  0 100  0  0
2026-07-23 09:34:29  0  0      0 3097580      0 300808    0    0     0     0  113  156  0  0 100  0  0
2026-07-23 09:34:34  0  0      0 3097580      0 300808    0    0     0     0  106  150  0  0 100  0  0
2026-07-23 09:34:39  0  0      0 3097580      0 300808    0    0     0    56  106  149  0  0 100  0  0
2026-07-23 09:34:44  0  0      0 3097580      0 300808    0    0     0     0   89  115  0  0 100  0  0
2026-07-23 09:34:49  0  0      0 3097580      0 300808    0    0     0     0   86  114  0  0 100  0  0
2026-07-23 09:34:54  0  0      0 3097580      0 300808    0    0     0     0   83  111  0  0 100  0  0
2026-07-23 09:34:59 procs -----------memory---------- ---swap-- -----io---- -system-- ------cpu-----
2026-07-23 09:34:59  r  b   swpd   free   buff  cache   si   so    bi    bo   in   cs us sy id wa st
2026-07-23 09:34:59  0  0      0 3097580      0 300808    0    0     0     0   90  117  0  0 100  0  0
2026-07-23 09:35:04  0  0      0 3097608      0 300812    0    0     0     0  172  183  0  1 95  0  3
2026-07-23 09:35:09  0  0      0 3097608      0 300812    0    0     0     7   96  122  0  0 100  0  0
2026-07-23 09:35:14  0  0      0 3097608      0 300812    0    0     0     0   84  111  0  0 100  0  0
2026-07-23 09:35:19  0  0      0 3097608      0 300812    0    0     0     0   89  118  0  0 100  0  0
2026-07-23 09:35:24  0  0      0 3097608      0 300812    0    0     0     0   85  111  0  0 100  0  0
2026-07-23 09:35:29  0  0      0 3097608      0 300812    0    0     0     0   86  112  0  0 100  0  0
2026-07-23 09:35:34  0  0      0 3097580      0 300812    0    0     0     0   89  115  0  0 100  0  0
2026-07-23 09:35:39  0  0      0 3097580      0 300812    0    0     0    36   92  117  0  0 100  0  0
2026-07-23 09:35:44  0  0      0 3097580      0 300812    0    0     0     0   87  112  0  0 100  0  0
2026-07-23 09:35:49  0  0      0 3097580      0 300812    0    0     0     0   91  117  0  0 100  0  0
2026-07-23 09:35:54  0  0      0 3097580      0 300812    0    0     0     0   88  114  0  0 100  0  0
2026-07-23 09:35:59  0  0      0 3097580      0 300812    0    0     0     0   86  114  0  0 100  0  0
2026-07-23 09:36:04  0  0      0 3097564      0 300812    0    0     0     0  164  180  0  1 96  0  3
2026-07-23 09:36:09  0  0      0 3097564      0 300812    0    0     0     5   90  116  0  0 100  0  0
2026-07-23 09:36:14  0  0      0 3097564      0 300816    0    0     0     0   85  111  0  0 100  0  0
2026-07-23 09:36:19  0  0      0 3097564      0 300816    0    0     0     1   87  116  0  0 100  0  0
2026-07-23 09:36:24  0  0      0 3097564      0 300816    0    0     0     0   87  114  0  0 100  0  0
2026-07-23 09:36:29  0  0      0 3097564      0 300816    0    0     0     0   86  114  0  0 100  0  0
2026-07-23 09:36:34  0  0      0 3097564      0 300816    0    0     0     0   85  112  0  0 100  0  0
2026-07-23 09:36:39  0  0      0 3097564      0 300816    0    0     0    16   92  122  0  0 100  0  0
2026-07-23 09:36:44 procs -----------memory---------- ---swap-- -----io---- -system-- ------cpu-----
2026-07-23 09:36:44  r  b   swpd   free   buff  cache   si   so    bi    bo   in   cs us sy id wa st
2026-07-23 09:36:44  0  0      0 3097564      0 300816    0    0     0     0  105  150  0  0 100  0  0
2026-07-23 09:36:49  0  0      0 3097564      0 300816    0    0     0     0  105  153  0  0 100  0  0
2026-07-23 09:36:54  0  0      0 3097564      0 300816    0    0     0     0  108  153  0  0 100  0  0
2026-07-23 09:36:59  0  0      0 3097564      0 300816    0    0     0     0  106  153  0  0 100  0  0
2026-07-23 09:37:04  0  0      0 3097624      0 300820    0    0     0     0  175  215  0  1 97  0  2
2026-07-23 09:37:09  0  0      0 3097624      0 300820    0    0     2    10  115  163  0  0 100  0  0
2026-07-23 09:37:14  0  0      0 3097624      0 300820    0    0     0     0  107  152  0  0 100  0  0
2026-07-23 09:37:19  0  0      0 3097624      0 300820    0    0     0     0  106  153  0  0 100  0  0
2026-07-23 09:37:24  0  0      0 3097624      0 300820    0    0     0     0  105  150  0  0 100  0  0
2026-07-23 09:37:29  0  0      0 3097624      0 300820    0    0     0     0  110  155  0  0 100  0  0
2026-07-23 09:37:34  0  0      0 3097624      0 300820    0    0     0     0  104  150  0  0 100  0  0
2026-07-23 09:37:39  0  0      0 3097624      0 300820    0    0     0     0  106  153  0  0 100  0  0
2026-07-23 09:37:44  0  0      0 3097624      0 300820    0    0     0    18   92  118  0  0 100  0  0
2026-07-23 09:37:49  0  0      0 3097624      0 300820    0    0     0     0   86  114  0  0 100  0  0
2026-07-23 09:37:54  0  0      0 3097624      0 300820    0    0     0     0   88  115  0  0 100  0  0
2026-07-23 09:37:59  0  0      0 3097624      0 300820    0    0     0     0   91  117  0  0 100  0  0
2026-07-23 09:38:04  0  0      0 3097624      0 300824    0    0     0     0  163  186  0  1 98  0  1
2026-07-23 09:38:09  0  0      0 3097624      0 300824    0    0     0     5   86  114  0  0 100  0  0
2026-07-23 09:38:14  0  0      0 3097624      0 300824    0    0     0     1   88  116  0  0 100  0  0
2026-07-23 09:38:19  0  0      0 3097624      0 300824    0    0     0     0   86  113  0  0 100  0  0
2026-07-23 09:38:24  0  0      0 3097624      0 300824    0    0     0     0   84  111  0  0 100  0  0
2026-07-23 09:38:29 procs -----------memory---------- ---swap-- -----io---- -system-- ------cpu-----
2026-07-23 09:38:29  r  b   swpd   free   buff  cache   si   so    bi    bo   in   cs us sy id wa st
2026-07-23 09:38:29  0  0      0 3097624      0 300824    0    0     0     0   85  113  0  0 100  0  0
2026-07-23 09:38:34  0  0      0 3097624      0 300824    0    0     0     0   87  114  0  0 100  0  0
2026-07-23 09:38:39  1  0      0 3097624      0 300824    0    0     0     0   87  114  0  0 100  0  0
2026-07-23 09:38:44  0  0      0 3097624      0 300824    0    0     0    18   85  112  0  0 100  0  0
2026-07-23 09:38:49  0  0      0 3097624      0 300824    0    0     0     0   89  115  0  0 100  0  0
2026-07-23 09:38:54  0  0      0 3097624      0 300824    0    0     0     0   87  113  0  0 100  0  0
2026-07-23 09:38:59  0  0      0 3097652      0 300824    0    0     0     0   93  117  0  0 100  0  0
2026-07-23 09:39:04  0  0      0 3097636      0 300824    0    0     0     0  273  261  1  1 94  0  4
20